INFO 2026-05-03 15:31:26,602 autoreload 22860 24620 Watching for file changes with StatReloader
INFO 2026-05-03 16:54:13,005 autoreload 19624 5216 Watching for file changes with StatReloader
INFO 2026-05-03 16:54:26,221 log 19624 9972 "OPTIONS /api/v1/auth/profile/ HTTP/1.1" 200 0
WARNING 2026-05-03 16:54:26,254 log 19624 9972 Unauthorized: /api/v1/auth/profile/
WARNING 2026-05-03 16:54:26,255 log 19624 9972 "GET /api/v1/auth/profile/ HTTP/1.1" 401 172
INFO 2026-05-03 16:55:10,560 log 19624 17184 "OPTIONS /api/v1/auth/login/ HTTP/1.1" 200 0
WARNING 2026-05-03 16:55:11,240 log 19624 17184 Unauthorized: /api/v1/auth/login/
WARNING 2026-05-03 16:55:11,241 log 19624 17184 "POST /api/v1/auth/login/ HTTP/1.1" 401 63
WARNING 2026-05-03 16:55:14,742 log 19624 17184 Unauthorized: /api/v1/auth/login/
WARNING 2026-05-03 16:55:14,743 log 19624 17184 "POST /api/v1/auth/login/ HTTP/1.1" 401 63
INFO 2026-05-03 16:55:22,855 log 19624 17184 "POST /api/v1/auth/login/ HTTP/1.1" 200 505
INFO 2026-05-03 16:55:22,861 log 19624 17184 "OPTIONS /api/v1/auth/profile/ HTTP/1.1" 200 0
INFO 2026-05-03 16:55:22,867 log 19624 17184 "GET /api/v1/auth/profile/ HTTP/1.1" 200 219
INFO 2026-05-03 17:01:22,239 log 19624 2128 "OPTIONS /api/v1/auth/login/ HTTP/1.1" 200 0
INFO 2026-05-03 17:01:23,603 log 19624 2128 "POST /api/v1/auth/login/ HTTP/1.1" 200 505
INFO 2026-05-03 17:01:23,612 log 19624 2128 "GET /api/v1/auth/profile/ HTTP/1.1" 200 219
INFO 2026-05-03 17:01:23,974 log 19624 16904 "GET /admin/ HTTP/1.1" 302 0
INFO 2026-05-03 17:01:23,980 log 19624 16904 "GET /admin/login/?next=/admin/ HTTP/1.1" 302 0
INFO 2026-05-03 17:01:24,278 log 19624 2128 "GET /api/v1/auth/profile/ HTTP/1.1" 200 219
INFO 2026-05-03 17:01:40,431 log 19624 2128 "POST /api/v1/auth/login/ HTTP/1.1" 200 505
INFO 2026-05-03 17:01:40,441 log 19624 2128 "GET /api/v1/auth/profile/ HTTP/1.1" 200 219
INFO 2026-05-03 17:01:40,462 log 19624 16904 "GET /admin/ HTTP/1.1" 302 0
INFO 2026-05-03 17:01:40,468 log 19624 16904 "GET /admin/login/?next=/admin/ HTTP/1.1" 302 0
INFO 2026-05-03 17:01:40,625 log 19624 2128 "GET /api/v1/auth/profile/ HTTP/1.1" 200 219
INFO 2026-05-03 17:04:33,827 log 19624 12512 "GET /api/v1/auth/profile/ HTTP/1.1" 200 219
WARNING 2026-05-03 17:04:51,068 log 19624 12512 Unauthorized: /api/v1/auth/login/
WARNING 2026-05-03 17:04:51,069 log 19624 12512 "POST /api/v1/auth/login/ HTTP/1.1" 401 63
WARNING 2026-05-03 17:05:18,692 log 19624 13612 Not Found: /api/v1/
WARNING 2026-05-03 17:05:18,693 log 19624 13612 "GET /api/v1/ HTTP/1.1" 404 13323
WARNING 2026-05-03 17:05:18,838 log 19624 13612 Not Found: /favicon.ico
WARNING 2026-05-03 17:05:18,840 log 19624 13612 "GET /favicon.ico HTTP/1.1" 404 3760
WARNING 2026-05-03 17:05:54,464 log 19624 12512 Unauthorized: /api/v1/auth/login/
WARNING 2026-05-03 17:05:54,464 log 19624 12512 "POST /api/v1/auth/login/ HTTP/1.1" 401 63
INFO 2026-05-03 17:06:31,781 log 19624 13612 "GET /admin/ HTTP/1.1" 302 0
INFO 2026-05-03 17:06:31,790 log 19624 13612 "GET /admin/login/?next=/admin/ HTTP/1.1" 302 0
INFO 2026-05-03 17:06:44,090 log 19624 13612 "GET /admin HTTP/1.1" 301 0
INFO 2026-05-03 17:06:44,098 log 19624 13612 "GET /admin/ HTTP/1.1" 302 0
INFO 2026-05-03 17:06:44,107 log 19624 13612 "GET /admin/login/?next=/admin/ HTTP/1.1" 302 0
INFO 2026-05-03 17:06:51,325 log 19624 13612 "GET / HTTP/1.1" 301 0
INFO 2026-05-03 17:06:51,330 log 19624 13612 "GET /admin/ HTTP/1.1" 302 0
INFO 2026-05-03 17:06:51,335 log 19624 13612 "GET /admin/login/?next=/admin/ HTTP/1.1" 302 0
INFO 2026-05-03 17:07:02,310 log 19624 15812 "GET /admin/ HTTP/1.1" 302 0
INFO 2026-05-03 17:07:02,320 log 19624 15812 "GET /admin/login/?next=/admin/ HTTP/1.1" 302 0
INFO 2026-05-03 17:07:03,261 log 19624 10876 "GET /api/v1/auth/profile/ HTTP/1.1" 200 219
INFO 2026-05-03 17:07:13,533 log 19624 10876 "POST /api/v1/auth/login/ HTTP/1.1" 200 505
INFO 2026-05-03 17:07:13,546 log 19624 10876 "GET /api/v1/auth/profile/ HTTP/1.1" 200 219
INFO 2026-05-03 17:07:13,574 log 19624 15812 "GET /admin/ HTTP/1.1" 302 0
INFO 2026-05-03 17:07:13,582 log 19624 15812 "GET /admin/login/?next=/admin/ HTTP/1.1" 302 0
INFO 2026-05-03 17:07:13,829 log 19624 10876 "GET /api/v1/auth/profile/ HTTP/1.1" 200 219
WARNING 2026-05-03 17:07:52,023 log 19624 12512 Unauthorized: /api/v1/auth/login/
WARNING 2026-05-03 17:07:52,024 log 19624 12512 "POST /api/v1/auth/login/ HTTP/1.1" 401 63
INFO 2026-05-03 17:09:11,852 log 19624 10876 "GET /api/v1/auth/profile/ HTTP/1.1" 200 219
INFO 2026-05-03 17:09:11,945 log 19624 10876 "GET /api/v1/auth/profile/ HTTP/1.1" 200 219
WARNING 2026-05-03 17:09:34,817 log 19624 10876 Unauthorized: /api/v1/auth/login/
WARNING 2026-05-03 17:09:34,817 log 19624 10876 "POST /api/v1/auth/login/ HTTP/1.1" 401 63
INFO 2026-05-03 17:09:41,184 log 19624 10876 "POST /api/v1/auth/login/ HTTP/1.1" 200 505
INFO 2026-05-03 17:09:41,193 log 19624 10876 "GET /api/v1/auth/profile/ HTTP/1.1" 200 219
INFO 2026-05-03 17:09:41,215 log 19624 15812 "GET /admin/ HTTP/1.1" 302 0
INFO 2026-05-03 17:09:41,222 log 19624 15812 "GET /admin/login/?next=/admin/ HTTP/1.1" 302 0
INFO 2026-05-03 17:09:41,411 log 19624 10876 "GET /api/v1/auth/profile/ HTTP/1.1" 200 219
WARNING 2026-05-03 17:11:09,163 log 19624 15792 Bad Request: /api/v1/auth/login/
WARNING 2026-05-03 17:11:09,164 log 19624 15792 "POST /api/v1/auth/login/ HTTP/1.1" 400 107
WARNING 2026-05-03 17:11:18,496 log 19624 22800 Bad Request: /api/v1/auth/login/
WARNING 2026-05-03 17:11:18,497 log 19624 22800 "POST /api/v1/auth/login/ HTTP/1.1" 400 107
WARNING 2026-05-03 17:11:58,374 log 19624 11680 Bad Request: /api/v1/auth/login/
WARNING 2026-05-03 17:11:58,375 log 19624 11680 "POST /api/v1/auth/login/ HTTP/1.1" 400 81
INFO 2026-05-03 17:17:12,850 log 19624 13304 "POST /api/v1/auth/login/ HTTP/1.1" 200 505
INFO 2026-05-03 17:19:04,809 log 19624 15412 "GET /api/v1/auth/profile/ HTTP/1.1" 200 219
INFO 2026-05-03 17:20:11,514 log 19624 23860 "POST /api/v1/auth/login/ HTTP/1.1" 200 505
INFO 2026-05-03 17:20:11,535 log 19624 23860 "GET /api/v1/auth/profile/ HTTP/1.1" 200 219
INFO 2026-05-03 17:20:11,873 log 19624 19652 "GET /admin/ HTTP/1.1" 302 0
INFO 2026-05-03 17:20:11,878 log 19624 19652 "GET /admin/login/?next=/admin/ HTTP/1.1" 302 0
INFO 2026-05-03 17:20:12,070 log 19624 23860 "GET /api/v1/auth/profile/ HTTP/1.1" 200 219
INFO 2026-05-03 17:20:43,782 log 19624 23860 "POST /api/v1/auth/login/ HTTP/1.1" 200 505
INFO 2026-05-03 17:20:43,800 log 19624 23860 "GET /api/v1/auth/profile/ HTTP/1.1" 200 219
INFO 2026-05-03 17:20:43,822 log 19624 19652 "GET /admin/ HTTP/1.1" 302 0
INFO 2026-05-03 17:20:43,829 log 19624 19652 "GET /admin/login/?next=/admin/ HTTP/1.1" 302 0
INFO 2026-05-03 17:20:44,060 log 19624 23860 "GET /api/v1/auth/profile/ HTTP/1.1" 200 219
INFO 2026-05-03 17:21:20,082 log 19624 23860 "POST /api/v1/auth/login/ HTTP/1.1" 200 505
INFO 2026-05-03 17:21:20,102 log 19624 23860 "GET /api/v1/auth/profile/ HTTP/1.1" 200 219
INFO 2026-05-03 17:21:20,122 log 19624 19652 "GET /admin/ HTTP/1.1" 302 0
INFO 2026-05-03 17:21:20,130 log 19624 19652 "GET /admin/login/?next=/admin/ HTTP/1.1" 302 0
INFO 2026-05-03 17:21:20,331 log 19624 23860 "GET /api/v1/auth/profile/ HTTP/1.1" 200 219
WARNING 2026-05-03 17:21:38,007 log 19624 19652 Unauthorized: /api/v1/auth/profile/
WARNING 2026-05-03 17:21:38,008 log 19624 19652 "GET /api/v1/auth/profile/ HTTP/1.1" 401 5097
INFO 2026-05-03 17:21:38,087 log 19624 19652 "GET /static/rest_framework/css/bootstrap.min.css HTTP/1.1" 200 121457
INFO 2026-05-03 17:21:38,092 log 19624 6768 "GET /static/rest_framework/css/bootstrap-tweaks.css HTTP/1.1" 200 3426
INFO 2026-05-03 17:21:38,105 log 19624 19652 "GET /static/rest_framework/css/prettify.css HTTP/1.1" 200 817
INFO 2026-05-03 17:21:38,109 log 19624 6768 "GET /static/rest_framework/css/default.css HTTP/1.1" 200 1152
INFO 2026-05-03 17:21:38,121 log 19624 6768 "GET /static/rest_framework/js/ajax-form.js HTTP/1.1" 200 3796
INFO 2026-05-03 17:21:38,123 log 19624 19652 "GET /static/rest_framework/js/jquery-3.7.1.min.js HTTP/1.1" 200 87533
INFO 2026-05-03 17:21:38,127 log 19624 6768 "GET /static/rest_framework/js/csrf.js HTTP/1.1" 200 1793
INFO 2026-05-03 17:21:38,130 log 19624 19652 "GET /static/rest_framework/js/bootstrap.min.js HTTP/1.1" 200 39680
INFO 2026-05-03 17:21:38,138 log 19624 6768 "GET /static/rest_framework/js/prettify-min.js HTTP/1.1" 200 13632
INFO 2026-05-03 17:21:38,139 log 19624 19652 "GET /static/rest_framework/js/default.js HTTP/1.1" 200 1268
INFO 2026-05-03 17:21:38,148 log 19624 19652 "GET /static/rest_framework/js/load-ajax-form.js HTTP/1.1" 200 59
INFO 2026-05-03 17:21:38,148 log 19624 6768 "GET /static/rest_framework/img/grid.png HTTP/1.1" 200 1458
INFO 2026-05-03 17:21:52,299 log 19624 23860 "POST /api/v1/auth/login/ HTTP/1.1" 200 505
INFO 2026-05-03 17:21:52,308 log 19624 23860 "GET /api/v1/auth/profile/ HTTP/1.1" 200 219
INFO 2026-05-03 17:21:52,322 log 19624 6768 "GET /admin/ HTTP/1.1" 302 0
INFO 2026-05-03 17:21:52,326 log 19624 6768 "GET /admin/login/?next=/admin/ HTTP/1.1" 302 0
INFO 2026-05-03 17:21:52,489 log 19624 23860 "GET /api/v1/auth/profile/ HTTP/1.1" 200 219
INFO 2026-05-03 17:22:20,005 log 19624 23860 "POST /api/v1/auth/login/ HTTP/1.1" 200 505
INFO 2026-05-03 17:22:20,014 log 19624 23860 "GET /api/v1/auth/profile/ HTTP/1.1" 200 219
INFO 2026-05-03 17:22:20,027 log 19624 6768 "GET /admin/ HTTP/1.1" 302 0
INFO 2026-05-03 17:22:20,032 log 19624 6768 "GET /admin/login/?next=/admin/ HTTP/1.1" 302 0
INFO 2026-05-03 17:22:20,198 log 19624 23860 "GET /api/v1/auth/profile/ HTTP/1.1" 200 219
INFO 2026-05-03 17:23:08,456 log 19624 23860 "POST /api/v1/auth/login/ HTTP/1.1" 200 505
INFO 2026-05-03 17:23:08,468 log 19624 23860 "GET /api/v1/auth/profile/ HTTP/1.1" 200 219
INFO 2026-05-03 17:23:08,484 log 19624 6768 "GET /admin/ HTTP/1.1" 302 0
INFO 2026-05-03 17:23:08,490 log 19624 6768 "GET /admin/login/?next=/admin/ HTTP/1.1" 302 0
INFO 2026-05-03 17:23:08,700 log 19624 23860 "GET /api/v1/auth/profile/ HTTP/1.1" 200 219
INFO 2026-05-03 17:23:58,437 log 19624 23860 "GET /api/v1/auth/profile/ HTTP/1.1" 200 219
INFO 2026-05-03 17:23:58,732 log 19624 23860 "GET /api/v1/auth/profile/ HTTP/1.1" 200 219
INFO 2026-05-03 17:23:58,756 log 19624 23860 "GET /api/v1/auth/profile/ HTTP/1.1" 200 219
INFO 2026-05-03 17:24:00,187 log 19624 21952 "GET /api/v1/auth/profile/ HTTP/1.1" 200 219
INFO 2026-05-03 17:24:00,193 log 19624 21952 "GET /api/v1/auth/profile/ HTTP/1.1" 200 219
INFO 2026-05-03 17:24:06,095 log 19624 23860 "GET /api/v1/auth/profile/ HTTP/1.1" 200 219
INFO 2026-05-03 17:24:06,210 log 19624 23860 "GET /api/v1/auth/profile/ HTTP/1.1" 200 219
INFO 2026-05-03 17:24:06,311 log 19624 23860 "GET /api/v1/auth/profile/ HTTP/1.1" 200 219
INFO 2026-05-03 17:24:06,908 log 19624 21952 "GET /api/v1/auth/profile/ HTTP/1.1" 200 219
INFO 2026-05-03 17:24:06,974 log 19624 21952 "GET /api/v1/auth/profile/ HTTP/1.1" 200 219
INFO 2026-05-03 17:24:26,710 log 19624 23860 "GET /api/v1/auth/profile/ HTTP/1.1" 200 219
INFO 2026-05-03 17:24:45,907 log 19624 23860 "POST /api/v1/auth/login/ HTTP/1.1" 200 505
INFO 2026-05-03 17:24:45,942 log 19624 23860 "GET /api/v1/auth/profile/ HTTP/1.1" 200 219
INFO 2026-05-03 17:24:45,976 log 19624 6768 "GET /admin/ HTTP/1.1" 302 0
INFO 2026-05-03 17:24:45,984 log 19624 6768 "GET /admin/login/?next=/admin/ HTTP/1.1" 302 0
INFO 2026-05-03 17:24:46,316 log 19624 23860 "GET /api/v1/auth/profile/ HTTP/1.1" 200 219
INFO 2026-05-03 17:25:30,866 log 19624 23860 "POST /api/v1/auth/login/ HTTP/1.1" 200 505
INFO 2026-05-03 17:25:30,904 log 19624 23860 "GET /api/v1/auth/profile/ HTTP/1.1" 200 219
INFO 2026-05-03 17:25:30,939 log 19624 6768 "GET /admin/ HTTP/1.1" 302 0
INFO 2026-05-03 17:25:30,961 log 19624 6768 "GET /admin/login/?next=/admin/ HTTP/1.1" 302 0
INFO 2026-05-03 17:25:31,267 log 19624 23860 "GET /api/v1/auth/profile/ HTTP/1.1" 200 219
INFO 2026-05-03 17:26:02,018 log 19624 6768 "GET /admin/ HTTP/1.1" 302 0
INFO 2026-05-03 17:26:02,033 log 19624 6768 "GET /admin/login/?next=/admin/ HTTP/1.1" 302 0
INFO 2026-05-03 17:26:03,174 log 19624 23860 "GET /api/v1/auth/profile/ HTTP/1.1" 200 219
INFO 2026-05-03 17:26:16,402 log 19624 6768 "GET /admin/login/ HTTP/1.1" 302 0
INFO 2026-05-03 17:26:16,658 log 19624 23860 "GET /api/v1/auth/profile/ HTTP/1.1" 200 219
INFO 2026-05-03 17:27:02,676 log 19624 23860 "GET /api/v1/auth/profile/ HTTP/1.1" 200 219
INFO 2026-05-03 17:27:02,719 log 19624 23860 "GET /api/v1/auth/profile/ HTTP/1.1" 200 219
INFO 2026-05-03 17:27:02,899 log 19624 23860 "GET /api/v1/auth/profile/ HTTP/1.1" 200 219
INFO 2026-05-03 17:27:02,918 log 19624 23860 "GET /api/v1/auth/profile/ HTTP/1.1" 200 219
INFO 2026-05-03 17:27:03,904 log 19624 17564 "GET /api/v1/auth/profile/ HTTP/1.1" 200 219
INFO 2026-05-03 17:27:03,926 log 19624 17564 "GET /api/v1/auth/profile/ HTTP/1.1" 200 219
INFO 2026-05-03 17:27:15,915 autoreload 19624 5216 C:\Users\USER\Documents\proyecto final\backend\config\settings.py changed, reloading.
INFO 2026-05-03 17:27:15,906 autoreload 22860 24620 C:\Users\USER\Documents\proyecto final\backend\config\settings.py changed, reloading.
INFO 2026-05-03 17:27:18,687 autoreload 25712 10544 Watching for file changes with StatReloader
INFO 2026-05-03 17:27:18,688 autoreload 3300 17992 Watching for file changes with StatReloader
INFO 2026-05-03 17:37:48,589 log 25712 8948 "OPTIONS /api/v1/auth/login/ HTTP/1.1" 200 0
INFO 2026-05-03 17:37:50,394 log 25712 21340 "POST /api/v1/auth/login/ HTTP/1.1" 200 505
INFO 2026-05-03 17:37:50,421 log 25712 8948 "GET /api/v1/auth/profile/ HTTP/1.1" 200 219
INFO 2026-05-03 17:37:50,571 log 25712 21340 "GET /admin/ HTTP/1.1" 200 56024
INFO 2026-05-03 17:37:50,656 log 25712 21340 "GET /static/admin/css/base.css HTTP/1.1" 304 0
INFO 2026-05-03 17:37:50,658 log 25712 13252 "GET /static/admin/css/dark_mode.css HTTP/1.1" 304 0
INFO 2026-05-03 17:37:50,663 log 25712 21340 "GET /static/admin/css/nav_sidebar.css HTTP/1.1" 304 0
INFO 2026-05-03 17:37:50,664 log 25712 13252 "GET /static/admin/css/flemy-admin.css?v=2.0 HTTP/1.1" 304 0
INFO 2026-05-03 17:37:50,670 log 25712 21340 "GET /static/admin/css/responsive.css HTTP/1.1" 304 0
INFO 2026-05-03 17:37:50,672 log 25712 13252 "GET /static/admin/js/theme.js HTTP/1.1" 304 0
INFO 2026-05-03 17:37:50,680 log 25712 13252 "GET /static/admin/js/nav_sidebar.js HTTP/1.1" 304 0
WARNING 2026-05-03 17:37:50,841 log 25712 13252 Not Found: /favicon.ico
WARNING 2026-05-03 17:37:50,843 log 25712 13252 "GET /favicon.ico HTTP/1.1" 404 3760
INFO 2026-05-03 17:38:14,752 log 25712 13252 "POST /admin/logout/ HTTP/1.1" 200 5105
INFO 2026-05-03 17:38:18,079 log 25712 13252 "GET /admin/ HTTP/1.1" 302 0
INFO 2026-05-03 17:38:18,083 log 25712 13252 "GET /admin/login/?next=/admin/ HTTP/1.1" 302 0
INFO 2026-05-03 17:38:18,416 log 25712 8948 "GET /api/v1/auth/profile/ HTTP/1.1" 200 219
WARNING 2026-05-03 17:38:28,349 log 25712 13252 Unauthorized: /api/v1/auth/login/
WARNING 2026-05-03 17:38:28,350 log 25712 13252 "POST /api/v1/auth/login/ HTTP/1.1" 401 63
INFO 2026-05-03 17:39:13,803 log 25712 8948 "OPTIONS /api/v1/auth/register/ HTTP/1.1" 200 0
INFO 2026-05-03 17:39:14,541 log 25712 8948 "POST /api/v1/auth/register/ HTTP/1.1" 201 112
INFO 2026-05-03 17:39:25,491 log 25712 13252 "POST /api/v1/auth/login/ HTTP/1.1" 200 506
INFO 2026-05-03 17:39:25,514 log 25712 8948 "GET /api/v1/auth/profile/ HTTP/1.1" 200 244
INFO 2026-05-03 17:39:25,546 log 25712 8948 "OPTIONS /api/v1/gamification/dashboard/ HTTP/1.1" 200 0
INFO 2026-05-03 17:39:25,574 log 25712 8948 "GET /api/v1/gamification/dashboard/ HTTP/1.1" 200 493
INFO 2026-05-03 17:39:25,620 log 25712 8948 "OPTIONS /api/v1/auth/notifications/ HTTP/1.1" 200 0
INFO 2026-05-03 17:39:25,640 log 25712 8948 "GET /api/v1/auth/notifications/ HTTP/1.1" 200 252
INFO 2026-05-03 17:39:29,424 log 25712 8948 "OPTIONS /api/v1/gamification/progress/ HTTP/1.1" 200 0
INFO 2026-05-03 17:39:29,446 log 25712 8948 "GET /api/v1/gamification/progress/ HTTP/1.1" 200 661
INFO 2026-05-03 17:39:29,478 log 25712 8948 "GET /api/v1/auth/notifications/ HTTP/1.1" 200 252
INFO 2026-05-03 17:39:31,314 log 25712 15792 "OPTIONS /api/v1/courses/catalog/ HTTP/1.1" 200 0
INFO 2026-05-03 17:39:31,333 log 25712 20260 "OPTIONS /api/v1/auth/profile/ HTTP/1.1" 200 0
INFO 2026-05-03 17:39:31,371 log 25712 8948 "GET /api/v1/auth/notifications/ HTTP/1.1" 200 252
INFO 2026-05-03 17:39:31,374 log 25712 15792 "GET /api/v1/courses/catalog/ HTTP/1.1" 200 437
INFO 2026-05-03 17:39:31,385 log 25712 20260 "GET /api/v1/auth/profile/ HTTP/1.1" 200 244
INFO 2026-05-03 17:39:39,723 log 25712 8948 "OPTIONS /api/v1/auth/notifications/5/read/ HTTP/1.1" 200 0
INFO 2026-05-03 17:39:39,753 log 25712 8948 "PATCH /api/v1/auth/notifications/5/read/ HTTP/1.1" 200 20
INFO 2026-05-03 17:39:39,759 log 25712 8948 "OPTIONS /api/v1/courses/catalog/python-desde-cero/ HTTP/1.1" 200 0
WARNING 2026-05-03 17:39:39,777 log 25712 8948 Not Found: /api/v1/courses/catalog/python-desde-cero/
WARNING 2026-05-03 17:39:39,778 log 25712 8948 "GET /api/v1/courses/catalog/python-desde-cero/ HTTP/1.1" 404 13425
INFO 2026-05-03 17:39:43,368 log 25712 8948 "GET /api/v1/auth/notifications/ HTTP/1.1" 200 251
INFO 2026-05-03 17:39:43,369 log 25712 15792 "GET /api/v1/auth/profile/ HTTP/1.1" 200 244
INFO 2026-05-03 17:39:43,375 log 25712 20260 "GET /api/v1/courses/catalog/ HTTP/1.1" 200 437
INFO 2026-05-03 17:40:39,063 autoreload 16432 2520 Watching for file changes with StatReloader
INFO 2026-05-03 17:40:56,282 log 25712 27284 "OPTIONS /api/v1/courses/catalog/ HTTP/1.1" 200 0
INFO 2026-05-03 17:40:56,289 log 25712 18716 "OPTIONS /api/v1/auth/profile/ HTTP/1.1" 200 0
INFO 2026-05-03 17:40:56,315 log 25712 18716 "GET /api/v1/auth/profile/ HTTP/1.1" 200 219
INFO 2026-05-03 17:40:56,316 log 25712 27284 "GET /api/v1/courses/catalog/ HTTP/1.1" 200 437
INFO 2026-05-03 17:40:56,605 log 25712 20856 "OPTIONS /api/v1/auth/notifications/ HTTP/1.1" 200 0
INFO 2026-05-03 17:40:56,621 log 25712 20856 "GET /api/v1/auth/notifications/ HTTP/1.1" 200 509
INFO 2026-05-03 17:41:52,747 log 25712 18716 "GET /api/v1/auth/profile/ HTTP/1.1" 200 219
INFO 2026-05-03 17:41:52,749 log 25712 27284 "GET /api/v1/courses/catalog/ HTTP/1.1" 200 437
INFO 2026-05-03 17:41:52,754 log 25712 20856 "GET /api/v1/auth/notifications/ HTTP/1.1" 200 509
INFO 2026-05-03 17:42:15,422 log 25712 20596 "GET /api/v1/courses/catalog/ HTTP/1.1" 200 9270
INFO 2026-05-03 17:42:15,493 log 25712 20596 "GET /static/rest_framework/css/bootstrap.min.css HTTP/1.1" 200 121457
INFO 2026-05-03 17:42:15,506 log 25712 12140 "GET /static/rest_framework/css/prettify.css HTTP/1.1" 200 817
INFO 2026-05-03 17:42:15,506 log 25712 20596 "GET /static/rest_framework/css/bootstrap-tweaks.css HTTP/1.1" 200 3426
INFO 2026-05-03 17:42:15,523 log 25712 12140 "GET /static/rest_framework/js/prettify-min.js HTTP/1.1" 200 13632
INFO 2026-05-03 17:42:15,528 log 25712 8124 "GET /static/rest_framework/css/default.css HTTP/1.1" 200 1152
INFO 2026-05-03 17:42:15,535 log 25712 20596 "GET /static/rest_framework/js/bootstrap.min.js HTTP/1.1" 200 39680
INFO 2026-05-03 17:42:15,540 log 25712 12140 "GET /static/rest_framework/js/load-ajax-form.js HTTP/1.1" 200 59
INFO 2026-05-03 17:42:15,543 log 25712 17948 "GET /static/rest_framework/js/ajax-form.js HTTP/1.1" 200 3796
INFO 2026-05-03 17:42:15,547 log 25712 8124 "GET /static/rest_framework/js/default.js HTTP/1.1" 200 1268
INFO 2026-05-03 17:42:15,550 log 25712 15108 "GET /static/rest_framework/js/jquery-3.7.1.min.js HTTP/1.1" 200 87533
INFO 2026-05-03 17:42:15,551 log 25712 10936 "GET /static/rest_framework/js/csrf.js HTTP/1.1" 200 1793
INFO 2026-05-03 17:42:15,555 log 25712 20596 "GET /static/rest_framework/img/grid.png HTTP/1.1" 200 1458
INFO 2026-05-03 17:42:15,606 log 25712 20596 "GET /static/rest_framework/fonts/glyphicons-halflings-regular.woff2 HTTP/1.1" 200 18028
WARNING 2026-05-03 17:42:15,855 log 25712 20596 Not Found: /favicon.ico
WARNING 2026-05-03 17:42:15,856 log 25712 20596 "GET /favicon.ico HTTP/1.1" 404 3760
INFO 2026-05-03 17:42:27,511 log 25712 14296 "GET /api/v1/courses/catalog/ HTTP/1.1" 200 9270
INFO 2026-05-03 17:42:27,671 log 25712 14296 "GET /static/rest_framework/fonts/glyphicons-halflings-regular.woff2 HTTP/1.1" 200 18028
INFO 2026-05-03 17:46:41,266 log 25712 16268 "GET /api/v1/auth/profile/ HTTP/1.1" 200 219
INFO 2026-05-03 17:46:41,268 log 25712 9724 "GET /api/v1/courses/catalog/ HTTP/1.1" 200 437
INFO 2026-05-03 17:46:41,577 log 25712 25716 "GET /api/v1/auth/notifications/ HTTP/1.1" 200 509
INFO 2026-05-03 17:47:37,139 log 25712 25716 "GET /api/v1/auth/profile/ HTTP/1.1" 200 219
INFO 2026-05-03 17:47:37,341 log 25712 25716 "GET /api/v1/auth/profile/ HTTP/1.1" 200 219
INFO 2026-05-03 17:47:37,409 log 25712 25716 "GET /api/v1/auth/profile/ HTTP/1.1" 200 219
INFO 2026-05-03 17:47:37,443 log 25712 25716 "OPTIONS /api/v1/courses/catalog/ HTTP/1.1" 200 0
INFO 2026-05-03 17:47:37,463 log 25712 25716 "GET /api/v1/courses/catalog/ HTTP/1.1" 200 471
INFO 2026-05-03 17:47:37,485 log 25712 25716 "GET /api/v1/auth/profile/ HTTP/1.1" 200 219
INFO 2026-05-03 17:47:37,491 log 25712 20240 "GET /api/v1/auth/notifications/ HTTP/1.1" 200 509
INFO 2026-05-03 17:47:37,644 log 25712 20240 "GET /api/v1/auth/profile/ HTTP/1.1" 200 219
INFO 2026-05-03 17:47:38,438 log 25712 27024 "GET /api/v1/auth/profile/ HTTP/1.1" 200 244
INFO 2026-05-03 17:47:38,550 log 25712 27024 "OPTIONS /api/v1/courses/catalog/ HTTP/1.1" 200 0
INFO 2026-05-03 17:47:38,560 log 25712 27024 "GET /api/v1/auth/profile/ HTTP/1.1" 200 244
INFO 2026-05-03 17:47:38,573 log 25712 27024 "GET /api/v1/courses/catalog/ HTTP/1.1" 200 471
INFO 2026-05-03 17:47:38,583 log 25712 27024 "GET /api/v1/auth/notifications/ HTTP/1.1" 200 251
INFO 2026-05-03 17:50:51,268 log 25712 27024 "GET /api/v1/gamification/progress/ HTTP/1.1" 200 661
INFO 2026-05-03 17:50:51,327 log 25712 27024 "GET /api/v1/auth/notifications/ HTTP/1.1" 200 251
INFO 2026-05-03 17:50:51,941 log 25712 27024 "GET /api/v1/courses/catalog/ HTTP/1.1" 200 471
INFO 2026-05-03 17:50:51,954 log 25712 27024 "GET /api/v1/auth/profile/ HTTP/1.1" 200 244
INFO 2026-05-03 17:50:51,972 log 25712 27024 "GET /api/v1/auth/notifications/ HTTP/1.1" 200 251
INFO 2026-05-03 17:50:54,832 log 25712 27024 "GET /api/v1/gamification/progress/ HTTP/1.1" 200 661
INFO 2026-05-03 17:50:54,853 log 25712 27024 "GET /api/v1/auth/notifications/ HTTP/1.1" 200 251
INFO 2026-05-03 17:50:55,334 log 25712 19444 "GET /api/v1/auth/profile/ HTTP/1.1" 200 244
INFO 2026-05-03 17:50:55,335 log 25712 27024 "GET /api/v1/courses/catalog/ HTTP/1.1" 200 471
INFO 2026-05-03 17:50:55,336 log 25712 5648 "GET /api/v1/auth/notifications/ HTTP/1.1" 200 251
INFO 2026-05-03 17:52:24,486 log 25712 20240 "GET /api/v1/auth/profile/ HTTP/1.1" 200 219
INFO 2026-05-03 17:52:24,518 log 25712 20240 "GET /api/v1/auth/profile/ HTTP/1.1" 200 219
INFO 2026-05-03 17:52:24,535 log 25712 20240 "GET /api/v1/auth/profile/ HTTP/1.1" 200 219
INFO 2026-05-03 17:52:24,550 log 25712 25716 "GET /api/v1/auth/notifications/ HTTP/1.1" 200 509
INFO 2026-05-03 17:52:24,563 log 25712 20240 "GET /api/v1/courses/catalog/ HTTP/1.1" 200 471
INFO 2026-05-03 17:52:24,582 log 25712 25716 "GET /api/v1/auth/profile/ HTTP/1.1" 200 219
INFO 2026-05-03 17:52:24,808 log 25712 25716 "GET /api/v1/auth/profile/ HTTP/1.1" 200 219
INFO 2026-05-03 17:52:25,518 log 25712 5648 "GET /api/v1/auth/profile/ HTTP/1.1" 200 244
INFO 2026-05-03 17:52:25,603 log 25712 5648 "GET /api/v1/auth/notifications/ HTTP/1.1" 200 251
INFO 2026-05-03 17:52:25,613 log 25712 27024 "GET /api/v1/auth/profile/ HTTP/1.1" 200 244
INFO 2026-05-03 17:52:25,616 log 25712 19444 "GET /api/v1/courses/catalog/ HTTP/1.1" 200 471
INFO 2026-05-03 17:52:45,909 log 25712 25716 "GET /api/v1/auth/profile/ HTTP/1.1" 200 219
INFO 2026-05-03 17:52:45,932 log 25712 25716 "GET /api/v1/auth/profile/ HTTP/1.1" 200 219
INFO 2026-05-03 17:52:46,000 log 25712 25716 "GET /api/v1/auth/profile/ HTTP/1.1" 200 219
INFO 2026-05-03 17:52:46,029 log 25712 25716 "GET /api/v1/auth/profile/ HTTP/1.1" 200 219
INFO 2026-05-03 17:52:46,246 log 25712 25716 "GET /api/v1/auth/notifications/ HTTP/1.1" 200 509
INFO 2026-05-03 17:52:46,254 log 25712 20240 "GET /api/v1/courses/catalog/ HTTP/1.1" 200 471
INFO 2026-05-03 17:52:46,270 log 25712 8148 "GET /api/v1/auth/profile/ HTTP/1.1" 200 219
INFO 2026-05-03 17:52:46,868 log 25712 19444 "GET /api/v1/auth/profile/ HTTP/1.1" 200 244
INFO 2026-05-03 17:52:46,942 log 25712 19444 "GET /api/v1/auth/notifications/ HTTP/1.1" 200 251
INFO 2026-05-03 17:52:46,949 log 25712 5648 "GET /api/v1/auth/profile/ HTTP/1.1" 200 244
INFO 2026-05-03 17:52:46,953 log 25712 27024 "GET /api/v1/courses/catalog/ HTTP/1.1" 200 471
INFO 2026-05-03 17:52:56,586 log 25712 27024 "GET /api/v1/gamification/progress/ HTTP/1.1" 200 661
INFO 2026-05-03 17:52:56,603 log 25712 27024 "GET /api/v1/auth/notifications/ HTTP/1.1" 200 251
INFO 2026-05-03 17:52:57,249 log 25712 19444 "GET /api/v1/auth/profile/ HTTP/1.1" 200 244
INFO 2026-05-03 17:52:57,251 log 25712 27024 "GET /api/v1/auth/notifications/ HTTP/1.1" 200 251
INFO 2026-05-03 17:52:57,254 log 25712 5648 "GET /api/v1/courses/catalog/ HTTP/1.1" 200 471
INFO 2026-05-03 17:52:58,663 log 25712 5648 "GET /api/v1/gamification/progress/ HTTP/1.1" 200 661
INFO 2026-05-03 17:52:58,677 log 25712 5648 "GET /api/v1/auth/notifications/ HTTP/1.1" 200 251
INFO 2026-05-03 17:52:59,357 log 25712 5648 "GET /api/v1/auth/profile/ HTTP/1.1" 200 244
INFO 2026-05-03 17:52:59,367 log 25712 27024 "GET /api/v1/gamification/dashboard/ HTTP/1.1" 200 510
INFO 2026-05-03 17:52:59,407 log 25712 27024 "GET /api/v1/auth/notifications/ HTTP/1.1" 200 251
INFO 2026-05-03 17:52:59,961 log 25712 27024 "GET /api/v1/auth/notifications/ HTTP/1.1" 200 251
INFO 2026-05-03 17:52:59,966 log 25712 19444 "GET /api/v1/auth/profile/ HTTP/1.1" 200 244
INFO 2026-05-03 17:52:59,967 log 25712 5648 "GET /api/v1/courses/catalog/ HTTP/1.1" 200 471
INFO 2026-05-03 17:53:03,090 log 25712 8148 "GET /api/v1/auth/profile/ HTTP/1.1" 200 219
INFO 2026-05-03 17:53:03,108 log 25712 8148 "GET /api/v1/auth/profile/ HTTP/1.1" 200 219
INFO 2026-05-03 17:53:03,131 log 25712 8148 "GET /api/v1/auth/profile/ HTTP/1.1" 200 219
INFO 2026-05-03 17:53:03,189 log 25712 8148 "GET /api/v1/auth/profile/ HTTP/1.1" 200 219
INFO 2026-05-03 17:53:03,372 log 25712 8148 "GET /api/v1/auth/notifications/ HTTP/1.1" 200 509
INFO 2026-05-03 17:53:03,379 log 25712 25716 "GET /api/v1/auth/profile/ HTTP/1.1" 200 219
INFO 2026-05-03 17:53:03,380 log 25712 20240 "GET /api/v1/courses/catalog/ HTTP/1.1" 200 471
INFO 2026-05-03 17:53:03,978 log 25712 5648 "GET /api/v1/auth/profile/ HTTP/1.1" 200 244
INFO 2026-05-03 17:53:04,112 log 25712 5648 "GET /api/v1/auth/notifications/ HTTP/1.1" 200 251
INFO 2026-05-03 17:53:04,140 log 25712 19444 "GET /api/v1/auth/profile/ HTTP/1.1" 200 244
INFO 2026-05-03 17:53:04,142 log 25712 5648 "GET /api/v1/courses/catalog/ HTTP/1.1" 200 471
WARNING 2026-05-03 17:54:57,204 log 25712 5648 Not Found: /api/v1/courses/catalog/python-desde-cero/
WARNING 2026-05-03 17:54:57,205 log 25712 5648 "GET /api/v1/courses/catalog/python-desde-cero/ HTTP/1.1" 404 13425
INFO 2026-05-03 17:54:58,727 log 25712 25964 "GET /api/v1/auth/notifications/ HTTP/1.1" 200 251
INFO 2026-05-03 17:54:58,730 log 25712 13204 "GET /api/v1/auth/profile/ HTTP/1.1" 200 244
INFO 2026-05-03 17:54:58,733 log 25712 19244 "GET /api/v1/courses/catalog/ HTTP/1.1" 200 471
INFO 2026-05-03 17:56:35,572 log 25712 20240 "GET /api/v1/auth/profile/ HTTP/1.1" 200 219
INFO 2026-05-03 17:56:35,707 log 25712 20240 "GET /api/v1/auth/profile/ HTTP/1.1" 200 219
INFO 2026-05-03 17:56:35,723 log 25712 20240 "GET /api/v1/auth/profile/ HTTP/1.1" 200 219
INFO 2026-05-03 17:56:35,790 log 25712 20240 "GET /api/v1/auth/profile/ HTTP/1.1" 200 219
INFO 2026-05-03 17:56:36,125 log 25712 20240 "GET /api/v1/auth/notifications/ HTTP/1.1" 200 509
INFO 2026-05-03 17:56:36,139 log 25712 8148 "GET /api/v1/auth/profile/ HTTP/1.1" 200 219
INFO 2026-05-03 17:56:36,141 log 25712 25716 "GET /api/v1/courses/catalog/ HTTP/1.1" 200 471
INFO 2026-05-03 17:56:36,568 log 25712 19244 "GET /api/v1/auth/profile/ HTTP/1.1" 200 244
INFO 2026-05-03 17:56:36,705 log 25712 19244 "GET /api/v1/auth/notifications/ HTTP/1.1" 200 251
INFO 2026-05-03 17:56:36,727 log 25712 13204 "GET /api/v1/auth/profile/ HTTP/1.1" 200 244
INFO 2026-05-03 17:56:36,732 log 25712 19244 "GET /api/v1/courses/catalog/ HTTP/1.1" 200 471
INFO 2026-05-03 17:56:56,436 log 25712 25716 "GET /api/v1/auth/profile/ HTTP/1.1" 200 219
INFO 2026-05-03 17:56:56,463 log 25712 25716 "GET /api/v1/auth/profile/ HTTP/1.1" 200 219
INFO 2026-05-03 17:56:56,519 log 25712 25716 "GET /api/v1/auth/profile/ HTTP/1.1" 200 219
INFO 2026-05-03 17:56:56,578 log 25712 25716 "GET /api/v1/auth/profile/ HTTP/1.1" 200 219
INFO 2026-05-03 17:56:56,886 log 25712 25716 "GET /api/v1/auth/notifications/ HTTP/1.1" 200 509
INFO 2026-05-03 17:56:56,904 log 25712 20240 "GET /api/v1/auth/profile/ HTTP/1.1" 200 219
INFO 2026-05-03 17:56:56,905 log 25712 8148 "GET /api/v1/courses/catalog/ HTTP/1.1" 200 471
INFO 2026-05-03 17:56:57,412 log 25712 19244 "GET /api/v1/auth/profile/ HTTP/1.1" 200 244
INFO 2026-05-03 17:56:57,475 log 25712 19244 "GET /api/v1/auth/notifications/ HTTP/1.1" 200 251
INFO 2026-05-03 17:56:57,496 log 25712 25964 "GET /api/v1/auth/profile/ HTTP/1.1" 200 244
INFO 2026-05-03 17:56:57,498 log 25712 13204 "GET /api/v1/courses/catalog/ HTTP/1.1" 200 471
INFO 2026-05-03 17:57:05,637 log 25712 8148 "GET /api/v1/auth/profile/ HTTP/1.1" 200 219
INFO 2026-05-03 17:57:05,694 log 25712 8148 "GET /api/v1/auth/profile/ HTTP/1.1" 200 219
INFO 2026-05-03 17:57:05,714 log 25712 8148 "GET /api/v1/auth/profile/ HTTP/1.1" 200 219
INFO 2026-05-03 17:57:05,815 log 25712 8148 "GET /api/v1/auth/profile/ HTTP/1.1" 200 219
INFO 2026-05-03 17:57:05,832 log 25712 20240 "GET /api/v1/auth/notifications/ HTTP/1.1" 200 509
INFO 2026-05-03 17:57:05,928 log 25712 8148 "GET /api/v1/auth/profile/ HTTP/1.1" 200 219
INFO 2026-05-03 17:57:05,946 log 25712 25716 "GET /api/v1/courses/catalog/ HTTP/1.1" 200 471
INFO 2026-05-03 17:57:06,671 log 25712 13204 "GET /api/v1/auth/profile/ HTTP/1.1" 200 244
INFO 2026-05-03 17:57:07,411 log 25712 13204 "GET /api/v1/auth/notifications/ HTTP/1.1" 200 251
INFO 2026-05-03 17:57:07,454 log 25712 13204 "GET /api/v1/courses/catalog/ HTTP/1.1" 200 471
INFO 2026-05-03 17:57:07,454 log 25712 25964 "GET /api/v1/auth/profile/ HTTP/1.1" 200 244
WARNING 2026-05-03 17:58:34,300 log 25712 928 Unauthorized: /api/v1/auth/login/
WARNING 2026-05-03 17:58:34,301 log 25712 928 "POST /api/v1/auth/login/ HTTP/1.1" 401 63
WARNING 2026-05-03 17:58:36,218 log 25712 928 Unauthorized: /api/v1/auth/login/
WARNING 2026-05-03 17:58:36,219 log 25712 928 "POST /api/v1/auth/login/ HTTP/1.1" 401 63
WARNING 2026-05-03 17:58:37,206 log 25712 928 Unauthorized: /api/v1/auth/login/
WARNING 2026-05-03 17:58:37,207 log 25712 928 "POST /api/v1/auth/login/ HTTP/1.1" 401 63
WARNING 2026-05-03 17:58:38,161 log 25712 928 Unauthorized: /api/v1/auth/login/
WARNING 2026-05-03 17:58:38,162 log 25712 928 "POST /api/v1/auth/login/ HTTP/1.1" 401 63
WARNING 2026-05-03 17:58:53,750 log 25712 928 Unauthorized: /api/v1/auth/login/
WARNING 2026-05-03 17:58:53,751 log 25712 928 "POST /api/v1/auth/login/ HTTP/1.1" 401 63
WARNING 2026-05-03 17:58:55,897 log 25712 928 Unauthorized: /api/v1/auth/login/
WARNING 2026-05-03 17:58:55,898 log 25712 928 "POST /api/v1/auth/login/ HTTP/1.1" 401 63
WARNING 2026-05-03 17:58:57,006 log 25712 928 Unauthorized: /api/v1/auth/login/
WARNING 2026-05-03 17:58:57,006 log 25712 928 "POST /api/v1/auth/login/ HTTP/1.1" 401 63
WARNING 2026-05-03 19:33:20,565 log 25712 10032 Unauthorized: /api/v1/auth/login/
WARNING 2026-05-03 19:33:20,566 log 25712 10032 "POST /api/v1/auth/login/ HTTP/1.1" 401 63
WARNING 2026-05-03 19:33:59,735 log 25712 10032 Unauthorized: /api/v1/auth/login/
WARNING 2026-05-03 19:33:59,735 log 25712 10032 "POST /api/v1/auth/login/ HTTP/1.1" 401 63
WARNING 2026-05-03 19:35:12,905 log 25712 10032 Unauthorized: /api/v1/auth/login/
WARNING 2026-05-03 19:35:12,905 log 25712 10032 "POST /api/v1/auth/login/ HTTP/1.1" 401 63
INFO 2026-05-03 19:35:23,769 log 25712 10032 "POST /api/v1/auth/login/ HTTP/1.1" 200 506
INFO 2026-05-03 19:35:24,097 log 25712 26196 "OPTIONS /api/v1/auth/profile/ HTTP/1.1" 200 0
INFO 2026-05-03 19:35:24,105 log 25712 26196 "GET /api/v1/auth/profile/ HTTP/1.1" 200 244
INFO 2026-05-03 19:35:24,171 log 25712 26196 "GET /api/v1/gamification/dashboard/ HTTP/1.1" 200 510
INFO 2026-05-03 19:35:24,246 log 25712 26196 "GET /api/v1/auth/notifications/ HTTP/1.1" 200 508
INFO 2026-05-03 19:35:26,366 log 25712 26196 "GET /api/v1/auth/notifications/ HTTP/1.1" 200 508
INFO 2026-05-03 19:35:26,383 log 25712 26196 "GET /api/v1/auth/profile/ HTTP/1.1" 200 244
INFO 2026-05-03 19:35:26,383 log 25712 25952 "GET /api/v1/courses/catalog/ HTTP/1.1" 200 471
INFO 2026-05-03 19:35:28,319 log 25712 25952 "GET /api/v1/gamification/progress/ HTTP/1.1" 200 661
INFO 2026-05-03 19:35:28,340 log 25712 25952 "GET /api/v1/auth/notifications/ HTTP/1.1" 200 508
INFO 2026-05-03 19:35:28,800 log 25712 25952 "GET /api/v1/gamification/dashboard/ HTTP/1.1" 200 522
INFO 2026-05-03 19:35:28,814 log 25712 25952 "GET /api/v1/auth/notifications/ HTTP/1.1" 200 508
INFO 2026-05-03 19:35:29,414 log 25712 13712 "GET /api/v1/auth/profile/ HTTP/1.1" 200 244
INFO 2026-05-03 19:35:29,414 log 25712 25952 "GET /api/v1/auth/notifications/ HTTP/1.1" 200 508
INFO 2026-05-03 19:35:29,419 log 25712 26196 "GET /api/v1/courses/catalog/ HTTP/1.1" 200 471
INFO 2026-05-03 19:36:59,870 log 25712 26196 "GET /api/v1/gamification/progress/ HTTP/1.1" 200 661
INFO 2026-05-03 19:36:59,893 log 25712 26196 "GET /api/v1/auth/notifications/ HTTP/1.1" 200 508
INFO 2026-05-03 19:37:00,720 log 25712 25952 "GET /api/v1/auth/profile/ HTTP/1.1" 200 244
INFO 2026-05-03 19:37:00,724 log 25712 26196 "GET /api/v1/auth/notifications/ HTTP/1.1" 200 508
INFO 2026-05-03 19:37:00,727 log 25712 13712 "GET /api/v1/courses/catalog/ HTTP/1.1" 200 471
INFO 2026-05-03 19:37:56,886 log 25712 13712 "GET /api/v1/auth/notifications/ HTTP/1.1" 200 508
INFO 2026-05-03 19:37:56,894 log 25712 25952 "GET /api/v1/auth/profile/ HTTP/1.1" 200 244
INFO 2026-05-03 19:37:56,897 log 25712 26196 "GET /api/v1/courses/catalog/ HTTP/1.1" 200 471
INFO 2026-05-03 19:38:33,029 log 25712 13712 "GET /api/v1/auth/profile/ HTTP/1.1" 200 244
INFO 2026-05-03 19:38:33,029 log 25712 26196 "GET /api/v1/auth/notifications/ HTTP/1.1" 200 508
INFO 2026-05-03 19:38:33,035 log 25712 25952 "GET /api/v1/courses/catalog/ HTTP/1.1" 200 471
INFO 2026-05-03 19:38:33,498 log 25712 26196 "GET /api/v1/auth/profile/ HTTP/1.1" 200 244
INFO 2026-05-03 19:38:33,500 log 25712 25952 "GET /api/v1/auth/notifications/ HTTP/1.1" 200 508
INFO 2026-05-03 19:38:33,502 log 25712 13712 "GET /api/v1/courses/catalog/ HTTP/1.1" 200 471
INFO 2026-05-03 19:38:36,924 log 25712 13712 "OPTIONS /api/v1/courses/catalog/django-rest-avanzado/ HTTP/1.1" 200 0
WARNING 2026-05-03 19:38:36,935 log 25712 13712 Not Found: /api/v1/courses/catalog/django-rest-avanzado/
WARNING 2026-05-03 19:38:36,935 log 25712 13712 "GET /api/v1/courses/catalog/django-rest-avanzado/ HTTP/1.1" 404 13434
INFO 2026-05-03 19:38:37,864 log 25712 13712 "GET /api/v1/auth/notifications/ HTTP/1.1" 200 508
INFO 2026-05-03 19:38:37,887 log 25712 25952 "GET /api/v1/auth/profile/ HTTP/1.1" 200 244
INFO 2026-05-03 19:38:37,895 log 25712 13712 "GET /api/v1/courses/catalog/ HTTP/1.1" 200 471
INFO 2026-05-03 19:40:33,740 autoreload 3300 17992 C:\Users\USER\Documents\proyecto final\backend\users\views.py changed, reloading.
INFO 2026-05-03 19:40:33,859 autoreload 25712 10544 C:\Users\USER\Documents\proyecto final\backend\users\views.py changed, reloading.
INFO 2026-05-03 19:40:33,905 autoreload 16432 2520 C:\Users\USER\Documents\proyecto final\backend\users\views.py changed, reloading.
INFO 2026-05-03 19:40:36,606 autoreload 5312 4068 Watching for file changes with StatReloader
INFO 2026-05-03 19:40:36,608 autoreload 9900 16860 Watching for file changes with StatReloader
INFO 2026-05-03 19:40:36,608 autoreload 23448 25064 Watching for file changes with StatReloader
WARNING 2026-05-03 19:42:10,743 log 5312 1656 Not Found: /api/v1/courses/catalog/django-rest-avanzado/
WARNING 2026-05-03 19:42:10,744 log 5312 1656 "GET /api/v1/courses/catalog/django-rest-avanzado/ HTTP/1.1" 404 13434
INFO 2026-05-03 19:42:11,709 log 5312 1656 "OPTIONS /api/v1/auth/notifications/ HTTP/1.1" 200 0
INFO 2026-05-03 19:42:11,747 log 5312 1656 "GET /api/v1/auth/profile/ HTTP/1.1" 200 244
INFO 2026-05-03 19:42:11,760 log 5312 7356 "GET /api/v1/courses/catalog/ HTTP/1.1" 200 471
INFO 2026-05-03 19:42:11,774 log 5312 1656 "GET /api/v1/auth/notifications/ HTTP/1.1" 200 508
INFO 2026-05-03 19:42:15,297 log 5312 1656 "GET /api/v1/auth/notifications/ HTTP/1.1" 200 508
INFO 2026-05-03 19:42:15,301 log 5312 1556 "GET /api/v1/auth/profile/ HTTP/1.1" 200 244
INFO 2026-05-03 19:42:15,304 log 5312 7356 "GET /api/v1/courses/catalog/ HTTP/1.1" 200 471
INFO 2026-05-03 19:42:27,459 log 5312 7356 "OPTIONS /api/v1/auth/login/ HTTP/1.1" 200 0
WARNING 2026-05-03 19:42:27,772 log 5312 12436 Unauthorized: /api/v1/auth/login/
WARNING 2026-05-03 19:42:27,772 log 5312 12436 "POST /api/v1/auth/login/ HTTP/1.1" 401 44
WARNING 2026-05-03 19:42:41,368 log 5312 12436 Unauthorized: /api/v1/auth/login/
WARNING 2026-05-03 19:42:41,368 log 5312 12436 "POST /api/v1/auth/login/ HTTP/1.1" 401 73
WARNING 2026-05-03 19:42:52,039 log 5312 12436 Unauthorized: /api/v1/auth/login/
WARNING 2026-05-03 19:42:52,040 log 5312 12436 "POST /api/v1/auth/login/ HTTP/1.1" 401 73
INFO 2026-05-03 19:42:56,390 log 5312 12436 "POST /api/v1/auth/login/ HTTP/1.1" 200 506
INFO 2026-05-03 19:42:56,408 log 5312 7356 "GET /api/v1/auth/profile/ HTTP/1.1" 200 244
INFO 2026-05-03 19:42:56,447 log 5312 7356 "OPTIONS /api/v1/gamification/dashboard/ HTTP/1.1" 200 0
INFO 2026-05-03 19:42:56,478 log 5312 7356 "GET /api/v1/gamification/dashboard/ HTTP/1.1" 200 522
INFO 2026-05-03 19:42:56,521 log 5312 7356 "GET /api/v1/auth/notifications/ HTTP/1.1" 200 508
INFO 2026-05-03 19:42:59,683 log 5312 7356 "GET /api/v1/auth/notifications/ HTTP/1.1" 200 508
INFO 2026-05-03 19:42:59,696 log 5312 1656 "GET /api/v1/auth/profile/ HTTP/1.1" 200 244
INFO 2026-05-03 19:42:59,699 log 5312 1556 "GET /api/v1/courses/catalog/ HTTP/1.1" 200 471
INFO 2026-05-03 19:46:14,639 autoreload 23448 25064 C:\Users\USER\Documents\proyecto final\backend\users\models.py changed, reloading.
INFO 2026-05-03 19:46:14,688 autoreload 5312 4068 C:\Users\USER\Documents\proyecto final\backend\users\models.py changed, reloading.
INFO 2026-05-03 19:46:14,702 autoreload 9900 16860 C:\Users\USER\Documents\proyecto final\backend\users\models.py changed, reloading.
INFO 2026-05-03 19:46:16,871 autoreload 5640 9656 Watching for file changes with StatReloader

INFO 2026-05-03 19:46:16,873 autoreload 26128 22532 Watching for file changes with StatReloader
INFO 2026-05-03 19:46:47,396 autoreload 27260 16068 C:\Users\USER\Documents\proyecto final\backend\users\permissions.py changed, reloading.
INFO 2026-05-03 19:46:47,414 autoreload 5640 9656 C:\Users\USER\Documents\proyecto final\backend\users\permissions.py changed, reloading.
INFO 2026-05-03 19:46:47,425 autoreload 26128 22532 C:\Users\USER\Documents\proyecto final\backend\users\permissions.py changed, reloading.
INFO 2026-05-03 19:46:49,383 autoreload 13240 2980 Watching for file changes with StatReloader
INFO 2026-05-03 19:46:49,419 autoreload 7828 9736 Watching for file changes with StatReloader
INFO 2026-05-03 19:46:56,037 autoreload 13240 2980 C:\Users\USER\Documents\proyecto final\backend\courses\views.py changed, reloading.
INFO 2026-05-03 19:46:56,055 autoreload 6324 17300 C:\Users\USER\Documents\proyecto final\backend\courses\views.py changed, reloading.
INFO 2026-05-03 19:46:56,079 autoreload 7828 9736 C:\Users\USER\Documents\proyecto final\backend\courses\views.py changed, reloading.
INFO 2026-05-03 19:46:58,384 autoreload 23128 12964 Watching for file changes with StatReloader
INFO 2026-05-03 19:46:58,388 autoreload 19272 14108 Watching for file changes with StatReloader
INFO 2026-05-03 19:46:58,414 autoreload 21976 23072 Watching for file changes with StatReloader
INFO 2026-05-03 19:47:02,405 autoreload 19272 14108 C:\Users\USER\Documents\proyecto final\backend\courses\serializers.py changed, reloading.
INFO 2026-05-03 19:47:02,420 autoreload 23128 12964 C:\Users\USER\Documents\proyecto final\backend\courses\serializers.py changed, reloading.
INFO 2026-05-03 19:47:02,431 autoreload 21976 23072 C:\Users\USER\Documents\proyecto final\backend\courses\serializers.py changed, reloading.
INFO 2026-05-03 19:47:04,114 autoreload 18104 15632 Watching for file changes with StatReloader
INFO 2026-05-03 19:47:04,119 autoreload 6148 13120 Watching for file changes with StatReloader
INFO 2026-05-03 19:47:04,123 autoreload 8820 21368 Watching for file changes with StatReloader
INFO 2026-05-03 19:47:09,131 autoreload 6148 13120 C:\Users\USER\Documents\proyecto final\backend\courses\urls.py changed, reloading.
INFO 2026-05-03 19:47:09,141 autoreload 8820 21368 C:\Users\USER\Documents\proyecto final\backend\courses\urls.py changed, reloading.
INFO 2026-05-03 19:47:09,186 autoreload 18104 15632 C:\Users\USER\Documents\proyecto final\backend\courses\urls.py changed, reloading.
INFO 2026-05-03 19:47:11,189 autoreload 17768 17108 Watching for file changes with StatReloader
INFO 2026-05-03 19:47:11,194 autoreload 20012 1892 Watching for file changes with StatReloader
INFO 2026-05-03 19:47:11,241 autoreload 26976 23320 Watching for file changes with StatReloader
INFO 2026-05-03 19:48:33,199 autoreload 20012 1892 C:\Users\USER\Documents\proyecto final\backend\config\settings.py changed, reloading.
INFO 2026-05-03 19:48:33,594 autoreload 17768 17108 C:\Users\USER\Documents\proyecto final\backend\config\settings.py changed, reloading.
INFO 2026-05-03 19:48:33,599 autoreload 26976 23320 C:\Users\USER\Documents\proyecto final\backend\config\settings.py changed, reloading.
INFO 2026-05-03 19:48:35,198 autoreload 14468 26488 Watching for file changes with StatReloader
INFO 2026-05-03 19:48:35,379 autoreload 1832 15200 Watching for file changes with StatReloader
INFO 2026-05-03 19:48:35,404 autoreload 16820 19228 Watching for file changes with StatReloader
INFO 2026-05-03 19:48:59,668 autoreload 1832 15200 C:\Users\USER\Documents\proyecto final\backend\config\urls.py changed, reloading.
INFO 2026-05-03 19:48:59,694 autoreload 16820 19228 C:\Users\USER\Documents\proyecto final\backend\config\urls.py changed, reloading.
INFO 2026-05-03 19:49:00,566 autoreload 14468 26488 C:\Users\USER\Documents\proyecto final\backend\config\urls.py changed, reloading.
INFO 2026-05-03 19:49:01,894 autoreload 13176 26500 Watching for file changes with StatReloader
INFO 2026-05-03 19:49:02,587 autoreload 25532 21492 Watching for file changes with StatReloader
INFO 2026-05-03 19:52:24,023 log 13176 7684 "OPTIONS /api/v1/auth/notifications/6/read/ HTTP/1.1" 200 0
WARNING 2026-05-03 19:52:24,045 log 13176 7684 Forbidden: /api/v1/courses/catalog/django-rest-avanzado/
WARNING 2026-05-03 19:52:24,045 log 13176 7684 "GET /api/v1/courses/catalog/django-rest-avanzado/ HTTP/1.1" 403 59
INFO 2026-05-03 19:52:24,061 log 13176 9720 "PATCH /api/v1/auth/notifications/6/read/ HTTP/1.1" 200 20
INFO 2026-05-03 19:52:24,812 log 13176 9720 "GET /api/v1/auth/notifications/ HTTP/1.1" 200 507
INFO 2026-05-03 19:52:24,814 log 13176 7684 "OPTIONS /api/v1/courses/catalog/ HTTP/1.1" 200 0
INFO 2026-05-03 19:52:24,824 log 13176 9720 "GET /api/v1/auth/profile/ HTTP/1.1" 200 244
INFO 2026-05-03 19:52:24,838 log 13176 7684 "GET /api/v1/courses/catalog/ HTTP/1.1" 200 649
INFO 2026-05-03 19:52:33,678 log 13176 7684 "OPTIONS /api/v1/courses/catalog/curso-premium-ia/ HTTP/1.1" 200 0
WARNING 2026-05-03 19:52:33,686 log 13176 7684 Forbidden: /api/v1/courses/catalog/curso-premium-ia/
WARNING 2026-05-03 19:52:33,687 log 13176 7684 "GET /api/v1/courses/catalog/curso-premium-ia/ HTTP/1.1" 403 59
INFO 2026-05-03 19:52:34,738 log 13176 13392 "GET /api/v1/auth/profile/ HTTP/1.1" 200 244
INFO 2026-05-03 19:52:34,741 log 13176 7684 "GET /api/v1/auth/notifications/ HTTP/1.1" 200 507
INFO 2026-05-03 19:52:34,746 log 13176 9720 "GET /api/v1/courses/catalog/ HTTP/1.1" 200 649
WARNING 2026-05-03 19:52:41,214 log 13176 9720 Not Found: /api/v1/gamification/dashboard/
WARNING 2026-05-03 19:52:41,215 log 13176 9720 "GET /api/v1/gamification/dashboard/ HTTP/1.1" 404 13126
INFO 2026-05-03 19:52:41,259 log 13176 9720 "GET /api/v1/auth/notifications/ HTTP/1.1" 200 507
INFO 2026-05-03 19:52:42,215 log 13176 9720 "OPTIONS /api/v1/gamification/progress/ HTTP/1.1" 200 0
WARNING 2026-05-03 19:52:42,227 log 13176 9720 Not Found: /api/v1/gamification/progress/
WARNING 2026-05-03 19:52:42,228 log 13176 9720 "GET /api/v1/gamification/progress/ HTTP/1.1" 404 13123
INFO 2026-05-03 19:52:42,258 log 13176 9720 "GET /api/v1/auth/notifications/ HTTP/1.1" 200 507
INFO 2026-05-03 19:53:41,370 log 13176 9720 "GET /api/v1/auth/profile/ HTTP/1.1" 200 244
INFO 2026-05-03 19:57:55,899 log 13176 2256 "POST /api/v1/auth/login/ HTTP/1.1" 200 506
INFO 2026-05-03 19:57:55,915 log 13176 9720 "GET /api/v1/auth/profile/ HTTP/1.1" 200 244
WARNING 2026-05-03 19:57:55,982 log 13176 9720 Not Found: /api/v1/gamification/dashboard/
WARNING 2026-05-03 19:57:55,985 log 13176 9720 "GET /api/v1/gamification/dashboard/ HTTP/1.1" 404 13126
INFO 2026-05-03 19:57:56,094 log 13176 9720 "GET /api/v1/auth/notifications/ HTTP/1.1" 200 507
WARNING 2026-05-03 19:58:02,572 log 13176 9720 Not Found: /api/v1/gamification/progress/
WARNING 2026-05-03 19:58:02,573 log 13176 9720 "GET /api/v1/gamification/progress/ HTTP/1.1" 404 13123
INFO 2026-05-03 19:58:02,611 log 13176 9720 "GET /api/v1/auth/notifications/ HTTP/1.1" 200 507
INFO 2026-05-04 08:03:59,745 autoreload 6576 6812 Watching for file changes with StatReloader
INFO 2026-05-04 08:04:40,184 log 13176 12236 "OPTIONS /api/v1/auth/profile/ HTTP/1.1" 200 0
WARNING 2026-05-04 08:04:40,196 log 13176 12236 Unauthorized: /api/v1/auth/profile/
WARNING 2026-05-04 08:04:40,196 log 13176 12236 "GET /api/v1/auth/profile/ HTTP/1.1" 401 172
INFO 2026-05-04 08:04:58,037 log 13176 12236 "OPTIONS /api/v1/auth/login/ HTTP/1.1" 200 0
WARNING 2026-05-04 08:04:58,354 log 13176 15892 Unauthorized: /api/v1/auth/login/
WARNING 2026-05-04 08:04:58,355 log 13176 15892 "POST /api/v1/auth/login/ HTTP/1.1" 401 44
WARNING 2026-05-04 08:05:28,737 log 13176 15892 Unauthorized: /api/v1/auth/login/
WARNING 2026-05-04 08:05:28,738 log 13176 15892 "POST /api/v1/auth/login/ HTTP/1.1" 401 44
WARNING 2026-05-04 08:05:45,296 log 13176 15892 Unauthorized: /api/v1/auth/login/
WARNING 2026-05-04 08:05:45,297 log 13176 15892 "POST /api/v1/auth/login/ HTTP/1.1" 401 44
INFO 2026-05-04 08:05:52,547 log 13176 15892 "POST /api/v1/auth/login/ HTTP/1.1" 200 506
INFO 2026-05-04 08:05:52,559 log 13176 12236 "GET /api/v1/auth/profile/ HTTP/1.1" 200 245
INFO 2026-05-04 08:05:52,591 log 13176 12236 "OPTIONS /api/v1/gamification/dashboard/ HTTP/1.1" 200 0
WARNING 2026-05-04 08:05:52,609 log 13176 12236 Not Found: /api/v1/gamification/dashboard/
WARNING 2026-05-04 08:05:52,610 log 13176 12236 "GET /api/v1/gamification/dashboard/ HTTP/1.1" 404 13126
INFO 2026-05-04 08:05:52,658 log 13176 12236 "OPTIONS /api/v1/auth/notifications/ HTTP/1.1" 200 0
INFO 2026-05-04 08:05:52,671 log 13176 12236 "GET /api/v1/auth/notifications/ HTTP/1.1" 200 759
INFO 2026-05-04 08:05:55,229 log 13176 12236 "OPTIONS /api/v1/gamification/progress/ HTTP/1.1" 200 0
WARNING 2026-05-04 08:05:55,239 log 13176 12236 Not Found: /api/v1/gamification/progress/
WARNING 2026-05-04 08:05:55,240 log 13176 12236 "GET /api/v1/gamification/progress/ HTTP/1.1" 404 13123
INFO 2026-05-04 08:05:55,270 log 13176 12236 "GET /api/v1/auth/notifications/ HTTP/1.1" 200 759
INFO 2026-05-04 08:06:05,084 log 13176 15892 "POST /api/v1/auth/login/ HTTP/1.1" 200 506
INFO 2026-05-04 08:06:05,093 log 13176 12236 "GET /api/v1/auth/profile/ HTTP/1.1" 200 245
WARNING 2026-05-04 08:06:05,127 log 13176 12236 Not Found: /api/v1/gamification/dashboard/
WARNING 2026-05-04 08:06:05,128 log 13176 12236 "GET /api/v1/gamification/dashboard/ HTTP/1.1" 404 13126
INFO 2026-05-04 08:06:05,148 log 13176 12236 "GET /api/v1/auth/notifications/ HTTP/1.1" 200 759
INFO 2026-05-04 08:06:09,055 log 13176 12236 "GET /api/v1/auth/notifications/ HTTP/1.1" 200 759
INFO 2026-05-04 08:06:09,058 log 13176 12236 "OPTIONS /api/v1/courses/catalog/ HTTP/1.1" 200 0
INFO 2026-05-04 08:06:09,067 log 13176 12236 "GET /api/v1/auth/profile/ HTTP/1.1" 200 245
INFO 2026-05-04 08:06:09,086 log 13176 12236 "GET /api/v1/courses/catalog/ HTTP/1.1" 200 649
WARNING 2026-05-04 08:06:10,066 log 13176 12236 Not Found: /api/v1/gamification/progress/
WARNING 2026-05-04 08:06:10,067 log 13176 12236 "GET /api/v1/gamification/progress/ HTTP/1.1" 404 13123
INFO 2026-05-04 08:06:10,084 log 13176 12236 "GET /api/v1/auth/notifications/ HTTP/1.1" 200 759
INFO 2026-05-04 19:00:00,081 log 13176 4536 "OPTIONS /api/v1/auth/profile/ HTTP/1.1" 200 0
WARNING 2026-05-04 19:00:00,097 log 13176 4536 Unauthorized: /api/v1/auth/profile/
WARNING 2026-05-04 19:00:00,098 log 13176 4536 "GET /api/v1/auth/profile/ HTTP/1.1" 401 172
INFO 2026-05-04 19:00:07,651 log 13176 4536 "OPTIONS /api/v1/auth/login/ HTTP/1.1" 200 0
INFO 2026-05-04 19:00:09,414 log 13176 19616 "POST /api/v1/auth/login/ HTTP/1.1" 200 506
INFO 2026-05-04 19:00:09,434 log 13176 4536 "GET /api/v1/auth/profile/ HTTP/1.1" 200 245
INFO 2026-05-04 19:00:09,468 log 13176 4536 "OPTIONS /api/v1/gamification/dashboard/ HTTP/1.1" 200 0
WARNING 2026-05-04 19:00:09,494 log 13176 4536 Not Found: /api/v1/gamification/dashboard/
WARNING 2026-05-04 19:00:09,496 log 13176 4536 "GET /api/v1/gamification/dashboard/ HTTP/1.1" 404 13126
INFO 2026-05-04 19:00:09,566 log 13176 4536 "OPTIONS /api/v1/auth/notifications/ HTTP/1.1" 200 0
INFO 2026-05-04 19:00:09,585 log 13176 4536 "GET /api/v1/auth/notifications/ HTTP/1.1" 200 759
INFO 2026-05-04 19:00:14,665 log 13176 4536 "OPTIONS /api/v1/gamification/progress/ HTTP/1.1" 200 0
WARNING 2026-05-04 19:00:14,677 log 13176 4536 Not Found: /api/v1/gamification/progress/
WARNING 2026-05-04 19:00:14,678 log 13176 4536 "GET /api/v1/gamification/progress/ HTTP/1.1" 404 13123
INFO 2026-05-04 19:00:14,725 log 13176 4536 "GET /api/v1/auth/notifications/ HTTP/1.1" 200 759
INFO 2026-05-04 19:01:11,881 log 13176 4536 "GET /api/v1/auth/profile/ HTTP/1.1" 200 245
INFO 2026-05-04 19:01:16,957 log 13176 4536 "GET /api/v1/auth/profile/ HTTP/1.1" 200 245
INFO 2026-05-04 19:01:22,896 autoreload 25008 23004 C:\Users\USER\Documents\proyecto final\backend\config\urls.py changed, reloading.
INFO 2026-05-04 19:01:22,975 autoreload 6576 6812 C:\Users\USER\Documents\proyecto final\backend\config\urls.py changed, reloading.
INFO 2026-05-04 19:01:23,005 autoreload 13176 26500 C:\Users\USER\Documents\proyecto final\backend\config\urls.py changed, reloading.
INFO 2026-05-04 19:01:25,893 autoreload 7256 2560 Watching for file changes with StatReloader

INFO 2026-05-04 19:01:25,893 autoreload 2268 24844 Watching for file changes with StatReloader
INFO 2026-05-04 19:03:14,887 log 7256 11476 "POST /api/v1/auth/login/ HTTP/1.1" 200 506
INFO 2026-05-04 19:03:15,211 log 7256 3428 "GET /api/v1/auth/profile/ HTTP/1.1" 200 245
INFO 2026-05-04 19:03:15,315 log 7256 3428 "GET /api/v1/gamification/dashboard/ HTTP/1.1" 200 625
INFO 2026-05-04 19:03:15,399 log 7256 3428 "GET /api/v1/auth/notifications/ HTTP/1.1" 200 759
INFO 2026-05-04 19:03:18,590 log 7256 3428 "GET /api/v1/gamification/progress/ HTTP/1.1" 200 661
INFO 2026-05-04 19:03:18,620 log 7256 3428 "GET /api/v1/auth/notifications/ HTTP/1.1" 200 759
INFO 2026-05-04 19:03:21,044 log 7256 24360 "OPTIONS /api/v1/courses/catalog/ HTTP/1.1" 200 0
INFO 2026-05-04 19:03:21,069 log 7256 3428 "GET /api/v1/auth/notifications/ HTTP/1.1" 200 759
INFO 2026-05-04 19:03:21,073 log 7256 24360 "GET /api/v1/auth/profile/ HTTP/1.1" 200 245
INFO 2026-05-04 19:03:21,095 log 7256 3428 "GET /api/v1/courses/catalog/ HTTP/1.1" 200 649
INFO 2026-05-04 19:03:22,877 log 7256 3428 "GET /api/v1/auth/profile/ HTTP/1.1" 200 245
INFO 2026-05-04 19:03:22,883 log 7256 24360 "GET /api/v1/auth/notifications/ HTTP/1.1" 200 759
INFO 2026-05-04 19:03:24,443 log 7256 27476 "GET /api/v1/auth/profile/ HTTP/1.1" 200 245
INFO 2026-05-04 19:03:24,444 log 7256 24360 "GET /api/v1/auth/notifications/ HTTP/1.1" 200 759
INFO 2026-05-04 19:03:24,457 log 7256 3428 "GET /api/v1/courses/catalog/ HTTP/1.1" 200 649
INFO 2026-05-04 19:03:25,814 log 7256 3428 "OPTIONS /api/v1/courses/catalog/curso-premium-ia/ HTTP/1.1" 200 0
WARNING 2026-05-04 19:03:25,824 log 7256 3428 Forbidden: /api/v1/courses/catalog/curso-premium-ia/
WARNING 2026-05-04 19:03:25,825 log 7256 3428 "GET /api/v1/courses/catalog/curso-premium-ia/ HTTP/1.1" 403 59
INFO 2026-05-04 19:03:27,327 log 7256 24360 "GET /api/v1/auth/profile/ HTTP/1.1" 200 245
INFO 2026-05-04 19:03:27,328 log 7256 3428 "GET /api/v1/auth/notifications/ HTTP/1.1" 200 759
INFO 2026-05-04 19:03:27,338 log 7256 27476 "GET /api/v1/courses/catalog/ HTTP/1.1" 200 649
INFO 2026-05-04 19:03:33,696 log 7256 27476 "GET /api/v1/auth/profile/ HTTP/1.1" 200 245
INFO 2026-05-04 19:03:33,701 log 7256 24360 "GET /api/v1/auth/notifications/ HTTP/1.1" 200 759
INFO 2026-05-04 19:05:53,219 autoreload 24884 17332 C:\Users\USER\Documents\proyecto final\backend\config\urls.py changed, reloading.
INFO 2026-05-04 19:05:53,494 autoreload 2268 24844 C:\Users\USER\Documents\proyecto final\backend\config\urls.py changed, reloading.
INFO 2026-05-04 19:05:53,518 autoreload 7256 2560 C:\Users\USER\Documents\proyecto final\backend\config\urls.py changed, reloading.
INFO 2026-05-04 19:05:55,291 autoreload 24732 25240 Watching for file changes with StatReloader
INFO 2026-05-04 19:05:55,511 autoreload 17784 22676 Watching for file changes with StatReloader
INFO 2026-05-04 19:05:55,554 autoreload 23984 9984 Watching for file changes with StatReloader
INFO 2026-05-04 19:06:07,392 log 24732 3048 "GET /api/v1/auth/profile/ HTTP/1.1" 200 245
INFO 2026-05-04 19:06:07,401 log 24732 24184 "GET /api/v1/auth/notifications/ HTTP/1.1" 200 759
INFO 2026-05-04 19:06:17,443 log 17784 3104 "OPTIONS /api/v1/auth/profile/ HTTP/1.1" 200 0
INFO 2026-05-04 19:06:17,447 log 17784 9212 "OPTIONS /api/v1/auth/notifications/ HTTP/1.1" 200 0
INFO 2026-05-04 19:06:17,500 log 17784 3104 "GET /api/v1/auth/profile/ HTTP/1.1" 200 245
INFO 2026-05-04 19:06:17,509 log 17784 9212 "GET /api/v1/auth/notifications/ HTTP/1.1" 200 759
INFO 2026-05-04 19:06:45,046 log 17784 9212 "GET /api/v1/auth/profile/ HTTP/1.1" 200 245
INFO 2026-05-04 19:06:45,052 log 17784 3104 "GET /api/v1/auth/notifications/ HTTP/1.1" 200 759
INFO 2026-05-04 19:06:55,189 log 17784 3104 "GET /api/v1/auth/profile/ HTTP/1.1" 200 245
INFO 2026-05-04 19:06:55,195 log 17784 9212 "GET /api/v1/auth/notifications/ HTTP/1.1" 200 759
INFO 2026-05-04 19:07:09,208 log 17784 9212 "GET /api/v1/auth/profile/ HTTP/1.1" 200 245
INFO 2026-05-04 19:07:09,216 log 17784 3104 "GET /api/v1/auth/notifications/ HTTP/1.1" 200 759
INFO 2026-05-04 19:08:20,712 log 17784 9212 "OPTIONS /api/v1/courses/catalog/ HTTP/1.1" 200 0
INFO 2026-05-04 19:08:20,721 log 17784 3104 "GET /api/v1/auth/notifications/ HTTP/1.1" 200 759
INFO 2026-05-04 19:08:20,733 log 17784 9212 "GET /api/v1/auth/profile/ HTTP/1.1" 200 245
INFO 2026-05-04 19:08:20,751 log 17784 3104 "GET /api/v1/courses/catalog/ HTTP/1.1" 200 649
INFO 2026-05-04 19:08:22,332 log 17784 3104 "OPTIONS /api/v1/courses/catalog/curso-premium-ia/ HTTP/1.1" 200 0
WARNING 2026-05-04 19:08:22,349 log 17784 3104 Forbidden: /api/v1/courses/catalog/curso-premium-ia/
WARNING 2026-05-04 19:08:22,351 log 17784 3104 "GET /api/v1/courses/catalog/curso-premium-ia/ HTTP/1.1" 403 59
INFO 2026-05-04 19:08:22,415 log 17784 3104 "GET /api/v1/auth/profile/ HTTP/1.1" 200 245
INFO 2026-05-04 19:08:22,420 log 17784 9212 "GET /api/v1/auth/notifications/ HTTP/1.1" 200 759
INFO 2026-05-04 19:09:05,467 log 17784 9212 "GET /api/v1/auth/notifications/ HTTP/1.1" 200 759
INFO 2026-05-04 19:09:05,467 log 17784 12392 "GET /api/v1/auth/profile/ HTTP/1.1" 200 245
INFO 2026-05-04 19:09:05,482 log 17784 3104 "GET /api/v1/courses/catalog/ HTTP/1.1" 200 649
INFO 2026-05-04 19:10:05,527 autoreload 24732 25240 C:\Users\USER\Documents\proyecto final\backend\billing\views.py changed, reloading.
INFO 2026-05-04 19:10:05,616 autoreload 17784 22676 C:\Users\USER\Documents\proyecto final\backend\billing\views.py changed, reloading.
INFO 2026-05-04 19:10:06,014 autoreload 23984 9984 C:\Users\USER\Documents\proyecto final\backend\billing\views.py changed, reloading.
INFO 2026-05-04 19:10:08,043 autoreload 5376 12248 Watching for file changes with StatReloader
INFO 2026-05-04 19:10:08,047 autoreload 11776 1900 Watching for file changes with StatReloader
INFO 2026-05-04 19:10:08,228 autoreload 3436 23632 Watching for file changes with StatReloader
INFO 2026-05-04 19:10:19,577 log 11776 16988 "GET /api/v1/auth/profile/ HTTP/1.1" 200 245
INFO 2026-05-04 19:10:19,581 log 11776 3592 "GET /api/v1/courses/catalog/ HTTP/1.1" 200 649
INFO 2026-05-04 19:10:19,586 log 11776 25664 "GET /api/v1/auth/notifications/ HTTP/1.1" 200 759
INFO 2026-05-04 19:10:25,028 log 11776 25664 "GET /api/v1/auth/notifications/ HTTP/1.1" 200 759
INFO 2026-05-04 19:10:25,028 log 11776 16988 "GET /api/v1/auth/profile/ HTTP/1.1" 200 245
INFO 2026-05-04 19:10:25,035 log 11776 3592 "GET /api/v1/courses/catalog/ HTTP/1.1" 200 649
INFO 2026-05-04 19:25:02,014 log 11776 1908 "GET /api/v1/auth/notifications/ HTTP/1.1" 200 759
INFO 2026-05-04 19:25:02,017 log 11776 13792 "GET /api/v1/auth/profile/ HTTP/1.1" 200 245
INFO 2026-05-04 19:25:02,021 log 11776 7564 "GET /api/v1/courses/catalog/ HTTP/1.1" 200 649
INFO 2026-05-04 19:25:05,131 log 11776 7564 "GET /api/v1/auth/profile/ HTTP/1.1" 200 245
INFO 2026-05-04 19:25:05,135 log 11776 13792 "GET /api/v1/auth/notifications/ HTTP/1.1" 200 759
INFO 2026-05-04 19:26:19,319 autoreload 11776 1900 C:\Users\USER\Documents\proyecto final\backend\billing\views.py changed, reloading.
INFO 2026-05-04 19:26:19,627 autoreload 3436 23632 C:\Users\USER\Documents\proyecto final\backend\billing\views.py changed, reloading.
INFO 2026-05-04 19:26:19,758 autoreload 5376 12248 C:\Users\USER\Documents\proyecto final\backend\billing\views.py changed, reloading.
INFO 2026-05-04 19:26:22,201 autoreload 4188 21304 Watching for file changes with StatReloader
INFO 2026-05-04 19:26:22,207 autoreload 3708 24848 Watching for file changes with StatReloader
INFO 2026-05-04 19:26:22,309 autoreload 26840 14164 Watching for file changes with StatReloader
INFO 2026-05-04 19:26:26,283 log 4188 27044 "OPTIONS /api/v1/auth/profile/ HTTP/1.1" 200 0
INFO 2026-05-04 19:26:26,300 log 4188 5776 "OPTIONS /api/v1/auth/notifications/ HTTP/1.1" 200 0
INFO 2026-05-04 19:26:26,331 log 4188 27044 "GET /api/v1/auth/profile/ HTTP/1.1" 200 245
INFO 2026-05-04 19:26:26,346 log 4188 5776 "GET /api/v1/auth/notifications/ HTTP/1.1" 200 759
INFO 2026-05-04 19:26:33,190 log 4188 5776 "GET /api/v1/auth/profile/ HTTP/1.1" 200 245
INFO 2026-05-04 19:26:33,216 log 4188 5776 "GET /api/v1/auth/notifications/ HTTP/1.1" 200 759
INFO 2026-05-04 20:11:42,655 log 4188 18028 "OPTIONS /api/v1/billing/pay/simulate/ HTTP/1.1" 200 0
WARNING 2026-05-04 20:11:42,659 log 4188 18028 Unauthorized: /api/v1/billing/pay/simulate/
WARNING 2026-05-04 20:11:42,660 log 4188 18028 "POST /api/v1/billing/pay/simulate/ HTTP/1.1" 401 172
INFO 2026-05-04 20:11:52,194 log 4188 18028 "OPTIONS /api/v1/auth/login/ HTTP/1.1" 200 0
INFO 2026-05-04 20:11:53,613 log 4188 19892 "POST /api/v1/auth/login/ HTTP/1.1" 200 506
INFO 2026-05-04 20:11:53,625 log 4188 18028 "GET /api/v1/auth/profile/ HTTP/1.1" 200 245
INFO 2026-05-04 20:11:53,647 log 4188 18028 "OPTIONS /api/v1/gamification/dashboard/ HTTP/1.1" 200 0
WARNING 2026-05-04 20:11:53,658 log 4188 18028 Not Found: /api/v1/gamification/dashboard/
WARNING 2026-05-04 20:11:53,659 log 4188 18028 "GET /api/v1/gamification/dashboard/ HTTP/1.1" 404 13126
INFO 2026-05-04 20:11:53,697 log 4188 18028 "GET /api/v1/auth/notifications/ HTTP/1.1" 200 759
INFO 2026-05-04 20:11:56,953 log 4188 18028 "GET /api/v1/auth/profile/ HTTP/1.1" 200 245
INFO 2026-05-04 20:11:56,964 log 4188 18560 "GET /api/v1/auth/notifications/ HTTP/1.1" 200 759
INFO 2026-05-04 20:11:57,984 log 4188 18028 "OPTIONS /api/v1/courses/catalog/ HTTP/1.1" 200 0
INFO 2026-05-04 20:11:57,998 log 4188 18560 "GET /api/v1/auth/notifications/ HTTP/1.1" 200 759
INFO 2026-05-04 20:11:58,005 log 4188 18028 "GET /api/v1/auth/profile/ HTTP/1.1" 200 245
INFO 2026-05-04 20:11:58,018 log 4188 10372 "GET /api/v1/courses/catalog/ HTTP/1.1" 200 649
INFO 2026-05-04 20:11:59,075 log 4188 10372 "OPTIONS /api/v1/gamification/progress/ HTTP/1.1" 200 0
WARNING 2026-05-04 20:11:59,084 log 4188 10372 Not Found: /api/v1/gamification/progress/
WARNING 2026-05-04 20:11:59,085 log 4188 10372 "GET /api/v1/gamification/progress/ HTTP/1.1" 404 13123
INFO 2026-05-04 20:11:59,127 log 4188 10372 "GET /api/v1/auth/notifications/ HTTP/1.1" 200 759
WARNING 2026-05-04 20:12:00,066 log 4188 10372 Not Found: /api/v1/gamification/dashboard/
WARNING 2026-05-04 20:12:00,068 log 4188 10372 "GET /api/v1/gamification/dashboard/ HTTP/1.1" 404 13126
INFO 2026-05-04 20:12:00,112 log 4188 10372 "GET /api/v1/auth/notifications/ HTTP/1.1" 200 759
INFO 2026-05-04 20:12:01,336 log 4188 10372 "GET /api/v1/auth/profile/ HTTP/1.1" 200 245
INFO 2026-05-04 20:12:01,345 log 4188 18028 "GET /api/v1/auth/notifications/ HTTP/1.1" 200 759
INFO 2026-05-04 20:12:45,723 autoreload 3708 24848 C:\Users\USER\Documents\proyecto final\backend\learning\services.py changed, reloading.
INFO 2026-05-04 20:12:46,023 autoreload 4188 21304 C:\Users\USER\Documents\proyecto final\backend\learning\services.py changed, reloading.
INFO 2026-05-04 20:12:46,423 autoreload 26840 14164 C:\Users\USER\Documents\proyecto final\backend\learning\services.py changed, reloading.
INFO 2026-05-04 20:12:48,528 autoreload 4844 18344 Watching for file changes with StatReloader
INFO 2026-05-04 20:12:48,529 autoreload 12704 18080 Watching for file changes with StatReloader
INFO 2026-05-04 20:12:48,682 autoreload 3900 22684 Watching for file changes with StatReloader
INFO 2026-05-04 20:12:54,670 autoreload 4844 18344 C:\Users\USER\Documents\proyecto final\backend\users\views.py changed, reloading.
INFO 2026-05-04 20:12:54,679 autoreload 12704 18080 C:\Users\USER\Documents\proyecto final\backend\users\views.py changed, reloading.
INFO 2026-05-04 20:12:54,680 autoreload 3900 22684 C:\Users\USER\Documents\proyecto final\backend\users\views.py changed, reloading.
INFO 2026-05-04 20:12:56,629 autoreload 27540 25900 Watching for file changes with StatReloader
INFO 2026-05-04 20:12:56,630 autoreload 17776 23408 Watching for file changes with StatReloader
INFO 2026-05-04 20:12:56,630 autoreload 7164 12348 Watching for file changes with StatReloader
INFO 2026-05-04 20:13:04,477 autoreload 27540 25900 C:\Users\USER\Documents\proyecto final\backend\users\views.py changed, reloading.
INFO 2026-05-04 20:13:04,518 autoreload 17776 23408 C:\Users\USER\Documents\proyecto final\backend\users\views.py changed, reloading.
INFO 2026-05-04 20:13:04,555 autoreload 7164 12348 C:\Users\USER\Documents\proyecto final\backend\users\views.py changed, reloading.
INFO 2026-05-04 20:13:06,997 autoreload 9348 13064 Watching for file changes with StatReloader
INFO 2026-05-04 20:13:07,002 autoreload 24944 14280 Watching for file changes with StatReloader
INFO 2026-05-04 20:13:07,005 autoreload 24808 6300 Watching for file changes with StatReloader
INFO 2026-05-04 20:25:45,269 log 24944 896 "GET /api/v1/auth/profile/ HTTP/1.1" 200 245
INFO 2026-05-04 20:25:45,297 log 24944 15456 "GET /api/v1/auth/notifications/ HTTP/1.1" 200 759
INFO 2026-05-04 20:26:04,212 log 24944 15456 "POST /api/v1/billing/pay/simulate/ HTTP/1.1" 200 116
WARNING 2026-05-04 20:26:06,261 log 24944 896 Not Found: /api/v1/gamification/dashboard/
WARNING 2026-05-04 20:26:06,265 log 24944 896 "GET /api/v1/gamification/dashboard/ HTTP/1.1" 404 13126
INFO 2026-05-04 20:26:06,265 log 24944 15456 "GET /api/v1/auth/profile/ HTTP/1.1" 200 247
INFO 2026-05-04 20:26:06,300 log 24944 15456 "GET /api/v1/auth/notifications/ HTTP/1.1" 200 1021
WARNING 2026-05-04 20:26:09,946 log 24944 15456 Not Found: /api/v1/gamification/progress/
WARNING 2026-05-04 20:26:09,947 log 24944 15456 "GET /api/v1/gamification/progress/ HTTP/1.1" 404 13123
INFO 2026-05-04 20:26:09,988 log 24944 15456 "GET /api/v1/auth/notifications/ HTTP/1.1" 200 1021
INFO 2026-05-04 20:26:11,263 log 24944 15456 "GET /api/v1/auth/notifications/ HTTP/1.1" 200 1021
INFO 2026-05-04 20:26:11,265 log 24944 22008 "GET /api/v1/auth/profile/ HTTP/1.1" 200 247
INFO 2026-05-04 20:26:11,268 log 24944 896 "GET /api/v1/courses/catalog/ HTTP/1.1" 200 649
INFO 2026-05-04 20:26:12,920 log 24944 896 "GET /api/v1/auth/profile/ HTTP/1.1" 200 247
INFO 2026-05-04 20:26:12,925 log 24944 22008 "GET /api/v1/auth/notifications/ HTTP/1.1" 200 1021
WARNING 2026-05-04 20:26:14,492 log 24944 22008 Not Found: /api/v1/gamification/dashboard/
WARNING 2026-05-04 20:26:14,494 log 24944 22008 "GET /api/v1/gamification/dashboard/ HTTP/1.1" 404 13126
INFO 2026-05-04 20:26:14,511 log 24944 22008 "GET /api/v1/auth/notifications/ HTTP/1.1" 200 1021
INFO 2026-05-04 20:27:07,006 log 24944 22008 "GET /api/v1/auth/profile/ HTTP/1.1" 200 247
WARNING 2026-05-04 20:27:07,022 log 24944 22008 Not Found: /api/v1/gamification/dashboard/
WARNING 2026-05-04 20:27:07,023 log 24944 22008 "GET /api/v1/gamification/dashboard/ HTTP/1.1" 404 13126
INFO 2026-05-04 20:27:07,086 log 24944 22008 "GET /api/v1/auth/notifications/ HTTP/1.1" 200 1021
INFO 2026-05-04 20:32:29,312 log 24944 14768 "GET /api/v1/auth/profile/ HTTP/1.1" 200 247
WARNING 2026-05-04 20:32:29,329 log 24944 14768 Not Found: /api/v1/gamification/dashboard/
WARNING 2026-05-04 20:32:29,330 log 24944 14768 "GET /api/v1/gamification/dashboard/ HTTP/1.1" 404 13126
INFO 2026-05-04 20:32:29,665 log 24944 14768 "GET /api/v1/auth/notifications/ HTTP/1.1" 200 1021
INFO 2026-05-04 20:34:16,366 log 24944 14748 "GET /api/v1/auth/profile/ HTTP/1.1" 200 247
WARNING 2026-05-04 20:34:16,387 log 24944 14748 Not Found: /api/v1/gamification/dashboard/
WARNING 2026-05-04 20:34:16,388 log 24944 14748 "GET /api/v1/gamification/dashboard/ HTTP/1.1" 404 13126
INFO 2026-05-04 20:34:18,540 log 24944 9164 "GET /api/v1/auth/notifications/ HTTP/1.1" 200 1021
INFO 2026-05-04 20:34:22,423 log 24944 9164 "OPTIONS /api/v1/auth/logout/ HTTP/1.1" 200 0
INFO 2026-05-04 20:34:22,444 log 24944 9164 "POST /api/v1/auth/logout/ HTTP/1.1" 205 0
INFO 2026-05-04 20:34:31,869 log 24944 2988 "POST /api/v1/auth/login/ HTTP/1.1" 200 506
INFO 2026-05-04 20:34:31,883 log 24944 9164 "GET /api/v1/auth/profile/ HTTP/1.1" 200 247
WARNING 2026-05-04 20:34:31,922 log 24944 9164 Not Found: /api/v1/gamification/dashboard/
WARNING 2026-05-04 20:34:31,924 log 24944 9164 "GET /api/v1/gamification/dashboard/ HTTP/1.1" 404 13126
INFO 2026-05-04 20:34:31,967 log 24944 9164 "GET /api/v1/auth/notifications/ HTTP/1.1" 200 1021
INFO 2026-05-04 20:35:12,141 autoreload 24808 6300 C:\Users\USER\Documents\proyecto final\backend\users\views.py changed, reloading.
INFO 2026-05-04 20:35:12,231 autoreload 9348 13064 C:\Users\USER\Documents\proyecto final\backend\users\views.py changed, reloading.
INFO 2026-05-04 20:35:12,822 autoreload 24944 14280 C:\Users\USER\Documents\proyecto final\backend\users\views.py changed, reloading.
INFO 2026-05-04 20:35:14,417 autoreload 25348 10748 Watching for file changes with StatReloader
INFO 2026-05-04 20:35:14,417 autoreload 9728 16312 Watching for file changes with StatReloader
INFO 2026-05-04 20:35:15,027 autoreload 4024 20756 Watching for file changes with StatReloader
INFO 2026-05-04 20:50:20,097 log 4024 4048 "GET /api/v1/auth/profile/ HTTP/1.1" 200 247
WARNING 2026-05-04 20:50:20,133 log 4024 4048 Not Found: /api/v1/gamification/dashboard/
WARNING 2026-05-04 20:50:20,135 log 4024 4048 "GET /api/v1/gamification/dashboard/ HTTP/1.1" 404 13126
INFO 2026-05-04 20:50:20,618 log 4024 4048 "GET /api/v1/auth/notifications/ HTTP/1.1" 200 1021
INFO 2026-05-04 20:50:28,133 log 4024 4048 "POST /api/v1/auth/logout/ HTTP/1.1" 205 0
INFO 2026-05-04 20:50:38,317 log 4024 2276 "POST /api/v1/auth/login/ HTTP/1.1" 200 506
INFO 2026-05-04 20:50:38,331 log 4024 4048 "GET /api/v1/auth/profile/ HTTP/1.1" 200 247
WARNING 2026-05-04 20:50:38,374 log 4024 4048 Not Found: /api/v1/gamification/dashboard/
WARNING 2026-05-04 20:50:38,376 log 4024 4048 "GET /api/v1/gamification/dashboard/ HTTP/1.1" 404 13126
INFO 2026-05-04 20:50:38,419 log 4024 4048 "GET /api/v1/auth/notifications/ HTTP/1.1" 200 1021
INFO 2026-05-04 20:50:45,194 log 4024 4048 "GET /api/v1/auth/profile/ HTTP/1.1" 200 247
INFO 2026-05-04 20:50:45,198 log 4024 5972 "GET /api/v1/auth/notifications/ HTTP/1.1" 200 1021
INFO 2026-05-04 20:51:02,497 log 4024 5972 "POST /api/v1/billing/pay/simulate/ HTTP/1.1" 200 116
WARNING 2026-05-04 20:51:04,547 log 4024 5972 Not Found: /api/v1/gamification/dashboard/
WARNING 2026-05-04 20:51:04,548 log 4024 5972 "GET /api/v1/gamification/dashboard/ HTTP/1.1" 404 13126
INFO 2026-05-04 20:51:04,569 log 4024 5972 "GET /api/v1/auth/notifications/ HTTP/1.1" 200 1283
INFO 2026-05-04 20:51:08,108 log 4024 5972 "GET /api/v1/auth/notifications/ HTTP/1.1" 200 1283
INFO 2026-05-04 20:51:08,114 log 4024 10508 "GET /api/v1/auth/profile/ HTTP/1.1" 200 247
INFO 2026-05-04 20:51:08,116 log 4024 4048 "GET /api/v1/courses/catalog/ HTTP/1.1" 200 649
INFO 2026-05-04 20:51:11,589 log 4024 4048 "OPTIONS /api/v1/courses/catalog/curso-premium-ia/ HTTP/1.1" 200 0
INFO 2026-05-04 20:51:11,609 log 4024 4048 "GET /api/v1/courses/catalog/curso-premium-ia/ HTTP/1.1" 200 189
INFO 2026-05-04 20:56:46,473 autoreload 4024 20756 C:\Users\USER\Documents\proyecto final\backend\courses\serializers.py changed, reloading.
INFO 2026-05-04 20:56:46,831 autoreload 9728 16312 C:\Users\USER\Documents\proyecto final\backend\courses\serializers.py changed, reloading.
INFO 2026-05-04 20:56:46,889 autoreload 25348 10748 C:\Users\USER\Documents\proyecto final\backend\courses\serializers.py changed, reloading.
INFO 2026-05-04 20:56:49,081 autoreload 21748 7744 Watching for file changes with StatReloader
INFO 2026-05-04 20:56:49,146 autoreload 19240 20956 Watching for file changes with StatReloader
INFO 2026-05-04 20:56:49,170 autoreload 18068 26200 Watching for file changes with StatReloader
INFO 2026-05-04 20:58:18,795 autoreload 19240 20956 C:\Users\USER\Documents\proyecto final\backend\ai_tools\services.py changed, reloading.
INFO 2026-05-04 20:58:18,872 autoreload 18068 26200 C:\Users\USER\Documents\proyecto final\backend\ai_tools\services.py changed, reloading.
INFO 2026-05-04 20:58:19,671 autoreload 21748 7744 C:\Users\USER\Documents\proyecto final\backend\ai_tools\services.py changed, reloading.
INFO 2026-05-04 20:58:21,504 autoreload 14840 2744 Watching for file changes with StatReloader
INFO 2026-05-04 20:58:21,522 autoreload 17320 26780 Watching for file changes with StatReloader
INFO 2026-05-04 20:58:21,950 autoreload 21236 16620 Watching for file changes with StatReloader
INFO 2026-05-04 20:58:33,919 autoreload 17320 26780 C:\Users\USER\Documents\proyecto final\backend\billing\models.py changed, reloading.
INFO 2026-05-04 20:58:33,931 autoreload 14840 2744 C:\Users\USER\Documents\proyecto final\backend\billing\models.py changed, reloading.
INFO 2026-05-04 20:58:34,178 autoreload 21236 16620 C:\Users\USER\Documents\proyecto final\backend\billing\models.py changed, reloading.
INFO 2026-05-04 20:58:35,840 autoreload 20092 8032 Watching for file changes with StatReloader
INFO 2026-05-04 20:58:35,847 autoreload 20564 2296 Watching for file changes with StatReloader
INFO 2026-05-04 20:58:36,055 autoreload 11536 21388 Watching for file changes with StatReloader
INFO 2026-05-04 21:02:17,083 autoreload 11536 21388 C:\Users\USER\Documents\proyecto final\backend\billing\views.py changed, reloading.
INFO 2026-05-04 21:02:17,102 autoreload 20092 8032 C:\Users\USER\Documents\proyecto final\backend\billing\views.py changed, reloading.
INFO 2026-05-04 21:02:17,482 autoreload 20564 2296 C:\Users\USER\Documents\proyecto final\backend\billing\views.py changed, reloading.
INFO 2026-05-04 21:02:18,638 autoreload 15752 19128 Watching for file changes with StatReloader
INFO 2026-05-04 21:02:18,644 autoreload 20048 20420 Watching for file changes with StatReloader
INFO 2026-05-04 21:02:19,023 autoreload 5880 23308 Watching for file changes with StatReloader
INFO 2026-05-04 21:02:29,268 autoreload 5880 23308 C:\Users\USER\Documents\proyecto final\backend\gamification\views.py changed, reloading.
INFO 2026-05-04 21:02:30,201 autoreload 15752 19128 C:\Users\USER\Documents\proyecto final\backend\gamification\views.py changed, reloading.
INFO 2026-05-04 21:02:30,204 autoreload 20048 20420 C:\Users\USER\Documents\proyecto final\backend\gamification\views.py changed, reloading.
INFO 2026-05-04 21:02:31,962 autoreload 16008 16216 Watching for file changes with StatReloader
INFO 2026-05-04 21:02:32,629 autoreload 27056 17636 Watching for file changes with StatReloader
INFO 2026-05-04 21:02:32,659 autoreload 10472 8820 Watching for file changes with StatReloader
INFO 2026-05-04 21:02:44,690 autoreload 27056 17636 C:\Users\USER\Documents\proyecto final\backend\gamification\urls.py changed, reloading.
INFO 2026-05-04 21:02:44,704 autoreload 10472 8820 C:\Users\USER\Documents\proyecto final\backend\gamification\urls.py changed, reloading.
INFO 2026-05-04 21:02:45,370 autoreload 16008 16216 C:\Users\USER\Documents\proyecto final\backend\gamification\urls.py changed, reloading.
INFO 2026-05-04 21:02:47,069 autoreload 2164 18236 Watching for file changes with StatReloader
INFO 2026-05-04 21:02:47,069 autoreload 22936 2704 Watching for file changes with StatReloader
INFO 2026-05-04 21:02:47,652 autoreload 17612 9484 Watching for file changes with StatReloader
INFO 2026-05-04 21:02:52,950 autoreload 2164 18236 C:\Users\USER\Documents\proyecto final\backend\learning\urls.py changed, reloading.
INFO 2026-05-04 21:02:52,953 autoreload 22936 2704 C:\Users\USER\Documents\proyecto final\backend\learning\urls.py changed, reloading.
INFO 2026-05-04 21:02:54,861 autoreload 17992 8704 Watching for file changes with StatReloader
INFO 2026-05-04 21:02:54,861 autoreload 7484 13008 Watching for file changes with StatReloader
INFO 2026-05-04 21:16:52,861 log 7484 20864 "GET /api/v1/courses/catalog/curso-premium-ia/ HTTP/1.1" 200 209
INFO 2026-05-04 21:16:59,038 log 7484 20864 "GET /api/v1/courses/catalog/curso-premium-ia/ HTTP/1.1" 200 209
INFO 2026-05-04 21:17:41,677 log 7484 25424 "GET /api/v1/courses/catalog/curso-premium-ia/ HTTP/1.1" 200 209
INFO 2026-05-04 21:35:07,853 log 7484 17120 "GET /api/v1/courses/catalog/curso-premium-ia/ HTTP/1.1" 200 209
INFO 2026-05-04 21:46:59,064 log 7484 11320 "GET /api/v1/courses/catalog/curso-premium-ia/ HTTP/1.1" 200 209
WARNING 2026-05-04 22:08:09,756 log 7484 7592 Unauthorized: /api/v1/courses/catalog/curso-premium-ia/
WARNING 2026-05-04 22:08:09,757 log 7484 7592 "GET /api/v1/courses/catalog/curso-premium-ia/ HTTP/1.1" 401 172
INFO 2026-05-04 22:08:09,998 log 7484 7592 "OPTIONS /api/v1/auth/notifications/ HTTP/1.1" 200 0
WARNING 2026-05-04 22:08:10,004 log 7484 7592 Unauthorized: /api/v1/auth/notifications/
WARNING 2026-05-04 22:08:10,006 log 7484 7592 "GET /api/v1/auth/notifications/ HTTP/1.1" 401 172
INFO 2026-05-04 22:08:10,036 log 7484 7592 "GET /api/v1/courses/catalog/ HTTP/1.1" 200 649
INFO 2026-05-05 06:34:41,939 autoreload 17612 9484 C:\Users\USER\Documents\proyecto final\backend\config\urls.py changed, reloading.
INFO 2026-05-05 06:34:42,105 autoreload 17992 8704 C:\Users\USER\Documents\proyecto final\backend\config\urls.py changed, reloading.
INFO 2026-05-05 06:34:42,148 autoreload 7484 13008 C:\Users\USER\Documents\proyecto final\backend\config\urls.py changed, reloading.
INFO 2026-05-05 06:34:44,636 autoreload 15368 20092 Watching for file changes with StatReloader
INFO 2026-05-05 06:34:44,637 autoreload 19328 15688 Watching for file changes with StatReloader
INFO 2026-05-05 06:34:44,637 autoreload 12112 18040 Watching for file changes with StatReloader
INFO 2026-05-05 07:23:59,637 autoreload 12372 12668 Watching for file changes with StatReloader
INFO 2026-05-05 07:34:05,096 log 12372 14680 "OPTIONS /api/v1/auth/login/ HTTP/1.1" 200 0
WARNING 2026-05-05 07:34:05,110 log 12372 14680 Unauthorized: /api/v1/auth/login/
WARNING 2026-05-05 07:34:05,112 log 12372 14680 "POST /api/v1/auth/login/ HTTP/1.1" 401 78
WARNING 2026-05-05 07:34:10,439 log 12372 14680 Unauthorized: /api/v1/auth/login/
WARNING 2026-05-05 07:34:10,440 log 12372 14680 "POST /api/v1/auth/login/ HTTP/1.1" 401 78
WARNING 2026-05-05 07:34:12,065 log 12372 14680 Unauthorized: /api/v1/auth/login/
WARNING 2026-05-05 07:34:12,066 log 12372 14680 "POST /api/v1/auth/login/ HTTP/1.1" 401 78
WARNING 2026-05-05 07:34:12,260 log 12372 14680 Unauthorized: /api/v1/auth/login/
WARNING 2026-05-05 07:34:12,261 log 12372 14680 "POST /api/v1/auth/login/ HTTP/1.1" 401 78
INFO 2026-05-05 07:34:15,730 log 12372 14680 "POST /api/v1/auth/login/ HTTP/1.1" 200 506
INFO 2026-05-05 07:34:15,735 log 12372 14680 "OPTIONS /api/v1/auth/profile/ HTTP/1.1" 200 0
INFO 2026-05-05 07:34:15,742 log 12372 14680 "GET /api/v1/auth/profile/ HTTP/1.1" 200 247
INFO 2026-05-05 07:34:15,766 log 12372 14680 "OPTIONS /api/v1/gamification/dashboard/ HTTP/1.1" 200 0
INFO 2026-05-05 07:34:15,785 log 12372 14680 "GET /api/v1/gamification/dashboard/ HTTP/1.1" 200 754
INFO 2026-05-05 07:34:15,809 log 12372 14680 "OPTIONS /api/v1/auth/notifications/ HTTP/1.1" 200 0
INFO 2026-05-05 07:34:15,822 log 12372 14680 "GET /api/v1/auth/notifications/ HTTP/1.1" 200 1283
INFO 2026-05-05 07:34:22,667 log 12372 14680 "OPTIONS /api/v1/gamification/progress/ HTTP/1.1" 200 0
INFO 2026-05-05 07:34:22,680 log 12372 14680 "GET /api/v1/gamification/progress/ HTTP/1.1" 200 664
INFO 2026-05-05 07:34:22,701 log 12372 14680 "GET /api/v1/auth/notifications/ HTTP/1.1" 200 1283
INFO 2026-05-05 07:34:24,106 log 12372 27628 "OPTIONS /api/v1/courses/catalog/ HTTP/1.1" 200 0
INFO 2026-05-05 07:34:24,115 log 12372 14680 "GET /api/v1/auth/notifications/ HTTP/1.1" 200 1283
INFO 2026-05-05 07:34:24,119 log 12372 27628 "GET /api/v1/auth/profile/ HTTP/1.1" 200 247
INFO 2026-05-05 07:34:24,127 log 12372 12424 "GET /api/v1/courses/catalog/ HTTP/1.1" 200 649
INFO 2026-05-05 07:34:24,952 log 12372 12424 "GET /api/v1/auth/profile/ HTTP/1.1" 200 247
INFO 2026-05-05 07:34:24,956 log 12372 27628 "GET /api/v1/auth/notifications/ HTTP/1.1" 200 1283
INFO 2026-05-05 07:34:27,647 log 12372 14680 "GET /api/v1/auth/profile/ HTTP/1.1" 200 247
INFO 2026-05-05 07:34:27,649 log 12372 27628 "GET /api/v1/auth/notifications/ HTTP/1.1" 200 1283
INFO 2026-05-05 07:34:27,653 log 12372 12424 "GET /api/v1/courses/catalog/ HTTP/1.1" 200 649
INFO 2026-05-05 07:34:42,940 log 12372 12424 "OPTIONS /api/v1/courses/catalog/curso-premium-ia/ HTTP/1.1" 200 0
INFO 2026-05-05 07:34:42,954 log 12372 12424 "GET /api/v1/courses/catalog/curso-premium-ia/ HTTP/1.1" 200 209
INFO 2026-05-05 07:34:46,091 log 12372 14680 "GET /api/v1/auth/profile/ HTTP/1.1" 200 247
INFO 2026-05-05 07:34:46,091 log 12372 12424 "GET /api/v1/auth/notifications/ HTTP/1.1" 200 1283
INFO 2026-05-05 07:34:46,098 log 12372 27628 "GET /api/v1/courses/catalog/ HTTP/1.1" 200 649
INFO 2026-05-05 07:34:47,976 log 12372 27628 "GET /api/v1/gamification/dashboard/ HTTP/1.1" 200 742
INFO 2026-05-05 07:34:47,993 log 12372 27628 "GET /api/v1/auth/notifications/ HTTP/1.1" 200 1283
INFO 2026-05-05 07:34:52,840 log 12372 27628 "OPTIONS /api/v1/auth/logout/ HTTP/1.1" 200 0
INFO 2026-05-05 07:34:52,856 log 12372 27628 "POST /api/v1/auth/logout/ HTTP/1.1" 205 0
WARNING 2026-05-05 07:35:01,536 log 12372 27628 Unauthorized: /api/v1/auth/login/
WARNING 2026-05-05 07:35:01,536 log 12372 27628 "POST /api/v1/auth/login/ HTTP/1.1" 401 78
WARNING 2026-05-05 07:35:12,930 log 12372 27628 Unauthorized: /api/v1/auth/login/
WARNING 2026-05-05 07:35:12,931 log 12372 27628 "POST /api/v1/auth/login/ HTTP/1.1" 401 83
INFO 2026-05-05 07:35:20,201 log 12372 27628 "POST /api/v1/auth/login/ HTTP/1.1" 200 506
INFO 2026-05-05 07:35:20,211 log 12372 27628 "GET /api/v1/auth/profile/ HTTP/1.1" 200 247
INFO 2026-05-05 07:35:20,244 log 12372 27628 "GET /api/v1/gamification/dashboard/ HTTP/1.1" 200 742
INFO 2026-05-05 07:35:20,263 log 12372 27628 "GET /api/v1/auth/notifications/ HTTP/1.1" 200 1283
INFO 2026-05-05 07:35:26,384 log 12372 27628 "GET /api/v1/auth/profile/ HTTP/1.1" 200 247
INFO 2026-05-05 07:35:26,422 log 12372 27628 "GET /api/v1/auth/notifications/ HTTP/1.1" 200 1283
INFO 2026-05-05 07:35:33,334 log 12372 27628 "GET /api/v1/auth/profile/ HTTP/1.1" 200 247
INFO 2026-05-05 07:35:33,338 log 12372 12424 "GET /api/v1/auth/notifications/ HTTP/1.1" 200 1283
INFO 2026-05-05 07:35:52,289 log 12372 12424 "GET /api/v1/gamification/progress/ HTTP/1.1" 200 664
INFO 2026-05-05 07:35:52,303 log 12372 12424 "GET /api/v1/auth/notifications/ HTTP/1.1" 200 1283
INFO 2026-05-05 07:36:10,384 log 12372 12424 "GET /api/v1/gamification/dashboard/ HTTP/1.1" 200 691
INFO 2026-05-05 07:36:10,400 log 12372 12424 "GET /api/v1/auth/notifications/ HTTP/1.1" 200 1283
INFO 2026-05-05 07:36:11,528 log 12372 12424 "GET /api/v1/auth/profile/ HTTP/1.1" 200 247
INFO 2026-05-05 07:36:11,532 log 12372 27628 "GET /api/v1/auth/notifications/ HTTP/1.1" 200 1283
INFO 2026-05-05 07:36:42,531 log 12372 27628 "OPTIONS /api/v1/billing/pay/simulate/ HTTP/1.1" 200 0
INFO 2026-05-05 07:36:42,572 log 12372 27628 "POST /api/v1/billing/pay/simulate/ HTTP/1.1" 200 116
INFO 2026-05-05 07:36:42,585 log 12372 27628 "GET /api/v1/auth/profile/ HTTP/1.1" 200 247
INFO 2026-05-05 07:36:44,607 log 12372 27628 "GET /api/v1/gamification/dashboard/ HTTP/1.1" 200 754
INFO 2026-05-05 07:36:44,625 log 12372 27628 "GET /api/v1/auth/notifications/ HTTP/1.1" 200 1546
INFO 2026-05-05 07:36:54,370 log 12372 27628 "GET /api/v1/auth/profile/ HTTP/1.1" 200 247
INFO 2026-05-05 07:36:54,373 log 12372 12424 "GET /api/v1/auth/notifications/ HTTP/1.1" 200 1546
INFO 2026-05-05 07:36:57,008 log 12372 12424 "GET /api/v1/gamification/dashboard/ HTTP/1.1" 200 754
INFO 2026-05-05 07:36:57,026 log 12372 12424 "GET /api/v1/auth/notifications/ HTTP/1.1" 200 1546
INFO 2026-05-05 07:37:13,901 log 12372 14680 "GET /api/v1/auth/profile/ HTTP/1.1" 200 247
INFO 2026-05-05 07:37:13,906 log 12372 12424 "GET /api/v1/auth/notifications/ HTTP/1.1" 200 1546
INFO 2026-05-05 07:37:13,911 log 12372 27628 "GET /api/v1/courses/catalog/ HTTP/1.1" 200 649
INFO 2026-05-05 07:37:25,293 log 12372 27628 "GET /api/v1/courses/catalog/curso-premium-ia/ HTTP/1.1" 200 209
INFO 2026-05-05 07:40:00,601 autoreload 21320 24528 Watching for file changes with StatReloader
WARNING 2026-05-10 13:45:42,761 log 9 140554436621120 Not Found: /api/v1/
WARNING 2026-05-10 13:46:26,599 log 9 140554436621120 Unauthorized: /api/v1/auth/login/
INFO 2026-05-10 14:57:34,889 autoreload 41157 139851172211648 Watching for file changes with StatReloader
INFO 2026-05-10 14:58:45,060 log 41157 139850896721600 "OPTIONS /api/v1/auth/profile/ HTTP/1.1" 200 0
WARNING 2026-05-10 14:58:45,402 log 41157 139850896721600 Unauthorized: /api/v1/auth/profile/
WARNING 2026-05-10 14:58:45,404 log 41157 139850896721600 "GET /api/v1/auth/profile/ HTTP/1.1" 401 172
INFO 2026-05-10 14:58:56,156 log 41157 139850896721600 "OPTIONS /api/v1/auth/login/ HTTP/1.1" 200 0
WARNING 2026-05-10 14:58:57,417 log 41157 139850896721600 Unauthorized: /api/v1/auth/login/
WARNING 2026-05-10 14:58:57,418 log 41157 139850896721600 "POST /api/v1/auth/login/ HTTP/1.1" 401 78
INFO 2026-05-10 14:59:15,051 log 41157 139850896721600 "OPTIONS /api/v1/auth/register/ HTTP/1.1" 200 0
INFO 2026-05-10 14:59:16,299 log 41157 139850896721600 "POST /api/v1/auth/register/ HTTP/1.1" 201 100
INFO 2026-05-10 14:59:26,787 log 41157 139850896721600 "POST /api/v1/auth/login/ HTTP/1.1" 200 506
INFO 2026-05-10 14:59:26,857 log 41157 139850896721600 "GET /api/v1/auth/profile/ HTTP/1.1" 200 232
INFO 2026-05-10 14:59:27,027 log 41157 139850896721600 "OPTIONS /api/v1/gamification/dashboard/ HTTP/1.1" 200 0
INFO 2026-05-10 14:59:27,074 log 41157 139850896721600 "GET /api/v1/gamification/dashboard/ HTTP/1.1" 200 278
INFO 2026-05-10 14:59:27,451 log 41157 139850896721600 "OPTIONS /api/v1/auth/notifications/ HTTP/1.1" 200 0
INFO 2026-05-10 14:59:27,628 log 41157 139850896721600 "GET /api/v1/auth/notifications/ HTTP/1.1" 200 2
INFO 2026-05-10 14:59:38,603 log 41157 139850873644736 "OPTIONS /api/v1/courses/catalog/ HTTP/1.1" 200 0
INFO 2026-05-10 14:59:38,635 log 41157 139850882037440 "GET /api/v1/auth/profile/ HTTP/1.1" 200 232
INFO 2026-05-10 14:59:38,654 log 41157 139850896721600 "GET /api/v1/auth/notifications/ HTTP/1.1" 200 2
INFO 2026-05-10 14:59:38,684 log 41157 139850882037440 "GET /api/v1/courses/catalog/ HTTP/1.1" 200 2
INFO 2026-05-10 14:59:40,739 log 41157 139850896721600 "GET /api/v1/courses/catalog/ HTTP/1.1" 200 2
INFO 2026-05-10 14:59:43,610 log 41157 139850896721600 "GET /api/v1/auth/profile/ HTTP/1.1" 200 232
INFO 2026-05-10 14:59:43,659 log 41157 139850882037440 "GET /api/v1/auth/notifications/ HTTP/1.1" 200 2
INFO 2026-05-10 15:00:00,390 log 41157 139850896721600 "OPTIONS /api/v1/billing/pay/simulate/ HTTP/1.1" 200 0
INFO 2026-05-10 15:00:00,700 log 41157 139850896721600 "POST /api/v1/billing/pay/simulate/ HTTP/1.1" 200 116
INFO 2026-05-10 15:00:00,779 log 41157 139850896721600 "GET /api/v1/auth/profile/ HTTP/1.1" 200 234
INFO 2026-05-10 15:00:02,852 log 41157 139850896721600 "GET /api/v1/gamification/dashboard/ HTTP/1.1" 200 281
INFO 2026-05-10 15:00:02,946 log 41157 139850896721600 "GET /api/v1/auth/notifications/ HTTP/1.1" 200 263
INFO 2026-05-10 15:00:04,980 log 41157 139850896721600 "GET /api/v1/auth/notifications/ HTTP/1.1" 200 263
INFO 2026-05-10 15:00:04,984 log 41157 139850882037440 "GET /api/v1/courses/catalog/ HTTP/1.1" 200 2
INFO 2026-05-10 15:00:05,018 log 41157 139850873644736 "GET /api/v1/auth/profile/ HTTP/1.1" 200 234
INFO 2026-05-10 15:00:06,812 log 41157 139850896721600 "GET /api/v1/courses/catalog/ HTTP/1.1" 200 2
INFO 2026-05-10 15:00:07,129 log 41157 139850896721600 "GET /api/v1/courses/catalog/ HTTP/1.1" 200 2
INFO 2026-05-10 15:00:07,503 log 41157 139850896721600 "GET /api/v1/courses/catalog/ HTTP/1.1" 200 2
INFO 2026-05-10 15:00:08,958 log 41157 139850896721600 "OPTIONS /api/v1/gamification/progress/ HTTP/1.1" 200 0
INFO 2026-05-10 15:00:09,019 log 41157 139850896721600 "GET /api/v1/gamification/progress/ HTTP/1.1" 200 661
INFO 2026-05-10 15:00:09,121 log 41157 139850896721600 "GET /api/v1/auth/notifications/ HTTP/1.1" 200 263
INFO 2026-05-10 15:00:11,725 log 41157 139850896721600 "GET /api/v1/gamification/dashboard/ HTTP/1.1" 200 281
INFO 2026-05-10 15:00:11,865 log 41157 139850896721600 "GET /api/v1/auth/notifications/ HTTP/1.1" 200 263
INFO 2026-05-10 15:06:23,981 log 41157 139850873644736 "GET /api/v1/auth/profile/ HTTP/1.1" 200 234
INFO 2026-05-10 15:06:24,108 log 41157 139850873644736 "GET /api/v1/auth/notifications/ HTTP/1.1" 200 263
INFO 2026-05-10 15:06:31,695 log 41157 139850873644736 "OPTIONS /api/v1/auth/logout/ HTTP/1.1" 200 0
INFO 2026-05-10 15:06:32,006 log 41157 139850873644736 "POST /api/v1/auth/logout/ HTTP/1.1" 205 0
INFO 2026-05-10 15:06:42,486 log 41157 139850873644736 "POST /api/v1/auth/login/ HTTP/1.1" 200 505
INFO 2026-05-10 15:06:42,523 log 41157 139850873644736 "GET /api/v1/auth/profile/ HTTP/1.1" 200 216
INFO 2026-05-10 15:06:42,669 log 41157 139850873644736 "GET /api/v1/gamification/dashboard/ HTTP/1.1" 200 270
INFO 2026-05-10 15:06:42,736 log 41157 139850873644736 "GET /api/v1/auth/notifications/ HTTP/1.1" 200 2
INFO 2026-05-10 15:06:50,443 log 41157 139850873644736 "GET /api/v1/auth/notifications/ HTTP/1.1" 200 2
INFO 2026-05-10 15:06:50,454 log 41157 139850873644736 "OPTIONS /api/v1/gamification/admin-stats/ HTTP/1.1" 200 0
WARNING 2026-05-10 15:06:50,525 log 41157 139850873644736 Forbidden: /api/v1/gamification/admin-stats/
WARNING 2026-05-10 15:06:50,525 log 41157 139850873644736 "GET /api/v1/gamification/admin-stats/ HTTP/1.1" 403 63
INFO 2026-05-10 15:07:17,446 log 41157 139850873644736 "GET /api/v1/auth/profile/ HTTP/1.1" 200 216
INFO 2026-05-10 15:07:17,477 log 41157 139850882037440 "GET /api/v1/auth/notifications/ HTTP/1.1" 200 2
INFO 2026-05-10 15:07:24,622 log 41157 139850873644736 "GET /api/v1/auth/profile/ HTTP/1.1" 200 216
INFO 2026-05-10 15:07:24,649 log 41157 139850882037440 "GET /api/v1/auth/notifications/ HTTP/1.1" 200 2
INFO 2026-05-10 15:07:29,228 log 41157 139850873644736 "GET /api/v1/gamification/dashboard/ HTTP/1.1" 200 270
INFO 2026-05-10 15:07:29,325 log 41157 139850873644736 "GET /api/v1/auth/notifications/ HTTP/1.1" 200 2
WARNING 2026-05-10 15:07:31,711 log 41157 139850873644736 Forbidden: /api/v1/gamification/admin-stats/
WARNING 2026-05-10 15:07:31,714 log 41157 139850873644736 "GET /api/v1/gamification/admin-stats/ HTTP/1.1" 403 63
INFO 2026-05-10 15:07:31,751 log 41157 139850882037440 "GET /api/v1/auth/notifications/ HTTP/1.1" 200 2
INFO 2026-05-10 15:07:43,559 log 41157 139850873644736 "GET /api/v1/auth/profile/ HTTP/1.1" 200 216
INFO 2026-05-10 15:07:43,651 log 41157 139850873644736 "GET /api/v1/auth/notifications/ HTTP/1.1" 200 2
INFO 2026-05-10 15:07:46,446 log 41157 139850873644736 "GET /api/v1/auth/profile/ HTTP/1.1" 200 216
INFO 2026-05-10 15:07:46,462 log 41157 139850882037440 "GET /api/v1/auth/notifications/ HTTP/1.1" 200 2
INFO 2026-05-10 15:07:47,980 log 41157 139850873644736 "GET /api/v1/gamification/dashboard/ HTTP/1.1" 200 270
INFO 2026-05-10 15:07:48,049 log 41157 139850873644736 "GET /api/v1/auth/notifications/ HTTP/1.1" 200 2
INFO 2026-05-10 15:10:19,780 log 41157 139850873644736 "GET /api/v1/auth/profile/ HTTP/1.1" 200 216
INFO 2026-05-10 15:10:19,833 log 41157 139850882037440 "GET /api/v1/gamification/dashboard/ HTTP/1.1" 200 271
INFO 2026-05-10 15:10:19,999 log 41157 139850882037440 "GET /api/v1/auth/notifications/ HTTP/1.1" 200 2
INFO 2026-05-10 15:10:27,915 log 41157 139850882037440 "GET /api/v1/auth/profile/ HTTP/1.1" 200 216
INFO 2026-05-10 15:10:27,993 log 41157 139850873644736 "GET /api/v1/gamification/dashboard/ HTTP/1.1" 200 271
INFO 2026-05-10 15:10:28,088 log 41157 139850882037440 "GET /api/v1/auth/notifications/ HTTP/1.1" 200 2
INFO 2026-05-10 15:10:30,134 log 41157 139850873644736 "GET /api/v1/auth/profile/ HTTP/1.1" 200 216
INFO 2026-05-10 15:10:30,151 log 41157 139850882037440 "GET /api/v1/gamification/dashboard/ HTTP/1.1" 200 271
INFO 2026-05-10 15:10:30,381 log 41157 139850873644736 "GET /api/v1/auth/notifications/ HTTP/1.1" 200 2
INFO 2026-05-10 15:10:31,966 log 41157 139850882037440 "GET /api/v1/auth/profile/ HTTP/1.1" 200 216
INFO 2026-05-10 15:10:32,143 log 41157 139850873644736 "GET /api/v1/auth/notifications/ HTTP/1.1" 200 2
INFO 2026-05-10 15:10:35,424 log 41157 139850882037440 "GET /api/v1/gamification/dashboard/ HTTP/1.1" 200 271
INFO 2026-05-10 15:10:35,502 log 41157 139850873644736 "GET /api/v1/auth/notifications/ HTTP/1.1" 200 2
INFO 2026-05-10 15:10:37,793 log 41157 139850882037440 "GET /api/v1/gamification/admin-stats/ HTTP/1.1" 200 166
INFO 2026-05-10 15:10:37,806 log 41157 139850873644736 "GET /api/v1/auth/notifications/ HTTP/1.1" 200 2
INFO 2026-05-10 15:11:19,319 log 41157 139850882037440 "GET /api/v1/auth/profile/ HTTP/1.1" 200 216
INFO 2026-05-10 15:11:19,404 log 41157 139850873644736 "GET /api/v1/auth/notifications/ HTTP/1.1" 200 2
INFO 2026-05-10 15:11:35,260 log 41157 139850882037440 "GET /api/v1/gamification/dashboard/ HTTP/1.1" 200 271
INFO 2026-05-10 15:11:35,332 log 41157 139850873644736 "GET /api/v1/auth/notifications/ HTTP/1.1" 200 2
INFO 2026-05-10 15:11:36,912 log 41157 139850882037440 "GET /api/v1/auth/profile/ HTTP/1.1" 200 216
INFO 2026-05-10 15:11:36,930 log 41157 139850873644736 "GET /api/v1/auth/notifications/ HTTP/1.1" 200 2
INFO 2026-05-10 15:11:40,003 log 41157 139850882037440 "GET /api/v1/auth/notifications/ HTTP/1.1" 200 2
INFO 2026-05-10 15:11:40,032 log 41157 139850873644736 "GET /api/v1/courses/catalog/ HTTP/1.1" 200 2
INFO 2026-05-10 15:11:40,040 log 41157 139850865252032 "GET /api/v1/auth/profile/ HTTP/1.1" 200 216
INFO 2026-05-10 15:11:42,236 log 41157 139850882037440 "GET /api/v1/gamification/progress/ HTTP/1.1" 200 651
INFO 2026-05-10 15:11:42,303 log 41157 139850882037440 "GET /api/v1/auth/notifications/ HTTP/1.1" 200 2
INFO 2026-05-10 15:11:44,184 log 41157 139850882037440 "GET /api/v1/auth/notifications/ HTTP/1.1" 200 2
INFO 2026-05-10 15:11:44,230 log 41157 139850865252032 "GET /api/v1/auth/profile/ HTTP/1.1" 200 216
INFO 2026-05-10 15:11:44,230 log 41157 139850873644736 "GET /api/v1/courses/catalog/ HTTP/1.1" 200 2
INFO 2026-05-10 15:11:45,541 log 41157 139850882037440 "GET /api/v1/courses/catalog/ HTTP/1.1" 200 2
INFO 2026-05-10 15:11:46,909 log 41157 139850882037440 "GET /api/v1/gamification/dashboard/ HTTP/1.1" 200 271
INFO 2026-05-10 15:11:46,976 log 41157 139850882037440 "GET /api/v1/auth/notifications/ HTTP/1.1" 200 2
INFO 2026-05-10 15:11:50,903 log 41157 139850873644736 "GET /api/v1/auth/notifications/ HTTP/1.1" 200 2
INFO 2026-05-10 15:11:50,919 log 41157 139850882037440 "GET /api/v1/gamification/admin-stats/ HTTP/1.1" 200 166
INFO 2026-05-10 15:13:10,267 log 41157 139850856859328 "GET / HTTP/1.1" 301 0
INFO 2026-05-10 15:13:10,346 log 41157 139850856859328 "GET /admin/ HTTP/1.1" 302 0
INFO 2026-05-10 15:13:10,395 log 41157 139850856859328 "GET /admin/login/?next=/admin/ HTTP/1.1" 302 0
INFO 2026-05-10 15:13:11,364 log 41157 139850882037440 "GET /api/v1/auth/profile/ HTTP/1.1" 200 216
INFO 2026-05-10 15:13:20,863 log 41157 139850882037440 "POST /api/v1/auth/login/ HTTP/1.1" 200 505
INFO 2026-05-10 15:13:20,907 log 41157 139850882037440 "GET /api/v1/auth/profile/ HTTP/1.1" 200 216
INFO 2026-05-10 15:13:20,984 log 41157 139850644715200 "GET /admin/ HTTP/1.1" 302 0
INFO 2026-05-10 15:13:21,011 log 41157 139850644715200 "GET /admin/login/?next=/admin/ HTTP/1.1" 302 0
INFO 2026-05-10 15:13:21,950 log 41157 139850882037440 "GET /api/v1/auth/profile/ HTTP/1.1" 200 216
INFO 2026-05-10 15:13:30,784 log 41157 139850882037440 "POST /api/v1/auth/login/ HTTP/1.1" 200 505
INFO 2026-05-10 15:13:30,820 log 41157 139850882037440 "GET /api/v1/auth/profile/ HTTP/1.1" 200 216
INFO 2026-05-10 15:13:30,896 log 41157 139850644715200 "GET /admin/ HTTP/1.1" 302 0
INFO 2026-05-10 15:13:30,908 log 41157 139850644715200 "GET /admin/login/?next=/admin/ HTTP/1.1" 302 0
INFO 2026-05-10 15:13:31,658 log 41157 139850882037440 "GET /api/v1/auth/profile/ HTTP/1.1" 200 216
INFO 2026-05-10 15:13:42,470 log 41157 139850882037440 "POST /api/v1/auth/login/ HTTP/1.1" 200 505
INFO 2026-05-10 15:13:42,513 log 41157 139850882037440 "GET /api/v1/auth/profile/ HTTP/1.1" 200 216
INFO 2026-05-10 15:13:42,586 log 41157 139850644715200 "GET /admin/ HTTP/1.1" 302 0
INFO 2026-05-10 15:13:42,616 log 41157 139850644715200 "GET /admin/login/?next=/admin/ HTTP/1.1" 302 0
INFO 2026-05-10 15:13:43,505 log 41157 139850882037440 "GET /api/v1/auth/profile/ HTTP/1.1" 200 216
INFO 2026-05-10 15:13:47,078 log 41157 139850882037440 "GET /api/v1/auth/profile/ HTTP/1.1" 200 216
INFO 2026-05-10 15:13:47,166 log 41157 139850882037440 "GET /api/v1/auth/notifications/ HTTP/1.1" 200 2
INFO 2026-05-10 15:14:14,900 log 41157 139850882037440 "POST /api/v1/auth/login/ HTTP/1.1" 200 505
INFO 2026-05-10 15:14:14,941 log 41157 139850882037440 "GET /api/v1/auth/profile/ HTTP/1.1" 200 216
INFO 2026-05-10 15:14:15,022 log 41157 139850644715200 "GET /admin/ HTTP/1.1" 302 0
INFO 2026-05-10 15:14:15,049 log 41157 139850644715200 "GET /admin/login/?next=/admin/ HTTP/1.1" 302 0
INFO 2026-05-10 15:14:15,871 log 41157 139850882037440 "GET /api/v1/auth/profile/ HTTP/1.1" 200 216
INFO 2026-05-10 15:14:26,207 log 41157 139850882037440 "POST /api/v1/auth/logout/ HTTP/1.1" 205 0
INFO 2026-05-10 15:14:32,164 log 41157 139850882037440 "POST /api/v1/auth/login/ HTTP/1.1" 200 505
INFO 2026-05-10 15:14:32,201 log 41157 139850882037440 "GET /api/v1/auth/profile/ HTTP/1.1" 200 216
INFO 2026-05-10 15:14:32,274 log 41157 139850644715200 "GET /admin/ HTTP/1.1" 302 0
INFO 2026-05-10 15:14:32,289 log 41157 139850644715200 "GET /admin/login/?next=/admin/ HTTP/1.1" 302 0
INFO 2026-05-10 15:14:33,107 log 41157 139850882037440 "GET /api/v1/auth/profile/ HTTP/1.1" 200 216
INFO 2026-05-10 15:14:43,912 log 41157 139850882037440 "POST /api/v1/auth/login/ HTTP/1.1" 200 505
INFO 2026-05-10 15:14:43,958 log 41157 139850882037440 "GET /api/v1/auth/profile/ HTTP/1.1" 200 216
INFO 2026-05-10 15:14:44,032 log 41157 139850644715200 "GET /admin/ HTTP/1.1" 302 0
INFO 2026-05-10 15:14:44,050 log 41157 139850644715200 "GET /admin/login/?next=/admin/ HTTP/1.1" 302 0
INFO 2026-05-10 15:14:44,840 log 41157 139850882037440 "GET /api/v1/auth/profile/ HTTP/1.1" 200 216
WARNING 2026-05-10 15:14:50,598 log 41157 139850882037440 Unauthorized: /api/v1/auth/login/
WARNING 2026-05-10 15:14:50,598 log 41157 139850882037440 "POST /api/v1/auth/login/ HTTP/1.1" 401 83
WARNING 2026-05-10 15:15:00,557 log 41157 139850882037440 Unauthorized: /api/v1/auth/login/
WARNING 2026-05-10 15:15:00,560 log 41157 139850882037440 "POST /api/v1/auth/login/ HTTP/1.1" 401 78
INFO 2026-05-10 15:15:12,596 log 41157 139850882037440 "POST /api/v1/auth/login/ HTTP/1.1" 200 505
INFO 2026-05-10 15:15:12,636 log 41157 139850882037440 "GET /api/v1/auth/profile/ HTTP/1.1" 200 216
INFO 2026-05-10 15:15:12,708 log 41157 139850644715200 "GET /admin/ HTTP/1.1" 302 0
INFO 2026-05-10 15:15:12,729 log 41157 139850644715200 "GET /admin/login/?next=/admin/ HTTP/1.1" 302 0
INFO 2026-05-10 15:15:13,531 log 41157 139850882037440 "GET /api/v1/auth/profile/ HTTP/1.1" 200 216
WARNING 2026-05-10 15:15:36,551 log 41157 139850882037440 Bad Request: /api/v1/auth/register/
WARNING 2026-05-10 15:15:36,553 log 41157 139850882037440 "POST /api/v1/auth/register/ HTTP/1.1" 400 71
INFO 2026-05-10 15:15:44,093 log 41157 139850882037440 "POST /api/v1/auth/register/ HTTP/1.1" 201 99
INFO 2026-05-10 15:15:54,609 log 41157 139850882037440 "POST /api/v1/auth/login/ HTTP/1.1" 200 506
INFO 2026-05-10 15:15:54,645 log 41157 139850882037440 "GET /api/v1/auth/profile/ HTTP/1.1" 200 231
INFO 2026-05-10 15:15:54,797 log 41157 139850882037440 "GET /api/v1/gamification/dashboard/ HTTP/1.1" 200 276
INFO 2026-05-10 15:15:54,909 log 41157 139850882037440 "GET /api/v1/auth/notifications/ HTTP/1.1" 200 2
INFO 2026-05-10 15:16:00,289 log 41157 139850882037440 "GET /api/v1/auth/notifications/ HTTP/1.1" 200 2
INFO 2026-05-10 15:16:00,331 log 41157 139850873644736 "GET /api/v1/auth/profile/ HTTP/1.1" 200 231
INFO 2026-05-10 15:16:00,333 log 41157 139850856859328 "GET /api/v1/courses/catalog/ HTTP/1.1" 200 2
INFO 2026-05-10 15:16:07,928 log 41157 139850882037440 "POST /api/v1/auth/login/ HTTP/1.1" 200 505
INFO 2026-05-10 15:16:07,965 log 41157 139850882037440 "GET /api/v1/auth/profile/ HTTP/1.1" 200 216
INFO 2026-05-10 15:16:08,047 log 41157 139850644715200 "GET /admin/ HTTP/1.1" 302 0
INFO 2026-05-10 15:16:08,076 log 41157 139850644715200 "GET /admin/login/?next=/admin/ HTTP/1.1" 302 0
INFO 2026-05-10 15:16:08,942 log 41157 139850882037440 "GET /api/v1/auth/profile/ HTTP/1.1" 200 216
INFO 2026-05-10 15:20:41,600 log 41157 139850882037440 "GET /api/v1/auth/profile/ HTTP/1.1" 200 216
INFO 2026-05-10 15:20:54,704 log 41157 139850882037440 "POST /api/v1/auth/login/ HTTP/1.1" 200 505
INFO 2026-05-10 15:20:54,739 log 41157 139850882037440 "GET /api/v1/auth/profile/ HTTP/1.1" 200 232
INFO 2026-05-10 15:20:54,820 log 41157 139850644715200 "GET /admin/ HTTP/1.1" 302 0
INFO 2026-05-10 15:20:54,868 log 41157 139850644715200 "GET /admin/login/?next=/admin/ HTTP/1.1" 302 0
INFO 2026-05-10 15:20:55,629 log 41157 139850882037440 "GET /api/v1/auth/profile/ HTTP/1.1" 200 232
INFO 2026-05-10 15:21:12,905 log 41157 139850882037440 "POST /api/v1/auth/login/ HTTP/1.1" 200 505
INFO 2026-05-10 15:21:12,958 log 41157 139850882037440 "GET /api/v1/auth/profile/ HTTP/1.1" 200 216
INFO 2026-05-10 15:21:13,033 log 41157 139850644715200 "GET /admin/ HTTP/1.1" 302 0
INFO 2026-05-10 15:21:13,058 log 41157 139850644715200 "GET /admin/login/?next=/admin/ HTTP/1.1" 302 0
INFO 2026-05-10 15:21:13,851 log 41157 139850882037440 "GET /api/v1/auth/profile/ HTTP/1.1" 200 216
INFO 2026-05-10 15:22:27,923 log 41157 139850882037440 "GET /api/v1/auth/profile/ HTTP/1.1" 200 216
INFO 2026-05-10 15:22:30,521 log 41157 139850882037440 "GET /api/v1/auth/notifications/ HTTP/1.1" 200 2
INFO 2026-05-10 15:22:30,559 log 41157 139850873644736 "GET /api/v1/auth/profile/ HTTP/1.1" 200 216
INFO 2026-05-10 15:22:30,570 log 41157 139850856859328 "GET /api/v1/courses/catalog/ HTTP/1.1" 200 2
INFO 2026-05-10 15:23:03,485 log 41157 139850882037440 "GET /api/v1/auth/profile/ HTTP/1.1" 200 216
INFO 2026-05-10 15:23:09,919 log 41157 139850882037440 "POST /api/v1/auth/login/ HTTP/1.1" 200 505
INFO 2026-05-10 15:23:09,958 log 41157 139850882037440 "GET /api/v1/auth/profile/ HTTP/1.1" 200 216
INFO 2026-05-10 15:23:10,114 log 41157 139850882037440 "GET /api/v1/gamification/dashboard/ HTTP/1.1" 200 271
INFO 2026-05-10 15:23:10,214 log 41157 139850882037440 "GET /api/v1/auth/notifications/ HTTP/1.1" 200 2
INFO 2026-05-10 15:23:14,221 log 41157 139850882037440 "GET /api/v1/gamification/admin-stats/ HTTP/1.1" 200 166
INFO 2026-05-10 15:23:14,242 log 41157 139850873644736 "GET /api/v1/auth/notifications/ HTTP/1.1" 200 2
INFO 2026-05-10 15:25:43,196 log 41157 139850882037440 "GET /admin/ HTTP/1.1" 302 0
INFO 2026-05-10 15:25:43,207 log 41157 139850882037440 "GET /admin/login/?next=/admin/ HTTP/1.1" 302 0
INFO 2026-05-10 15:25:43,840 log 41157 139850873644736 "GET /api/v1/auth/profile/ HTTP/1.1" 200 216
INFO 2026-05-10 15:25:52,890 log 41157 139850873644736 "POST /api/v1/auth/login/ HTTP/1.1" 200 505
INFO 2026-05-10 15:25:52,921 log 41157 139850873644736 "GET /api/v1/auth/profile/ HTTP/1.1" 200 216
INFO 2026-05-10 15:25:53,033 log 41157 139850873644736 "GET /api/v1/gamification/dashboard/ HTTP/1.1" 200 271
INFO 2026-05-10 15:25:53,143 log 41157 139850873644736 "GET /api/v1/auth/notifications/ HTTP/1.1" 200 2
INFO 2026-05-10 15:52:47,136 log 41157 139850873644736 "OPTIONS /api/v1/gamification/admin-stats/ HTTP/1.1" 200 0
INFO 2026-05-10 15:52:47,147 log 41157 139850873644736 "OPTIONS /api/v1/auth/notifications/ HTTP/1.1" 200 0
INFO 2026-05-10 15:52:47,189 log 41157 139850882037440 "GET /api/v1/gamification/admin-stats/ HTTP/1.1" 200 166
INFO 2026-05-10 15:52:47,223 log 41157 139850882037440 "GET /api/v1/auth/notifications/ HTTP/1.1" 200 2
INFO 2026-05-10 15:54:43,586 log 41157 139850856859328 "OPTIONS /api/v1/auth/profile/ HTTP/1.1" 200 0
INFO 2026-05-10 15:54:43,641 log 41157 139850873644736 "GET /api/v1/auth/notifications/ HTTP/1.1" 200 2
INFO 2026-05-10 15:54:43,803 log 41157 139850644715200 "OPTIONS /api/v1/courses/admin/courses/ HTTP/1.1" 200 0
INFO 2026-05-10 15:54:43,991 log 41157 139850856859328 "GET /api/v1/auth/profile/ HTTP/1.1" 200 216
INFO 2026-05-10 15:54:44,505 log 41157 139850882037440 "GET /api/v1/gamification/admin-stats/ HTTP/1.1" 200 166
INFO 2026-05-10 15:54:44,817 log 41157 139850873644736 "GET /api/v1/courses/admin/courses/ HTTP/1.1" 200 2
INFO 2026-05-10 15:54:45,721 log 41157 139850856859328 "GET /api/v1/auth/profile/ HTTP/1.1" 200 216
INFO 2026-05-10 15:54:46,566 log 41157 139850865252032 "OPTIONS /api/v1/courses/catalog/ HTTP/1.1" 200 0
INFO 2026-05-10 15:54:46,594 log 41157 139850873644736 "GET /api/v1/auth/notifications/ HTTP/1.1" 200 2
INFO 2026-05-10 15:54:46,675 log 41157 139850882037440 "GET /api/v1/courses/admin/courses/ HTTP/1.1" 200 2
INFO 2026-05-10 15:54:46,718 log 41157 139850856859328 "GET /api/v1/gamification/admin-stats/ HTTP/1.1" 200 166
INFO 2026-05-10 15:54:46,797 log 41157 139850896721600 "GET /api/v1/auth/profile/ HTTP/1.1" 200 216
INFO 2026-05-10 15:54:46,911 log 41157 139850873644736 "GET /api/v1/courses/catalog/ HTTP/1.1" 200 2
INFO 2026-05-10 15:54:46,923 log 41157 139850644715200 "GET /api/v1/auth/notifications/ HTTP/1.1" 200 2
INFO 2026-05-10 15:54:48,022 log 41157 139850856859328 "GET /api/v1/auth/notifications/ HTTP/1.1" 200 2
INFO 2026-05-10 15:54:48,061 log 41157 139850896721600 "GET /api/v1/auth/notifications/ HTTP/1.1" 200 2
WARNING 2026-05-10 15:58:09,242 log 41157 139850896721600 Bad Request: /api/v1/courses/admin/courses/
WARNING 2026-05-10 15:58:09,243 log 41157 139850896721600 "POST /api/v1/courses/admin/courses/ HTTP/1.1" 400 101
WARNING 2026-05-10 15:58:21,402 log 41157 139850896721600 Bad Request: /api/v1/courses/admin/courses/
WARNING 2026-05-10 15:58:21,402 log 41157 139850896721600 "POST /api/v1/courses/admin/courses/ HTTP/1.1" 400 101
WARNING 2026-05-10 15:58:27,713 log 41157 139850896721600 Bad Request: /api/v1/courses/admin/courses/
WARNING 2026-05-10 15:58:27,713 log 41157 139850896721600 "POST /api/v1/courses/admin/courses/ HTTP/1.1" 400 101
WARNING 2026-05-10 15:58:31,186 log 41157 139850896721600 Bad Request: /api/v1/courses/admin/courses/
WARNING 2026-05-10 15:58:31,188 log 41157 139850896721600 "POST /api/v1/courses/admin/courses/ HTTP/1.1" 400 101
WARNING 2026-05-10 15:58:34,263 log 41157 139850896721600 Bad Request: /api/v1/courses/admin/courses/
WARNING 2026-05-10 15:58:34,263 log 41157 139850896721600 "POST /api/v1/courses/admin/courses/ HTTP/1.1" 400 101
WARNING 2026-05-10 15:58:40,644 log 41157 139850896721600 Bad Request: /api/v1/courses/admin/courses/
WARNING 2026-05-10 15:58:40,645 log 41157 139850896721600 "POST /api/v1/courses/admin/courses/ HTTP/1.1" 400 101
WARNING 2026-05-10 15:58:50,509 log 41157 139850896721600 Bad Request: /api/v1/courses/admin/courses/
WARNING 2026-05-10 15:58:50,511 log 41157 139850896721600 "POST /api/v1/courses/admin/courses/ HTTP/1.1" 400 101
INFO 2026-05-10 15:58:57,079 log 41157 139850896721600 "POST /api/v1/courses/admin/courses/ HTTP/1.1" 201 258
INFO 2026-05-10 15:58:57,121 log 41157 139850896721600 "GET /api/v1/courses/admin/courses/ HTTP/1.1" 200 260
INFO 2026-05-10 15:59:12,745 log 41157 139850896721600 "OPTIONS /api/v1/courses/admin/courses/1/ HTTP/1.1" 200 0
INFO 2026-05-10 15:59:12,802 log 41157 139850896721600 "PUT /api/v1/courses/admin/courses/1/ HTTP/1.1" 200 258
INFO 2026-05-10 15:59:12,898 log 41157 139850896721600 "GET /api/v1/courses/admin/courses/ HTTP/1.1" 200 260
INFO 2026-05-10 15:59:29,428 log 41157 139850896721600 "POST /api/v1/courses/admin/courses/ HTTP/1.1" 201 265
INFO 2026-05-10 15:59:29,481 log 41157 139850896721600 "GET /api/v1/courses/admin/courses/ HTTP/1.1" 200 526
INFO 2026-05-10 15:59:32,648 log 41157 139850896721600 "OPTIONS /api/v1/courses/admin/courses/2/sections/ HTTP/1.1" 200 0
INFO 2026-05-10 15:59:32,678 log 41157 139850896721600 "GET /api/v1/courses/admin/courses/2/sections/ HTTP/1.1" 200 2
INFO 2026-05-10 15:59:34,743 log 41157 139850896721600 "OPTIONS /api/v1/courses/admin/courses/1/sections/ HTTP/1.1" 200 0
INFO 2026-05-10 15:59:34,768 log 41157 139850896721600 "GET /api/v1/courses/admin/courses/1/sections/ HTTP/1.1" 200 2
INFO 2026-05-10 15:59:36,164 log 41157 139850896721600 "GET /api/v1/courses/admin/courses/2/sections/ HTTP/1.1" 200 2
INFO 2026-05-10 15:59:36,877 log 41157 139850896721600 "GET /api/v1/courses/admin/courses/1/sections/ HTTP/1.1" 200 2
INFO 2026-05-10 15:59:51,734 log 41157 139850896721600 "POST /api/v1/courses/admin/courses/1/sections/ HTTP/1.1" 201 62
INFO 2026-05-10 15:59:51,780 log 41157 139850896721600 "GET /api/v1/courses/admin/courses/1/sections/ HTTP/1.1" 200 64
INFO 2026-05-10 15:59:54,622 log 41157 139850896721600 "OPTIONS /api/v1/courses/admin/sections/1/lessons/ HTTP/1.1" 200 0
INFO 2026-05-10 15:59:54,647 log 41157 139850896721600 "GET /api/v1/courses/admin/sections/1/lessons/ HTTP/1.1" 200 2
WARNING 2026-05-10 16:00:13,685 log 41157 139850896721600 Bad Request: /api/v1/courses/admin/sections/1/lessons/
WARNING 2026-05-10 16:00:13,685 log 41157 139850896721600 "POST /api/v1/courses/admin/sections/1/lessons/ HTTP/1.1" 400 42
WARNING 2026-05-10 16:00:19,430 log 41157 139850896721600 Bad Request: /api/v1/courses/admin/sections/1/lessons/
WARNING 2026-05-10 16:00:19,431 log 41157 139850896721600 "POST /api/v1/courses/admin/sections/1/lessons/ HTTP/1.1" 400 42
WARNING 2026-05-10 16:00:25,397 log 41157 139850896721600 Bad Request: /api/v1/courses/admin/sections/1/lessons/
WARNING 2026-05-10 16:00:25,398 log 41157 139850896721600 "POST /api/v1/courses/admin/sections/1/lessons/ HTTP/1.1" 400 42
WARNING 2026-05-10 16:00:30,713 log 41157 139850896721600 Bad Request: /api/v1/courses/admin/sections/1/lessons/
WARNING 2026-05-10 16:00:30,714 log 41157 139850896721600 "POST /api/v1/courses/admin/sections/1/lessons/ HTTP/1.1" 400 42
WARNING 2026-05-10 16:00:35,265 log 41157 139850896721600 Bad Request: /api/v1/courses/admin/sections/1/lessons/
WARNING 2026-05-10 16:00:35,266 log 41157 139850896721600 "POST /api/v1/courses/admin/sections/1/lessons/ HTTP/1.1" 400 42
WARNING 2026-05-10 16:00:36,063 log 41157 139850896721600 Bad Request: /api/v1/courses/admin/sections/1/lessons/
WARNING 2026-05-10 16:00:36,064 log 41157 139850896721600 "POST /api/v1/courses/admin/sections/1/lessons/ HTTP/1.1" 400 42
WARNING 2026-05-10 16:00:40,381 log 41157 139850896721600 Bad Request: /api/v1/courses/admin/sections/1/lessons/
WARNING 2026-05-10 16:00:40,382 log 41157 139850896721600 "POST /api/v1/courses/admin/sections/1/lessons/ HTTP/1.1" 400 42
WARNING 2026-05-10 16:00:44,304 log 41157 139850896721600 Bad Request: /api/v1/courses/admin/sections/1/lessons/
WARNING 2026-05-10 16:00:44,305 log 41157 139850896721600 "POST /api/v1/courses/admin/sections/1/lessons/ HTTP/1.1" 400 42
WARNING 2026-05-10 16:00:47,686 log 41157 139850896721600 Bad Request: /api/v1/courses/admin/sections/1/lessons/
WARNING 2026-05-10 16:00:47,689 log 41157 139850896721600 "POST /api/v1/courses/admin/sections/1/lessons/ HTTP/1.1" 400 42
WARNING 2026-05-10 16:00:47,967 log 41157 139850896721600 Bad Request: /api/v1/courses/admin/sections/1/lessons/
WARNING 2026-05-10 16:00:47,968 log 41157 139850896721600 "POST /api/v1/courses/admin/sections/1/lessons/ HTTP/1.1" 400 42
INFO 2026-05-10 16:00:53,006 log 41157 139850896721600 "GET /api/v1/courses/admin/sections/1/lessons/ HTTP/1.1" 200 2
WARNING 2026-05-10 16:00:58,074 log 41157 139850896721600 Bad Request: /api/v1/courses/admin/sections/1/lessons/
WARNING 2026-05-10 16:00:58,076 log 41157 139850896721600 "POST /api/v1/courses/admin/sections/1/lessons/ HTTP/1.1" 400 91
WARNING 2026-05-10 16:01:03,472 log 41157 139850896721600 Bad Request: /api/v1/courses/admin/sections/1/lessons/
WARNING 2026-05-10 16:01:03,473 log 41157 139850896721600 "POST /api/v1/courses/admin/sections/1/lessons/ HTTP/1.1" 400 42
INFO 2026-05-10 16:01:24,683 log 41157 139850856859328 "OPTIONS /api/v1/gamification/dashboard/ HTTP/1.1" 200 0
INFO 2026-05-10 16:01:24,692 log 41157 139850896721600 "GET /api/v1/auth/profile/ HTTP/1.1" 200 216
INFO 2026-05-10 16:01:24,732 log 41157 139850856859328 "GET /api/v1/gamification/dashboard/ HTTP/1.1" 200 416
INFO 2026-05-10 16:01:24,843 log 41157 139850856859328 "GET /api/v1/auth/notifications/ HTTP/1.1" 200 2
INFO 2026-05-10 16:01:27,319 log 41157 139850856859328 "GET /api/v1/auth/notifications/ HTTP/1.1" 200 2
INFO 2026-05-10 16:01:27,336 log 41157 139850873644736 "GET /api/v1/auth/profile/ HTTP/1.1" 200 216
INFO 2026-05-10 16:01:27,342 log 41157 139850896721600 "GET /api/v1/courses/catalog/ HTTP/1.1" 200 293
INFO 2026-05-10 16:02:42,639 log 41157 139850896721600 "GET /api/v1/courses/admin/sections/1/lessons/ HTTP/1.1" 200 2
WARNING 2026-05-10 16:02:50,221 log 41157 139850896721600 Bad Request: /api/v1/courses/admin/sections/1/lessons/
WARNING 2026-05-10 16:02:50,222 log 41157 139850896721600 "POST /api/v1/courses/admin/sections/1/lessons/ HTTP/1.1" 400 42
WARNING 2026-05-10 16:02:52,523 log 41157 139850896721600 Bad Request: /api/v1/courses/admin/sections/1/lessons/
WARNING 2026-05-10 16:02:52,527 log 41157 139850896721600 "POST /api/v1/courses/admin/sections/1/lessons/ HTTP/1.1" 400 42
INFO 2026-05-10 16:02:55,026 log 41157 139850856859328 "GET /api/v1/auth/profile/ HTTP/1.1" 200 216
INFO 2026-05-10 16:02:55,092 log 41157 139850873644736 "GET /api/v1/courses/admin/courses/ HTTP/1.1" 200 588
INFO 2026-05-10 16:02:55,099 log 41157 139850856859328 "GET /api/v1/gamification/admin-stats/ HTTP/1.1" 200 166
INFO 2026-05-10 16:02:55,134 log 41157 139850896721600 "GET /api/v1/auth/notifications/ HTTP/1.1" 200 2
INFO 2026-05-10 16:03:00,246 log 41157 139850873644736 "GET /api/v1/courses/admin/courses/1/sections/ HTTP/1.1" 200 64
INFO 2026-05-10 16:03:02,876 log 41157 139850873644736 "GET /api/v1/courses/admin/sections/1/lessons/ HTTP/1.1" 200 2
WARNING 2026-05-10 16:03:12,945 log 41157 139850873644736 Bad Request: /api/v1/courses/admin/sections/1/lessons/
WARNING 2026-05-10 16:03:12,946 log 41157 139850873644736 "POST /api/v1/courses/admin/sections/1/lessons/ HTTP/1.1" 400 42
WARNING 2026-05-10 16:03:14,173 log 41157 139850873644736 Bad Request: /api/v1/courses/admin/sections/1/lessons/
WARNING 2026-05-10 16:03:14,174 log 41157 139850873644736 "POST /api/v1/courses/admin/sections/1/lessons/ HTTP/1.1" 400 42
INFO 2026-05-10 16:03:45,714 log 41157 139850896721600 "GET /api/v1/auth/profile/ HTTP/1.1" 200 216
INFO 2026-05-10 16:03:45,732 log 41157 139850856859328 "GET /api/v1/courses/catalog/ HTTP/1.1" 200 293
INFO 2026-05-10 16:03:45,778 log 41157 139850873644736 "GET /api/v1/auth/notifications/ HTTP/1.1" 200 2
INFO 2026-05-10 16:03:46,063 log 41157 139850873644736 "GET /api/v1/auth/profile/ HTTP/1.1" 200 216
INFO 2026-05-10 16:03:46,311 log 41157 139850856859328 "GET /api/v1/courses/admin/courses/ HTTP/1.1" 200 588
INFO 2026-05-10 16:03:46,357 log 41157 139850856859328 "GET /api/v1/auth/notifications/ HTTP/1.1" 200 2
INFO 2026-05-10 16:03:46,373 log 41157 139850873644736 "GET /api/v1/gamification/admin-stats/ HTTP/1.1" 200 166
INFO 2026-05-10 16:03:46,987 log 41157 139850873644736 "GET /api/v1/auth/profile/ HTTP/1.1" 200 216
INFO 2026-05-10 16:03:47,835 log 41157 139850873644736 "GET /api/v1/courses/admin/courses/ HTTP/1.1" 200 588
INFO 2026-05-10 16:03:47,849 log 41157 139850896721600 "GET /api/v1/auth/notifications/ HTTP/1.1" 200 2
INFO 2026-05-10 16:03:47,853 log 41157 139850856859328 "GET /api/v1/gamification/admin-stats/ HTTP/1.1" 200 166
INFO 2026-05-10 16:04:25,742 log 41157 139850873644736 "GET /api/v1/auth/profile/ HTTP/1.1" 200 216
INFO 2026-05-10 16:04:25,825 log 41157 139850856859328 "GET /api/v1/gamification/admin-stats/ HTTP/1.1" 200 166
INFO 2026-05-10 16:04:25,842 log 41157 139850896721600 "GET /api/v1/auth/notifications/ HTTP/1.1" 200 2
INFO 2026-05-10 16:04:25,874 log 41157 139850873644736 "GET /api/v1/courses/admin/courses/ HTTP/1.1" 200 588
INFO 2026-05-10 16:04:29,737 log 41157 139850856859328 "GET /api/v1/courses/admin/courses/1/sections/ HTTP/1.1" 200 64
INFO 2026-05-10 16:04:31,962 log 41157 139850873644736 "GET /api/v1/courses/admin/sections/1/lessons/ HTTP/1.1" 200 2
INFO 2026-05-10 16:04:39,161 log 41157 139850856859328 "POST /api/v1/courses/admin/sections/1/lessons/ HTTP/1.1" 201 144
INFO 2026-05-10 16:04:39,228 log 41157 139850873644736 "GET /api/v1/courses/admin/sections/1/lessons/ HTTP/1.1" 200 146
INFO 2026-05-10 16:04:56,989 log 41157 139850856859328 "POST /api/v1/courses/admin/sections/1/lessons/ HTTP/1.1" 201 159
INFO 2026-05-10 16:04:57,034 log 41157 139850873644736 "GET /api/v1/courses/admin/sections/1/lessons/ HTTP/1.1" 200 306
INFO 2026-05-10 16:05:02,900 log 41157 139850856859328 "GET /api/v1/auth/notifications/ HTTP/1.1" 200 2
INFO 2026-05-10 16:05:02,918 log 41157 139850873644736 "GET /api/v1/courses/catalog/ HTTP/1.1" 200 293
INFO 2026-05-10 16:05:02,947 log 41157 139850896721600 "GET /api/v1/auth/profile/ HTTP/1.1" 200 216
INFO 2026-05-10 16:05:06,635 log 41157 139850856859328 "OPTIONS /api/v1/courses/catalog/nada/ HTTP/1.1" 200 0
INFO 2026-05-10 16:05:06,675 log 41157 139850873644736 "GET /api/v1/courses/catalog/nada/ HTTP/1.1" 200 547
INFO 2026-05-10 16:05:06,699 log 41157 139850856859328 "OPTIONS /api/v1/courses/lessons/1/video/ HTTP/1.1" 200 0
INFO 2026-05-10 16:05:06,733 log 41157 139850873644736 "GET /api/v1/courses/lessons/1/video/ HTTP/1.1" 200 83
INFO 2026-05-10 16:05:11,434 log 41157 139850856859328 "OPTIONS /api/v1/learning/enrollments/ HTTP/1.1" 200 0
INFO 2026-05-10 16:05:11,573 log 41157 139850873644736 "POST /api/v1/learning/enrollments/ HTTP/1.1" 201 67
INFO 2026-05-10 16:05:11,642 log 41157 139850856859328 "GET /api/v1/courses/catalog/nada/ HTTP/1.1" 200 546
INFO 2026-05-10 16:05:11,701 log 41157 139850873644736 "GET /api/v1/courses/lessons/1/video/ HTTP/1.1" 200 83
INFO 2026-05-10 16:05:29,661 log 41157 139850856859328 "GET /api/v1/courses/lessons/1/video/ HTTP/1.1" 200 83
INFO 2026-05-10 16:05:44,614 log 41157 139850873644736 "OPTIONS /api/v1/ai/chatbot/ HTTP/1.1" 200 0
INFO 2026-05-10 16:05:45,913 log 41157 139850856859328 "POST /api/v1/ai/chatbot/ HTTP/1.1" 200 1892
INFO 2026-05-10 16:06:57,590 log 41157 139850856859328 "OPTIONS /api/v1/courses/lessons/2/video/ HTTP/1.1" 200 0
INFO 2026-05-10 16:06:57,617 log 41157 139850856859328 "GET /api/v1/courses/lessons/2/video/ HTTP/1.1" 200 83
INFO 2026-05-10 16:07:08,447 log 41157 139850873644736 "GET /api/v1/courses/catalog/ HTTP/1.1" 200 293
INFO 2026-05-10 16:07:08,451 log 41157 139850611144384 "GET /api/v1/auth/profile/ HTTP/1.1" 200 216
INFO 2026-05-10 16:07:08,467 log 41157 139850856859328 "GET /api/v1/auth/notifications/ HTTP/1.1" 200 2
INFO 2026-05-10 16:07:10,035 log 41157 139850856859328 "GET /api/v1/courses/catalog/nada/ HTTP/1.1" 200 546
INFO 2026-05-10 16:07:10,073 log 41157 139850856859328 "GET /api/v1/courses/lessons/1/video/ HTTP/1.1" 200 83
INFO 2026-05-10 16:07:29,925 log 41157 139850856859328 "GET /api/v1/courses/admin/courses/1/sections/ HTTP/1.1" 200 368
INFO 2026-05-10 16:07:33,129 log 41157 139850856859328 "GET /api/v1/courses/admin/sections/1/lessons/ HTTP/1.1" 200 306
INFO 2026-05-10 16:08:46,450 log 41157 139850856859328 "GET /api/v1/auth/notifications/ HTTP/1.1" 200 2
INFO 2026-05-10 16:08:46,464 log 41157 139850611144384 "GET /api/v1/auth/profile/ HTTP/1.1" 200 216
INFO 2026-05-10 16:08:46,484 log 41157 139850873644736 "GET /api/v1/courses/catalog/ HTTP/1.1" 200 293
INFO 2026-05-10 16:08:56,088 log 41157 139850856859328 "GET /api/v1/auth/profile/ HTTP/1.1" 200 216
INFO 2026-05-10 16:09:06,264 log 41157 139850856859328 "GET /api/v1/auth/profile/ HTTP/1.1" 200 216
INFO 2026-05-10 16:09:15,035 log 41157 139850856859328 "OPTIONS /api/v1/auth/login/ HTTP/1.1" 200 0
INFO 2026-05-10 16:09:15,860 log 41157 139850856859328 "POST /api/v1/auth/login/ HTTP/1.1" 200 505
INFO 2026-05-10 16:09:15,928 log 41157 139850856859328 "GET /api/v1/auth/profile/ HTTP/1.1" 200 216
INFO 2026-05-10 16:09:16,089 log 41157 139850856859328 "GET /api/v1/gamification/dashboard/ HTTP/1.1" 200 1129
INFO 2026-05-10 16:09:16,177 log 41157 139850856859328 "GET /api/v1/auth/notifications/ HTTP/1.1" 200 232
INFO 2026-05-10 16:09:34,208 log 41157 139850856859328 "OPTIONS /api/v1/gamification/progress/ HTTP/1.1" 200 0
INFO 2026-05-10 16:09:34,255 log 41157 139850856859328 "GET /api/v1/gamification/progress/ HTTP/1.1" 200 684
INFO 2026-05-10 16:09:34,343 log 41157 139850856859328 "GET /api/v1/auth/notifications/ HTTP/1.1" 200 232
INFO 2026-05-10 16:09:35,822 log 41157 139850856859328 "GET /api/v1/gamification/dashboard/ HTTP/1.1" 200 1129
INFO 2026-05-10 16:09:35,869 log 41157 139850856859328 "GET /api/v1/auth/notifications/ HTTP/1.1" 200 232
INFO 2026-05-10 16:09:36,612 log 41157 139850856859328 "GET /api/v1/gamification/progress/ HTTP/1.1" 200 684
INFO 2026-05-10 16:09:36,661 log 41157 139850856859328 "GET /api/v1/auth/notifications/ HTTP/1.1" 200 232
INFO 2026-05-10 16:09:38,103 log 41157 139850611144384 "GET /api/v1/auth/profile/ HTTP/1.1" 200 216
INFO 2026-05-10 16:09:38,116 log 41157 139850856859328 "GET /api/v1/auth/notifications/ HTTP/1.1" 200 232
INFO 2026-05-10 16:09:38,122 log 41157 139850873644736 "GET /api/v1/courses/catalog/ HTTP/1.1" 200 293
INFO 2026-05-10 16:10:06,203 log 41157 139850856859328 "OPTIONS /api/v1/auth/register/ HTTP/1.1" 200 0
INFO 2026-05-10 16:10:06,646 log 41157 139850856859328 "POST /api/v1/auth/register/ HTTP/1.1" 201 93
INFO 2026-05-10 16:10:16,828 log 41157 139850856859328 "POST /api/v1/auth/login/ HTTP/1.1" 200 506
INFO 2026-05-10 16:10:16,859 log 41157 139850856859328 "GET /api/v1/auth/profile/ HTTP/1.1" 200 225
INFO 2026-05-10 16:10:17,010 log 41157 139850856859328 "GET /api/v1/gamification/dashboard/ HTTP/1.1" 200 420
INFO 2026-05-10 16:10:17,099 log 41157 139850856859328 "GET /api/v1/auth/notifications/ HTTP/1.1" 200 228
INFO 2026-05-10 16:10:20,288 log 41157 139850856859328 "GET /api/v1/auth/notifications/ HTTP/1.1" 200 228
INFO 2026-05-10 16:10:20,354 log 41157 139850873644736 "GET /api/v1/auth/profile/ HTTP/1.1" 200 225
INFO 2026-05-10 16:10:20,370 log 41157 139850856859328 "GET /api/v1/courses/catalog/ HTTP/1.1" 200 293
WARNING 2026-05-10 16:10:23,404 log 41157 139850856859328 Forbidden: /api/v1/courses/catalog/nada/
WARNING 2026-05-10 16:10:23,406 log 41157 139850856859328 "GET /api/v1/courses/catalog/nada/ HTTP/1.1" 403 59
INFO 2026-05-10 16:10:23,590 log 41157 139850873644736 "GET /api/v1/auth/notifications/ HTTP/1.1" 200 228
INFO 2026-05-10 16:10:23,595 log 41157 139850856859328 "GET /api/v1/auth/profile/ HTTP/1.1" 200 225
WARNING 2026-05-10 16:10:33,069 log 41157 139850856859328 Forbidden: /api/v1/courses/admin/courses/2/sections/
WARNING 2026-05-10 16:10:33,070 log 41157 139850856859328 "GET /api/v1/courses/admin/courses/2/sections/ HTTP/1.1" 403 63
INFO 2026-05-10 16:10:40,604 log 41157 139850611144384 "GET /api/v1/auth/profile/ HTTP/1.1" 200 225
INFO 2026-05-10 16:10:40,631 log 41157 139850856859328 "GET /api/v1/auth/notifications/ HTTP/1.1" 200 228
INFO 2026-05-10 16:10:40,640 log 41157 139850873644736 "GET /api/v1/courses/catalog/ HTTP/1.1" 200 293
INFO 2026-05-10 16:10:42,096 log 41157 139850856859328 "OPTIONS /api/v1/courses/catalog/veovoe/ HTTP/1.1" 200 0
INFO 2026-05-10 16:10:42,139 log 41157 139850856859328 "GET /api/v1/courses/catalog/veovoe/ HTTP/1.1" 200 188
INFO 2026-05-10 16:10:48,481 log 41157 139850856859328 "POST /api/v1/learning/enrollments/ HTTP/1.1" 201 67
INFO 2026-05-10 16:10:48,528 log 41157 139850856859328 "GET /api/v1/courses/catalog/veovoe/ HTTP/1.1" 200 187
INFO 2026-05-10 16:10:57,648 log 41157 139850856859328 "GET /api/v1/courses/catalog/veovoe/ HTTP/1.1" 200 187
INFO 2026-05-10 16:11:25,340 log 41157 139850856859328 "GET /api/v1/auth/notifications/ HTTP/1.1" 200 228
INFO 2026-05-10 16:11:25,342 log 41157 139850611144384 "GET /api/v1/auth/profile/ HTTP/1.1" 200 225
INFO 2026-05-10 16:11:25,348 log 41157 139850873644736 "GET /api/v1/courses/catalog/ HTTP/1.1" 200 293
INFO 2026-05-10 16:11:27,549 log 41157 139850856859328 "GET /api/v1/auth/notifications/ HTTP/1.1" 200 228
INFO 2026-05-10 16:11:27,568 log 41157 139850611144384 "GET /api/v1/auth/profile/ HTTP/1.1" 200 225
INFO 2026-05-10 16:11:27,594 log 41157 139850873644736 "GET /api/v1/courses/catalog/ HTTP/1.1" 200 293
WARNING 2026-05-10 16:11:28,998 log 41157 139850856859328 Forbidden: /api/v1/courses/catalog/nada/
WARNING 2026-05-10 16:11:28,999 log 41157 139850856859328 "GET /api/v1/courses/catalog/nada/ HTTP/1.1" 403 59
INFO 2026-05-10 16:11:29,136 log 41157 139850856859328 "GET /api/v1/auth/profile/ HTTP/1.1" 200 225
INFO 2026-05-10 16:11:29,163 log 41157 139850873644736 "GET /api/v1/auth/notifications/ HTTP/1.1" 200 228
INFO 2026-05-10 16:11:53,344 log 41157 139850856859328 "GET /api/v1/gamification/dashboard/ HTTP/1.1" 200 772
INFO 2026-05-10 16:11:53,394 log 41157 139850856859328 "GET /api/v1/auth/notifications/ HTTP/1.1" 200 228
INFO 2026-05-10 16:11:59,701 log 41157 139850856859328 "GET /api/v1/auth/profile/ HTTP/1.1" 200 225
INFO 2026-05-10 16:11:59,804 log 41157 139850856859328 "GET /api/v1/auth/notifications/ HTTP/1.1" 200 228
INFO 2026-05-10 16:12:03,116 log 41157 139850856859328 "OPTIONS /api/v1/auth/logout/ HTTP/1.1" 200 0
INFO 2026-05-10 16:12:03,264 log 41157 139850856859328 "POST /api/v1/auth/logout/ HTTP/1.1" 205 0
WARNING 2026-05-10 16:12:10,918 log 41157 139850856859328 Unauthorized: /api/v1/auth/login/
WARNING 2026-05-10 16:12:10,918 log 41157 139850856859328 "POST /api/v1/auth/login/ HTTP/1.1" 401 83
INFO 2026-05-10 16:12:20,415 log 41157 139850856859328 "POST /api/v1/auth/login/ HTTP/1.1" 200 505
INFO 2026-05-10 16:12:20,449 log 41157 139850856859328 "GET /api/v1/auth/profile/ HTTP/1.1" 200 216
INFO 2026-05-10 16:12:20,573 log 41157 139850856859328 "GET /api/v1/gamification/dashboard/ HTTP/1.1" 200 1129
INFO 2026-05-10 16:12:20,659 log 41157 139850856859328 "GET /api/v1/auth/notifications/ HTTP/1.1" 200 232
INFO 2026-05-10 16:12:23,186 log 41157 139850856859328 "GET /api/v1/auth/notifications/ HTTP/1.1" 200 232
INFO 2026-05-10 16:12:23,272 log 41157 139850856859328 "GET /api/v1/courses/admin/courses/ HTTP/1.1" 200 892
INFO 2026-05-10 16:12:23,301 log 41157 139850873644736 "GET /api/v1/gamification/admin-stats/ HTTP/1.1" 200 166
INFO 2026-05-10 16:12:33,333 log 41157 139850856859328 "GET /api/v1/auth/profile/ HTTP/1.1" 200 216
INFO 2026-05-10 16:12:33,361 log 41157 139850873644736 "GET /api/v1/auth/notifications/ HTTP/1.1" 200 232
INFO 2026-05-10 16:12:34,881 log 41157 139850856859328 "GET /api/v1/gamification/dashboard/ HTTP/1.1" 200 1129
INFO 2026-05-10 16:12:34,944 log 41157 139850856859328 "GET /api/v1/auth/notifications/ HTTP/1.1" 200 232
INFO 2026-05-10 16:12:36,004 log 41157 139850856859328 "GET /api/v1/gamification/progress/ HTTP/1.1" 200 684
INFO 2026-05-10 16:12:36,062 log 41157 139850856859328 "GET /api/v1/auth/notifications/ HTTP/1.1" 200 232
INFO 2026-05-10 16:12:36,840 log 41157 139850873644736 "GET /api/v1/auth/profile/ HTTP/1.1" 200 216
INFO 2026-05-10 16:12:36,860 log 41157 139850611144384 "GET /api/v1/courses/catalog/ HTTP/1.1" 200 293
INFO 2026-05-10 16:12:36,884 log 41157 139850856859328 "GET /api/v1/auth/notifications/ HTTP/1.1" 200 232
INFO 2026-05-10 16:12:39,631 log 41157 139850856859328 "GET /api/v1/courses/catalog/nada/ HTTP/1.1" 200 546
INFO 2026-05-10 16:12:39,759 log 41157 139850856859328 "GET /api/v1/courses/lessons/1/video/ HTTP/1.1" 200 83
INFO 2026-05-10 16:12:50,568 log 41157 139850856859328 "GET /api/v1/courses/admin/courses/1/sections/ HTTP/1.1" 200 368
INFO 2026-05-10 16:12:57,302 log 41157 139850856859328 "POST /api/v1/courses/admin/courses/1/sections/ HTTP/1.1" 201 62
INFO 2026-05-10 16:12:57,350 log 41157 139850856859328 "GET /api/v1/courses/admin/courses/1/sections/ HTTP/1.1" 200 431
INFO 2026-05-10 16:12:59,856 log 41157 139850856859328 "OPTIONS /api/v1/courses/admin/sections/2/lessons/ HTTP/1.1" 200 0
INFO 2026-05-10 16:12:59,888 log 41157 139850856859328 "GET /api/v1/courses/admin/sections/2/lessons/ HTTP/1.1" 200 2
INFO 2026-05-10 16:13:05,779 log 41157 139850856859328 "POST /api/v1/courses/admin/sections/2/lessons/ HTTP/1.1" 201 133
INFO 2026-05-10 16:13:05,823 log 41157 139850856859328 "GET /api/v1/courses/admin/sections/2/lessons/ HTTP/1.1" 200 135
INFO 2026-05-10 16:13:12,832 log 41157 139850856859328 "POST /api/v1/courses/admin/sections/2/lessons/ HTTP/1.1" 201 133
INFO 2026-05-10 16:13:12,870 log 41157 139850856859328 "GET /api/v1/courses/admin/sections/2/lessons/ HTTP/1.1" 200 269
INFO 2026-05-10 16:13:18,999 log 41157 139850856859328 "POST /api/v1/courses/admin/sections/2/lessons/ HTTP/1.1" 201 133
INFO 2026-05-10 16:13:19,048 log 41157 139850856859328 "GET /api/v1/courses/admin/sections/2/lessons/ HTTP/1.1" 200 403
INFO 2026-05-10 16:13:23,134 log 41157 139850856859328 "GET /api/v1/courses/catalog/nada/ HTTP/1.1" 200 1010
INFO 2026-05-10 16:13:23,185 log 41157 139850856859328 "GET /api/v1/courses/lessons/1/video/ HTTP/1.1" 200 83
INFO 2026-05-10 16:13:26,104 log 41157 139850856859328 "OPTIONS /api/v1/courses/lessons/3/video/ HTTP/1.1" 200 0
INFO 2026-05-10 16:13:26,133 log 41157 139850856859328 "GET /api/v1/courses/lessons/3/video/ HTTP/1.1" 200 83
INFO 2026-05-10 16:13:26,831 log 41157 139850856859328 "GET /api/v1/courses/lessons/2/video/ HTTP/1.1" 200 83
INFO 2026-05-10 16:13:27,369 log 41157 139850856859328 "GET /api/v1/courses/lessons/1/video/ HTTP/1.1" 200 83
INFO 2026-05-10 16:13:27,960 log 41157 139850856859328 "GET /api/v1/courses/lessons/3/video/ HTTP/1.1" 200 83
INFO 2026-05-10 16:13:28,424 log 41157 139850856859328 "OPTIONS /api/v1/courses/lessons/4/video/ HTTP/1.1" 200 0
INFO 2026-05-10 16:13:28,458 log 41157 139850856859328 "GET /api/v1/courses/lessons/4/video/ HTTP/1.1" 200 83
INFO 2026-05-10 16:13:28,980 log 41157 139850856859328 "OPTIONS /api/v1/courses/lessons/5/video/ HTTP/1.1" 200 0
INFO 2026-05-10 16:13:29,012 log 41157 139850856859328 "GET /api/v1/courses/lessons/5/video/ HTTP/1.1" 200 83
INFO 2026-05-10 16:13:30,014 log 41157 139850856859328 "GET /api/v1/courses/lessons/1/video/ HTTP/1.1" 200 83
INFO 2026-05-10 16:14:08,002 log 41157 139850856859328 "GET /api/v1/auth/notifications/ HTTP/1.1" 200 232
INFO 2026-05-10 16:14:08,026 log 41157 139850611144384 "GET /api/v1/auth/profile/ HTTP/1.1" 200 216
INFO 2026-05-10 16:14:08,030 log 41157 139850873644736 "GET /api/v1/courses/catalog/ HTTP/1.1" 200 293
INFO 2026-05-10 16:14:51,196 log 41157 139850856859328 "GET /api/v1/courses/catalog/nada/ HTTP/1.1" 200 1010
INFO 2026-05-10 16:14:51,244 log 41157 139850856859328 "GET /api/v1/courses/lessons/1/video/ HTTP/1.1" 200 83
INFO 2026-05-10 16:14:56,915 log 41157 139850856859328 "GET /api/v1/auth/notifications/ HTTP/1.1" 200 232
INFO 2026-05-10 16:14:56,936 log 41157 139850873644736 "GET /api/v1/courses/catalog/ HTTP/1.1" 200 293
INFO 2026-05-10 16:14:57,033 log 41157 139850611144384 "GET /api/v1/auth/profile/ HTTP/1.1" 200 216
INFO 2026-05-10 16:14:58,078 log 41157 139850856859328 "GET /api/v1/courses/catalog/veovoe/ HTTP/1.1" 200 188
INFO 2026-05-10 16:15:06,218 log 41157 139850856859328 "GET /api/v1/auth/notifications/ HTTP/1.1" 200 232
INFO 2026-05-10 16:15:06,251 log 41157 139850611144384 "GET /api/v1/auth/profile/ HTTP/1.1" 200 216
INFO 2026-05-10 16:15:06,272 log 41157 139850873644736 "GET /api/v1/courses/catalog/ HTTP/1.1" 200 293
INFO 2026-05-10 16:15:07,411 log 41157 139850856859328 "GET /api/v1/courses/catalog/nada/ HTTP/1.1" 200 1010
INFO 2026-05-10 16:15:07,472 log 41157 139850856859328 "GET /api/v1/courses/lessons/1/video/ HTTP/1.1" 200 83
INFO 2026-05-10 16:15:09,154 log 41157 139850856859328 "GET /api/v1/auth/notifications/ HTTP/1.1" 200 232
INFO 2026-05-10 16:15:09,180 log 41157 139850611144384 "GET /api/v1/auth/profile/ HTTP/1.1" 200 216
INFO 2026-05-10 16:15:09,202 log 41157 139850873644736 "GET /api/v1/courses/catalog/ HTTP/1.1" 200 293
INFO 2026-05-10 16:19:28,603 autoreload 41157 139851172211648 /home/checho/.gemini/antigravity/scratch/flemy/backend/courses/models.py changed, reloading.
INFO 2026-05-10 16:19:38,389 autoreload 46974 140285999557568 Watching for file changes with StatReloader
INFO 2026-05-10 16:20:01,587 log 46974 140285725460160 "GET /api/v1/courses/catalog/nada/ HTTP/1.1" 200 1012
INFO 2026-05-10 16:20:01,677 log 46974 140285725460160 "GET /api/v1/courses/lessons/1/video/ HTTP/1.1" 200 83
INFO 2026-05-10 16:20:03,329 log 46974 140285725460160 "GET /api/v1/auth/profile/ HTTP/1.1" 200 216
INFO 2026-05-10 16:20:03,399 log 46974 140285644371648 "GET /api/v1/auth/profile/ HTTP/1.1" 200 216
INFO 2026-05-10 16:20:03,543 log 46974 140285725460160 "GET /api/v1/auth/notifications/ HTTP/1.1" 200 232
INFO 2026-05-10 16:20:03,561 log 46974 140285644371648 "GET /api/v1/courses/catalog/ HTTP/1.1" 200 297
INFO 2026-05-10 16:20:03,597 log 46974 140285644371648 "GET /api/v1/auth/profile/ HTTP/1.1" 200 216
INFO 2026-05-10 16:20:03,845 log 46974 140285725460160 "GET /api/v1/auth/notifications/ HTTP/1.1" 200 232
INFO 2026-05-10 16:20:03,891 log 46974 140285725460160 "GET /api/v1/gamification/admin-stats/ HTTP/1.1" 200 166
INFO 2026-05-10 16:20:03,910 log 46974 140285644371648 "GET /api/v1/courses/admin/courses/ HTTP/1.1" 200 1360
INFO 2026-05-10 16:20:04,131 log 46974 140285635978944 "GET /api/v1/auth/notifications/ HTTP/1.1" 200 232
INFO 2026-05-10 16:20:04,143 log 46974 140285644371648 "GET /api/v1/gamification/admin-stats/ HTTP/1.1" 200 166
INFO 2026-05-10 16:20:04,151 log 46974 140285725460160 "GET /api/v1/courses/admin/courses/ HTTP/1.1" 200 1360
INFO 2026-05-10 16:20:16,752 log 46974 140285725460160 "GET /api/v1/auth/notifications/ HTTP/1.1" 200 232
INFO 2026-05-10 16:20:16,774 log 46974 140285644371648 "GET /api/v1/auth/notifications/ HTTP/1.1" 200 232
INFO 2026-05-10 16:20:32,509 log 46974 140285725460160 "GET /api/v1/auth/notifications/ HTTP/1.1" 200 232
INFO 2026-05-10 16:20:32,520 log 46974 140285644371648 "GET /api/v1/auth/notifications/ HTTP/1.1" 200 232
INFO 2026-05-10 16:24:44,519 log 46974 140285725460160 "GET /api/v1/auth/profile/ HTTP/1.1" 200 216
INFO 2026-05-10 16:24:44,561 log 46974 140285635978944 "GET /api/v1/courses/admin/courses/ HTTP/1.1" 200 1360
INFO 2026-05-10 16:24:44,567 log 46974 140285644371648 "GET /api/v1/gamification/admin-stats/ HTTP/1.1" 200 166
INFO 2026-05-10 16:24:44,577 log 46974 140285627586240 "GET /api/v1/auth/notifications/ HTTP/1.1" 200 232
INFO 2026-05-10 16:25:03,804 log 46974 140285635978944 "GET /api/v1/courses/admin/courses/1/sections/ HTTP/1.1" 200 832
INFO 2026-05-10 16:25:06,236 log 46974 140285635978944 "GET /api/v1/courses/admin/sections/1/lessons/ HTTP/1.1" 200 306
INFO 2026-05-10 16:35:26,330 log 46974 140285635978944 "OPTIONS /api/v1/courses/admin/courses/1/sections/ HTTP/1.1" 200 0
INFO 2026-05-10 16:35:26,697 log 46974 140285635978944 "GET /api/v1/courses/admin/courses/1/sections/ HTTP/1.1" 200 832
INFO 2026-05-10 16:35:28,293 log 46974 140285635978944 "OPTIONS /api/v1/courses/admin/sections/1/lessons/ HTTP/1.1" 200 0
INFO 2026-05-10 16:35:28,324 log 46974 140285635978944 "GET /api/v1/courses/admin/sections/1/lessons/ HTTP/1.1" 200 306
INFO 2026-05-10 16:35:37,518 log 46974 140285635978944 "OPTIONS /api/v1/courses/admin/lessons/1/ HTTP/1.1" 200 0
INFO 2026-05-10 16:35:37,804 log 46974 140285635978944 "PUT /api/v1/courses/admin/lessons/1/ HTTP/1.1" 200 144
INFO 2026-05-10 16:35:37,869 log 46974 140285635978944 "OPTIONS /api/v1/courses/admin/lessons/1/upload-video/ HTTP/1.1" 200 0
INFO 2026-05-10 16:35:39,044 log 46974 140285627586240 "PUT /api/v1/courses/admin/lessons/1/ HTTP/1.1" 200 144
WARNING 2026-05-10 16:35:39,088 log 46974 140285627586240 Bad Request: /api/v1/courses/admin/lessons/1/upload-video/
WARNING 2026-05-10 16:35:39,164 log 46974 140285627586240 "POST /api/v1/courses/admin/lessons/1/upload-video/ HTTP/1.1" 400 81
INFO 2026-05-10 16:35:39,254 log 46974 140285627586240 "GET /api/v1/courses/admin/sections/1/lessons/ HTTP/1.1" 200 306
INFO 2026-05-10 16:35:40,056 log 46974 140285635978944 "POST /api/v1/courses/admin/lessons/1/upload-video/ HTTP/1.1" 201 633
INFO 2026-05-10 16:35:40,157 log 46974 140285635978944 "GET /api/v1/courses/admin/sections/1/lessons/ HTTP/1.1" 200 306
INFO 2026-05-10 16:58:19,382 log 46974 140285627586240 "OPTIONS /api/v1/courses/catalog/nada/ HTTP/1.1" 200 0
INFO 2026-05-10 16:58:19,462 log 46974 140285627586240 "GET /api/v1/courses/catalog/nada/ HTTP/1.1" 200 1012
INFO 2026-05-10 16:58:19,528 log 46974 140285627586240 "OPTIONS /api/v1/courses/lessons/1/video/ HTTP/1.1" 200 0
INFO 2026-05-10 16:58:19,675 log 46974 140285627586240 "GET /api/v1/courses/lessons/1/video/ HTTP/1.1" 200 9587
INFO 2026-05-10 16:58:25,237 log 46974 140285627586240 "OPTIONS /api/v1/courses/lessons/2/video/ HTTP/1.1" 200 0
INFO 2026-05-10 16:58:25,270 log 46974 140285627586240 "GET /api/v1/courses/lessons/2/video/ HTTP/1.1" 200 83
INFO 2026-05-10 16:58:26,576 log 46974 140285627586240 "OPTIONS /api/v1/courses/lessons/3/video/ HTTP/1.1" 200 0
INFO 2026-05-10 16:58:26,620 log 46974 140285627586240 "GET /api/v1/courses/lessons/3/video/ HTTP/1.1" 200 83
INFO 2026-05-10 16:58:26,984 log 46974 140285627586240 "OPTIONS /api/v1/courses/lessons/4/video/ HTTP/1.1" 200 0
INFO 2026-05-10 16:58:27,027 log 46974 140285627586240 "GET /api/v1/courses/lessons/4/video/ HTTP/1.1" 200 83
INFO 2026-05-10 16:58:27,547 log 46974 140285627586240 "OPTIONS /api/v1/courses/lessons/5/video/ HTTP/1.1" 200 0
INFO 2026-05-10 16:58:27,586 log 46974 140285627586240 "GET /api/v1/courses/lessons/5/video/ HTTP/1.1" 200 83
INFO 2026-05-10 16:58:28,537 log 46974 140285627586240 "GET /api/v1/courses/lessons/1/video/ HTTP/1.1" 200 9587
INFO 2026-05-10 16:58:41,825 log 46974 140285627586240 "GET /api/v1/courses/lessons/2/video/ HTTP/1.1" 200 83
INFO 2026-05-10 16:58:42,333 log 46974 140285627586240 "GET /api/v1/courses/lessons/1/video/ HTTP/1.1" 200 9587
INFO 2026-05-10 16:58:45,321 log 46974 140285627586240 "GET /api/v1/courses/lessons/3/video/ HTTP/1.1" 200 83
INFO 2026-05-10 16:58:46,592 log 46974 140285627586240 "GET /api/v1/courses/lessons/1/video/ HTTP/1.1" 200 9587
INFO 2026-05-10 16:58:48,111 log 46974 140285627586240 "GET /api/v1/courses/lessons/2/video/ HTTP/1.1" 200 83
INFO 2026-05-10 16:58:48,944 log 46974 140285627586240 "GET /api/v1/courses/lessons/1/video/ HTTP/1.1" 200 9587
INFO 2026-05-10 16:58:52,669 log 46974 140285627586240 "OPTIONS /api/v1/auth/notifications/ HTTP/1.1" 200 0
INFO 2026-05-10 16:58:52,684 log 46974 140285635978944 "OPTIONS /api/v1/auth/profile/ HTTP/1.1" 200 0
INFO 2026-05-10 16:58:52,704 log 46974 140285644371648 "OPTIONS /api/v1/courses/catalog/ HTTP/1.1" 200 0
INFO 2026-05-10 16:58:52,716 log 46974 140285627586240 "GET /api/v1/auth/notifications/ HTTP/1.1" 200 232
INFO 2026-05-10 16:58:52,735 log 46974 140285635978944 "GET /api/v1/auth/profile/ HTTP/1.1" 200 216
INFO 2026-05-10 16:58:52,797 log 46974 140285644371648 "GET /api/v1/courses/catalog/ HTTP/1.1" 200 297
INFO 2026-05-10 16:58:54,554 log 46974 140285627586240 "GET /api/v1/courses/catalog/nada/ HTTP/1.1" 200 1012
INFO 2026-05-10 16:58:54,640 log 46974 140285627586240 "GET /api/v1/courses/lessons/1/video/ HTTP/1.1" 200 9587
INFO 2026-05-10 16:58:57,370 log 46974 140285635978944 "GET /api/v1/auth/profile/ HTTP/1.1" 200 216
INFO 2026-05-10 16:58:57,377 log 46974 140285627586240 "GET /api/v1/auth/notifications/ HTTP/1.1" 200 232
INFO 2026-05-10 16:58:57,405 log 46974 140285644371648 "GET /api/v1/courses/catalog/ HTTP/1.1" 200 297
INFO 2026-05-10 17:00:20,888 log 46974 140285627586240 "GET /api/v1/auth/profile/ HTTP/1.1" 200 216
INFO 2026-05-10 17:00:20,960 log 46974 140285644371648 "OPTIONS /api/v1/gamification/admin-stats/ HTTP/1.1" 200 0
INFO 2026-05-10 17:00:21,018 log 46974 140285635978944 "OPTIONS /api/v1/courses/admin/courses/ HTTP/1.1" 200 0
INFO 2026-05-10 17:00:21,020 log 46974 140285627586240 "GET /api/v1/auth/notifications/ HTTP/1.1" 200 232
INFO 2026-05-10 17:00:21,120 log 46974 140285635978944 "GET /api/v1/courses/admin/courses/ HTTP/1.1" 200 1360
INFO 2026-05-10 17:00:21,136 log 46974 140285644371648 "GET /api/v1/gamification/admin-stats/ HTTP/1.1" 200 166
INFO 2026-05-10 17:00:23,854 log 46974 140285627586240 "GET /api/v1/courses/admin/courses/1/sections/ HTTP/1.1" 200 832
INFO 2026-05-10 17:00:24,771 log 46974 140285627586240 "GET /api/v1/courses/admin/sections/1/lessons/ HTTP/1.1" 200 306
INFO 2026-05-10 17:00:35,123 log 46974 140285627586240 "GET /api/v1/courses/catalog/nada/ HTTP/1.1" 200 1012
INFO 2026-05-10 17:00:35,199 log 46974 140285627586240 "GET /api/v1/courses/lessons/1/video/ HTTP/1.1" 200 9587
INFO 2026-05-10 17:05:45,791 autoreload 46974 140285999557568 /home/checho/.gemini/antigravity/scratch/flemy/backend/courses/tasks.py changed, reloading.
INFO 2026-05-10 17:05:51,389 autoreload 51867 139868626521024 Watching for file changes with StatReloader
INFO 2026-05-10 17:09:15,030 log 51867 139868337678016 "GET /api/v1/auth/notifications/ HTTP/1.1" 200 232
INFO 2026-05-10 17:09:15,034 log 51867 139868354463424 "GET /api/v1/auth/profile/ HTTP/1.1" 200 216
INFO 2026-05-10 17:09:15,076 log 51867 139868346070720 "GET /api/v1/gamification/admin-stats/ HTTP/1.1" 200 166
INFO 2026-05-10 17:09:15,084 log 51867 139868329285312 "GET /api/v1/courses/admin/courses/ HTTP/1.1" 200 1360
INFO 2026-05-10 17:09:19,394 log 51867 139868329285312 "GET /api/v1/courses/admin/courses/1/sections/ HTTP/1.1" 200 832
INFO 2026-05-10 17:09:21,290 log 51867 139868329285312 "GET /api/v1/courses/admin/sections/1/lessons/ HTTP/1.1" 200 306
INFO 2026-05-10 17:09:40,011 log 51867 139868329285312 "OPTIONS /api/v1/courses/admin/lessons/2/ HTTP/1.1" 200 0
INFO 2026-05-10 17:09:40,121 log 51867 139868329285312 "PUT /api/v1/courses/admin/lessons/2/ HTTP/1.1" 200 159
INFO 2026-05-10 17:09:40,174 log 51867 139868329285312 "OPTIONS /api/v1/courses/admin/lessons/2/upload-video/ HTTP/1.1" 200 0
INFO 2026-05-10 17:09:40,828 log 51867 139868329285312 "POST /api/v1/courses/admin/lessons/2/upload-video/ HTTP/1.1" 201 641
INFO 2026-05-10 17:09:40,909 log 51867 139868329285312 "GET /api/v1/courses/admin/sections/1/lessons/ HTTP/1.1" 200 306
INFO 2026-05-10 17:09:53,769 log 51867 139868329285312 "PUT /api/v1/courses/admin/lessons/2/ HTTP/1.1" 200 159
WARNING 2026-05-10 17:09:53,807 log 51867 139868329285312 Bad Request: /api/v1/courses/admin/lessons/2/upload-video/
WARNING 2026-05-10 17:09:53,835 log 51867 139868329285312 "POST /api/v1/courses/admin/lessons/2/upload-video/ HTTP/1.1" 400 83
INFO 2026-05-10 17:09:53,888 log 51867 139868329285312 "GET /api/v1/courses/admin/sections/1/lessons/ HTTP/1.1" 200 306
INFO 2026-05-10 17:10:28,753 log 51867 139868329285312 "GET /api/v1/auth/notifications/ HTTP/1.1" 200 232
INFO 2026-05-10 17:10:28,776 log 51867 139868337678016 "GET /api/v1/auth/profile/ HTTP/1.1" 200 216
INFO 2026-05-10 17:10:28,872 log 51867 139868329285312 "GET /api/v1/courses/catalog/ HTTP/1.1" 200 297
INFO 2026-05-10 17:10:30,357 log 51867 139868329285312 "GET /api/v1/courses/catalog/nada/ HTTP/1.1" 200 1012
INFO 2026-05-10 17:10:30,433 log 51867 139868329285312 "GET /api/v1/courses/lessons/1/video/ HTTP/1.1" 200 9587
INFO 2026-05-10 17:10:31,411 log 51867 139868329285312 "GET /api/v1/courses/lessons/2/video/ HTTP/1.1" 200 598
INFO 2026-05-10 17:10:34,446 log 51867 139868329285312 "OPTIONS /api/v1/courses/videos/2/status/ HTTP/1.1" 200 0
INFO 2026-05-10 17:10:34,480 log 51867 139868329285312 "GET /api/v1/courses/videos/2/status/ HTTP/1.1" 200 259
INFO 2026-05-10 17:10:37,485 log 51867 139868329285312 "GET /api/v1/courses/videos/2/status/ HTTP/1.1" 200 259
INFO 2026-05-10 17:10:40,475 log 51867 139868329285312 "GET /api/v1/courses/videos/2/status/ HTTP/1.1" 200 259
INFO 2026-05-10 17:10:43,514 log 51867 139868329285312 "GET /api/v1/courses/videos/2/status/ HTTP/1.1" 200 259
INFO 2026-05-10 17:10:46,514 log 51867 139868329285312 "GET /api/v1/courses/videos/2/status/ HTTP/1.1" 200 259
INFO 2026-05-10 17:10:49,538 log 51867 139868329285312 "GET /api/v1/courses/videos/2/status/ HTTP/1.1" 200 259
INFO 2026-05-10 17:10:52,538 log 51867 139868329285312 "GET /api/v1/courses/videos/2/status/ HTTP/1.1" 200 259
INFO 2026-05-10 17:10:55,545 log 51867 139868329285312 "GET /api/v1/courses/videos/2/status/ HTTP/1.1" 200 259
INFO 2026-05-10 17:10:58,549 log 51867 139868329285312 "GET /api/v1/courses/videos/2/status/ HTTP/1.1" 200 259
INFO 2026-05-10 17:11:01,545 log 51867 139868329285312 "GET /api/v1/courses/videos/2/status/ HTTP/1.1" 200 259
INFO 2026-05-10 17:11:04,545 log 51867 139868329285312 "GET /api/v1/courses/videos/2/status/ HTTP/1.1" 200 259
INFO 2026-05-10 17:11:07,550 log 51867 139868329285312 "GET /api/v1/courses/videos/2/status/ HTTP/1.1" 200 259
INFO 2026-05-10 17:11:10,544 log 51867 139868329285312 "GET /api/v1/courses/videos/2/status/ HTTP/1.1" 200 259
INFO 2026-05-10 17:11:13,556 log 51867 139868329285312 "GET /api/v1/courses/videos/2/status/ HTTP/1.1" 200 259
INFO 2026-05-10 17:11:16,548 log 51867 139868329285312 "GET /api/v1/courses/videos/2/status/ HTTP/1.1" 200 259
INFO 2026-05-10 17:11:19,548 log 51867 139868329285312 "GET /api/v1/courses/videos/2/status/ HTTP/1.1" 200 259
INFO 2026-05-10 17:11:22,573 log 51867 139868329285312 "GET /api/v1/courses/videos/2/status/ HTTP/1.1" 200 259
INFO 2026-05-10 17:11:25,578 log 51867 139868329285312 "GET /api/v1/courses/videos/2/status/ HTTP/1.1" 200 259
INFO 2026-05-10 17:11:28,621 log 51867 139868329285312 "GET /api/v1/courses/videos/2/status/ HTTP/1.1" 200 259
INFO 2026-05-10 17:11:31,630 log 51867 139868329285312 "GET /api/v1/courses/videos/2/status/ HTTP/1.1" 200 259
INFO 2026-05-10 17:11:34,664 log 51867 139868329285312 "GET /api/v1/courses/videos/2/status/ HTTP/1.1" 200 259
INFO 2026-05-10 17:11:37,680 log 51867 139868329285312 "GET /api/v1/courses/videos/2/status/ HTTP/1.1" 200 259
INFO 2026-05-10 17:11:40,713 log 51867 139868329285312 "GET /api/v1/courses/videos/2/status/ HTTP/1.1" 200 259
INFO 2026-05-10 17:11:43,711 log 51867 139868329285312 "GET /api/v1/courses/videos/2/status/ HTTP/1.1" 200 259
INFO 2026-05-10 17:11:46,762 log 51867 139868329285312 "GET /api/v1/courses/videos/2/status/ HTTP/1.1" 200 259
INFO 2026-05-10 17:11:48,858 log 51867 139868329285312 "GET /api/v1/courses/catalog/nada/ HTTP/1.1" 200 1012
INFO 2026-05-10 17:11:48,924 log 51867 139868329285312 "GET /api/v1/courses/lessons/1/video/ HTTP/1.1" 200 9587
INFO 2026-05-10 17:12:14,196 log 51867 139868329285312 "GET /api/v1/courses/lessons/2/video/ HTTP/1.1" 200 598
INFO 2026-05-10 17:12:17,249 log 51867 139868329285312 "GET /api/v1/courses/videos/2/status/ HTTP/1.1" 200 259
WARNING 2026-05-10 17:12:20,223 log 51867 139868329285312 Unauthorized: /api/v1/courses/videos/2/status/
WARNING 2026-05-10 17:12:20,227 log 51867 139868329285312 "GET /api/v1/courses/videos/2/status/ HTTP/1.1" 401 172
INFO 2026-05-10 17:13:12,583 log 51867 139868329285312 "OPTIONS /api/v1/auth/login/ HTTP/1.1" 200 0
INFO 2026-05-10 17:13:13,424 log 51867 139868329285312 "POST /api/v1/auth/login/ HTTP/1.1" 200 506
INFO 2026-05-10 17:13:13,498 log 51867 139868329285312 "GET /api/v1/auth/profile/ HTTP/1.1" 200 225
INFO 2026-05-10 17:13:13,726 log 51867 139868329285312 "OPTIONS /api/v1/gamification/dashboard/ HTTP/1.1" 200 0
INFO 2026-05-10 17:13:13,800 log 51867 139868329285312 "GET /api/v1/gamification/dashboard/ HTTP/1.1" 200 776
INFO 2026-05-10 17:13:13,949 log 51867 139868329285312 "GET /api/v1/auth/notifications/ HTTP/1.1" 200 228
INFO 2026-05-10 17:13:16,548 log 51867 139868329285312 "GET /api/v1/auth/notifications/ HTTP/1.1" 200 228
INFO 2026-05-10 17:13:16,583 log 51867 139868337678016 "GET /api/v1/courses/catalog/ HTTP/1.1" 200 297
INFO 2026-05-10 17:13:16,586 log 51867 139868329285312 "GET /api/v1/auth/profile/ HTTP/1.1" 200 225
WARNING 2026-05-10 17:13:18,201 log 51867 139868329285312 Forbidden: /api/v1/courses/catalog/nada/
WARNING 2026-05-10 17:13:18,202 log 51867 139868329285312 "GET /api/v1/courses/catalog/nada/ HTTP/1.1" 403 59
INFO 2026-05-10 17:13:18,365 log 51867 139868329285312 "GET /api/v1/auth/profile/ HTTP/1.1" 200 225
INFO 2026-05-10 17:13:18,385 log 51867 139868337678016 "GET /api/v1/auth/notifications/ HTTP/1.1" 200 228
INFO 2026-05-10 17:13:34,791 log 51867 139868329285312 "OPTIONS /api/v1/billing/pay/simulate/ HTTP/1.1" 200 0
INFO 2026-05-10 17:13:35,028 log 51867 139868329285312 "POST /api/v1/billing/pay/simulate/ HTTP/1.1" 200 116
INFO 2026-05-10 17:13:35,113 log 51867 139868329285312 "GET /api/v1/auth/profile/ HTTP/1.1" 200 227
INFO 2026-05-10 17:13:37,189 log 51867 139868329285312 "GET /api/v1/gamification/dashboard/ HTTP/1.1" 200 779
INFO 2026-05-10 17:13:37,237 log 51867 139868329285312 "GET /api/v1/auth/notifications/ HTTP/1.1" 200 490
INFO 2026-05-10 17:13:38,035 log 51867 139868329285312 "GET /api/v1/auth/notifications/ HTTP/1.1" 200 490
INFO 2026-05-10 17:13:38,090 log 51867 139868329285312 "GET /api/v1/courses/catalog/ HTTP/1.1" 200 297
INFO 2026-05-10 17:13:38,108 log 51867 139868337678016 "GET /api/v1/auth/profile/ HTTP/1.1" 200 227
INFO 2026-05-10 17:13:39,341 log 51867 139868329285312 "GET /api/v1/courses/catalog/nada/ HTTP/1.1" 200 1013
INFO 2026-05-10 17:13:39,439 log 51867 139868329285312 "GET /api/v1/courses/lessons/1/video/ HTTP/1.1" 200 9587
INFO 2026-05-10 17:13:41,741 log 51867 139868329285312 "OPTIONS /api/v1/learning/enrollments/ HTTP/1.1" 200 0
INFO 2026-05-10 17:13:41,872 log 51867 139868329285312 "POST /api/v1/learning/enrollments/ HTTP/1.1" 201 67
INFO 2026-05-10 17:13:41,967 log 51867 139868329285312 "GET /api/v1/courses/catalog/nada/ HTTP/1.1" 200 1012
INFO 2026-05-10 17:13:42,057 log 51867 139868329285312 "GET /api/v1/courses/lessons/1/video/ HTTP/1.1" 200 9587
INFO 2026-05-10 17:13:43,339 log 51867 139868329285312 "GET /api/v1/courses/lessons/2/video/ HTTP/1.1" 200 598
INFO 2026-05-10 17:13:46,379 log 51867 139868329285312 "GET /api/v1/courses/videos/2/status/ HTTP/1.1" 200 259
INFO 2026-05-10 17:13:49,396 log 51867 139868329285312 "GET /api/v1/courses/videos/2/status/ HTTP/1.1" 200 259
INFO 2026-05-10 17:13:52,386 log 51867 139868329285312 "GET /api/v1/courses/videos/2/status/ HTTP/1.1" 200 259
INFO 2026-05-10 17:13:55,389 log 51867 139868329285312 "GET /api/v1/courses/videos/2/status/ HTTP/1.1" 200 259
INFO 2026-05-10 17:13:58,388 log 51867 139868329285312 "GET /api/v1/courses/videos/2/status/ HTTP/1.1" 200 259
INFO 2026-05-10 17:14:01,391 log 51867 139868329285312 "GET /api/v1/courses/videos/2/status/ HTTP/1.1" 200 259
INFO 2026-05-10 17:14:04,393 log 51867 139868329285312 "GET /api/v1/courses/videos/2/status/ HTTP/1.1" 200 259
INFO 2026-05-10 17:14:07,398 log 51867 139868329285312 "GET /api/v1/courses/videos/2/status/ HTTP/1.1" 200 259
INFO 2026-05-10 17:14:10,395 log 51867 139868329285312 "GET /api/v1/courses/videos/2/status/ HTTP/1.1" 200 259
INFO 2026-05-10 17:14:13,399 log 51867 139868329285312 "GET /api/v1/courses/videos/2/status/ HTTP/1.1" 200 259
INFO 2026-05-10 17:14:16,457 log 51867 139868329285312 "GET /api/v1/courses/videos/2/status/ HTTP/1.1" 200 259
INFO 2026-05-10 17:14:19,450 log 51867 139868329285312 "GET /api/v1/courses/videos/2/status/ HTTP/1.1" 200 259
INFO 2026-05-10 17:14:22,449 log 51867 139868329285312 "GET /api/v1/courses/videos/2/status/ HTTP/1.1" 200 259
INFO 2026-05-10 17:14:25,452 log 51867 139868329285312 "GET /api/v1/courses/videos/2/status/ HTTP/1.1" 200 259
INFO 2026-05-10 17:14:28,450 log 51867 139868329285312 "GET /api/v1/courses/videos/2/status/ HTTP/1.1" 200 259
INFO 2026-05-10 17:14:31,455 log 51867 139868329285312 "GET /api/v1/courses/videos/2/status/ HTTP/1.1" 200 259
INFO 2026-05-10 17:14:34,450 log 51867 139868329285312 "GET /api/v1/courses/videos/2/status/ HTTP/1.1" 200 259
INFO 2026-05-10 17:14:37,453 log 51867 139868329285312 "GET /api/v1/courses/videos/2/status/ HTTP/1.1" 200 259
INFO 2026-05-10 17:14:40,461 log 51867 139868329285312 "GET /api/v1/courses/videos/2/status/ HTTP/1.1" 200 259
INFO 2026-05-10 17:14:43,532 log 51867 139868329285312 "GET /api/v1/courses/videos/2/status/ HTTP/1.1" 200 259
INFO 2026-05-10 17:14:46,532 log 51867 139868329285312 "GET /api/v1/courses/videos/2/status/ HTTP/1.1" 200 259
INFO 2026-05-10 17:14:49,548 log 51867 139868329285312 "GET /api/v1/courses/videos/2/status/ HTTP/1.1" 200 259
INFO 2026-05-10 17:14:52,556 log 51867 139868329285312 "GET /api/v1/courses/videos/2/status/ HTTP/1.1" 200 259
INFO 2026-05-10 17:14:55,581 log 51867 139868329285312 "GET /api/v1/courses/videos/2/status/ HTTP/1.1" 200 259
INFO 2026-05-10 17:14:58,584 log 51867 139868329285312 "GET /api/v1/courses/videos/2/status/ HTTP/1.1" 200 259
INFO 2026-05-10 17:15:01,586 log 51867 139868329285312 "GET /api/v1/courses/videos/2/status/ HTTP/1.1" 200 259
INFO 2026-05-10 17:15:04,584 log 51867 139868329285312 "GET /api/v1/courses/videos/2/status/ HTTP/1.1" 200 259
INFO 2026-05-10 17:15:07,587 log 51867 139868329285312 "GET /api/v1/courses/videos/2/status/ HTTP/1.1" 200 259
INFO 2026-05-10 17:15:10,575 log 51867 139868329285312 "GET /api/v1/courses/videos/2/status/ HTTP/1.1" 200 259
INFO 2026-05-10 17:15:13,594 log 51867 139868329285312 "GET /api/v1/courses/videos/2/status/ HTTP/1.1" 200 259
INFO 2026-05-10 17:15:16,590 log 51867 139868329285312 "GET /api/v1/courses/videos/2/status/ HTTP/1.1" 200 259
INFO 2026-05-10 17:15:19,590 log 51867 139868329285312 "GET /api/v1/courses/videos/2/status/ HTTP/1.1" 200 259
INFO 2026-05-10 17:15:22,586 log 51867 139868329285312 "GET /api/v1/courses/videos/2/status/ HTTP/1.1" 200 259
INFO 2026-05-10 17:15:25,585 log 51867 139868329285312 "GET /api/v1/courses/videos/2/status/ HTTP/1.1" 200 259
INFO 2026-05-10 17:15:28,588 log 51867 139868329285312 "GET /api/v1/courses/videos/2/status/ HTTP/1.1" 200 259
INFO 2026-05-10 17:15:31,590 log 51867 139868329285312 "GET /api/v1/courses/videos/2/status/ HTTP/1.1" 200 259
INFO 2026-05-10 17:15:34,588 log 51867 139868329285312 "GET /api/v1/courses/videos/2/status/ HTTP/1.1" 200 259
INFO 2026-05-10 17:15:37,582 log 51867 139868329285312 "GET /api/v1/courses/videos/2/status/ HTTP/1.1" 200 259
INFO 2026-05-10 17:15:40,611 log 51867 139868329285312 "GET /api/v1/courses/videos/2/status/ HTTP/1.1" 200 259
INFO 2026-05-10 17:15:43,607 log 51867 139868329285312 "GET /api/v1/courses/videos/2/status/ HTTP/1.1" 200 259
INFO 2026-05-10 17:15:46,665 log 51867 139868329285312 "GET /api/v1/courses/videos/2/status/ HTTP/1.1" 200 259
INFO 2026-05-10 17:15:49,681 log 51867 139868329285312 "GET /api/v1/courses/videos/2/status/ HTTP/1.1" 200 259
INFO 2026-05-10 17:15:52,719 log 51867 139868329285312 "GET /api/v1/courses/videos/2/status/ HTTP/1.1" 200 259
INFO 2026-05-10 17:15:55,735 log 51867 139868329285312 "GET /api/v1/courses/videos/2/status/ HTTP/1.1" 200 259
INFO 2026-05-10 17:15:58,759 log 51867 139868329285312 "GET /api/v1/courses/videos/2/status/ HTTP/1.1" 200 259
INFO 2026-05-10 17:16:01,790 log 51867 139868329285312 "GET /api/v1/courses/videos/2/status/ HTTP/1.1" 200 259
INFO 2026-05-10 17:16:04,815 log 51867 139868329285312 "GET /api/v1/courses/videos/2/status/ HTTP/1.1" 200 259
INFO 2026-05-10 17:16:07,819 log 51867 139868329285312 "GET /api/v1/courses/videos/2/status/ HTTP/1.1" 200 259
INFO 2026-05-10 17:16:10,857 log 51867 139868329285312 "GET /api/v1/courses/videos/2/status/ HTTP/1.1" 200 259
INFO 2026-05-10 17:16:13,861 log 51867 139868329285312 "GET /api/v1/courses/videos/2/status/ HTTP/1.1" 200 259
INFO 2026-05-10 17:16:16,886 log 51867 139868329285312 "GET /api/v1/courses/videos/2/status/ HTTP/1.1" 200 259
INFO 2026-05-10 17:16:19,882 log 51867 139868329285312 "GET /api/v1/courses/videos/2/status/ HTTP/1.1" 200 259
INFO 2026-05-10 17:16:22,896 log 51867 139868329285312 "GET /api/v1/courses/videos/2/status/ HTTP/1.1" 200 259
INFO 2026-05-10 17:16:25,889 log 51867 139868329285312 "GET /api/v1/courses/videos/2/status/ HTTP/1.1" 200 259
INFO 2026-05-10 17:16:28,936 log 51867 139868329285312 "GET /api/v1/courses/videos/2/status/ HTTP/1.1" 200 259
INFO 2026-05-10 17:16:31,936 log 51867 139868329285312 "GET /api/v1/courses/videos/2/status/ HTTP/1.1" 200 259
INFO 2026-05-10 17:16:34,989 log 51867 139868329285312 "GET /api/v1/courses/videos/2/status/ HTTP/1.1" 200 259
INFO 2026-05-10 17:16:37,983 log 51867 139868329285312 "GET /api/v1/courses/videos/2/status/ HTTP/1.1" 200 259
INFO 2026-05-10 17:16:41,028 log 51867 139868329285312 "GET /api/v1/courses/videos/2/status/ HTTP/1.1" 200 259
INFO 2026-05-10 17:16:44,014 log 51867 139868329285312 "GET /api/v1/courses/videos/2/status/ HTTP/1.1" 200 259
INFO 2026-05-10 17:16:47,044 log 51867 139868329285312 "GET /api/v1/courses/videos/2/status/ HTTP/1.1" 200 259
INFO 2026-05-10 17:16:50,040 log 51867 139868329285312 "GET /api/v1/courses/videos/2/status/ HTTP/1.1" 200 259
INFO 2026-05-10 17:16:53,059 log 51867 139868329285312 "GET /api/v1/courses/videos/2/status/ HTTP/1.1" 200 259
INFO 2026-05-10 17:16:56,053 log 51867 139868329285312 "GET /api/v1/courses/videos/2/status/ HTTP/1.1" 200 259
INFO 2026-05-10 17:16:59,072 log 51867 139868329285312 "GET /api/v1/courses/videos/2/status/ HTTP/1.1" 200 259
INFO 2026-05-10 17:17:02,066 log 51867 139868329285312 "GET /api/v1/courses/videos/2/status/ HTTP/1.1" 200 259
INFO 2026-05-10 17:17:05,066 log 51867 139868329285312 "GET /api/v1/courses/videos/2/status/ HTTP/1.1" 200 259
INFO 2026-05-10 17:17:08,067 log 51867 139868329285312 "GET /api/v1/courses/videos/2/status/ HTTP/1.1" 200 259
INFO 2026-05-10 17:17:11,144 log 51867 139868329285312 "GET /api/v1/courses/videos/2/status/ HTTP/1.1" 200 259
INFO 2026-05-10 17:17:14,183 log 51867 139868329285312 "GET /api/v1/courses/videos/2/status/ HTTP/1.1" 200 259
INFO 2026-05-10 17:17:17,193 log 51867 139868329285312 "GET /api/v1/courses/videos/2/status/ HTTP/1.1" 200 259
INFO 2026-05-10 17:17:20,238 log 51867 139868329285312 "GET /api/v1/courses/videos/2/status/ HTTP/1.1" 200 259
INFO 2026-05-10 17:17:23,253 log 51867 139868329285312 "GET /api/v1/courses/videos/2/status/ HTTP/1.1" 200 259
INFO 2026-05-10 17:17:26,242 log 51867 139868329285312 "GET /api/v1/courses/videos/2/status/ HTTP/1.1" 200 259
INFO 2026-05-10 17:17:29,306 log 51867 139868329285312 "GET /api/v1/courses/videos/2/status/ HTTP/1.1" 200 259
INFO 2026-05-10 17:17:32,328 log 51867 139868329285312 "GET /api/v1/courses/videos/2/status/ HTTP/1.1" 200 259
INFO 2026-05-10 17:17:35,350 log 51867 139868329285312 "GET /api/v1/courses/videos/2/status/ HTTP/1.1" 200 259
INFO 2026-05-10 17:17:38,379 log 51867 139868329285312 "GET /api/v1/courses/videos/2/status/ HTTP/1.1" 200 259
INFO 2026-05-10 17:17:41,385 log 51867 139868329285312 "GET /api/v1/courses/videos/2/status/ HTTP/1.1" 200 259
INFO 2026-05-10 17:17:44,395 log 51867 139868329285312 "GET /api/v1/courses/videos/2/status/ HTTP/1.1" 200 259
INFO 2026-05-10 17:17:47,432 log 51867 139868329285312 "GET /api/v1/courses/videos/2/status/ HTTP/1.1" 200 259
INFO 2026-05-10 17:17:50,451 log 51867 139868329285312 "GET /api/v1/courses/videos/2/status/ HTTP/1.1" 200 259
INFO 2026-05-10 17:17:53,454 log 51867 139868329285312 "GET /api/v1/courses/videos/2/status/ HTTP/1.1" 200 259
INFO 2026-05-10 17:17:56,456 log 51867 139868329285312 "GET /api/v1/courses/videos/2/status/ HTTP/1.1" 200 259
INFO 2026-05-10 17:17:59,496 log 51867 139868329285312 "GET /api/v1/courses/videos/2/status/ HTTP/1.1" 200 259
INFO 2026-05-10 17:18:02,513 log 51867 139868329285312 "GET /api/v1/courses/videos/2/status/ HTTP/1.1" 200 259
INFO 2026-05-10 17:18:05,526 log 51867 139868329285312 "GET /api/v1/courses/videos/2/status/ HTTP/1.1" 200 259
INFO 2026-05-10 17:18:08,536 log 51867 139868329285312 "GET /api/v1/courses/videos/2/status/ HTTP/1.1" 200 259
INFO 2026-05-10 17:18:11,584 log 51867 139868329285312 "GET /api/v1/courses/videos/2/status/ HTTP/1.1" 200 259
INFO 2026-05-10 17:18:14,580 log 51867 139868329285312 "GET /api/v1/courses/videos/2/status/ HTTP/1.1" 200 259
INFO 2026-05-10 17:18:17,620 log 51867 139868329285312 "GET /api/v1/courses/videos/2/status/ HTTP/1.1" 200 259
INFO 2026-05-10 17:18:20,620 log 51867 139868329285312 "GET /api/v1/courses/videos/2/status/ HTTP/1.1" 200 259
INFO 2026-05-10 17:18:23,666 log 51867 139868329285312 "GET /api/v1/courses/videos/2/status/ HTTP/1.1" 200 259
INFO 2026-05-10 17:18:26,670 log 51867 139868329285312 "GET /api/v1/courses/videos/2/status/ HTTP/1.1" 200 259
INFO 2026-05-10 17:18:29,699 log 51867 139868329285312 "GET /api/v1/courses/videos/2/status/ HTTP/1.1" 200 259
INFO 2026-05-10 17:18:32,697 log 51867 139868329285312 "GET /api/v1/courses/videos/2/status/ HTTP/1.1" 200 259
INFO 2026-05-10 17:18:35,741 log 51867 139868329285312 "GET /api/v1/courses/videos/2/status/ HTTP/1.1" 200 259
INFO 2026-05-10 17:18:38,749 log 51867 139868329285312 "GET /api/v1/courses/videos/2/status/ HTTP/1.1" 200 259
INFO 2026-05-10 17:18:41,763 log 51867 139868329285312 "GET /api/v1/courses/videos/2/status/ HTTP/1.1" 200 259
INFO 2026-05-10 17:18:44,801 log 51867 139868329285312 "GET /api/v1/courses/videos/2/status/ HTTP/1.1" 200 259
INFO 2026-05-10 17:18:47,817 log 51867 139868329285312 "GET /api/v1/courses/videos/2/status/ HTTP/1.1" 200 259
INFO 2026-05-10 17:18:50,851 log 51867 139868329285312 "GET /api/v1/courses/videos/2/status/ HTTP/1.1" 200 259
INFO 2026-05-10 17:18:53,860 log 51867 139868329285312 "GET /api/v1/courses/videos/2/status/ HTTP/1.1" 200 259
INFO 2026-05-10 17:18:56,855 log 51867 139868329285312 "GET /api/v1/courses/videos/2/status/ HTTP/1.1" 200 259
INFO 2026-05-10 17:18:59,887 log 51867 139868329285312 "GET /api/v1/courses/videos/2/status/ HTTP/1.1" 200 259
INFO 2026-05-10 17:19:02,891 log 51867 139868329285312 "GET /api/v1/courses/videos/2/status/ HTTP/1.1" 200 259
INFO 2026-05-10 17:19:05,915 log 51867 139868329285312 "GET /api/v1/courses/videos/2/status/ HTTP/1.1" 200 259
INFO 2026-05-10 17:19:08,920 log 51867 139868329285312 "GET /api/v1/courses/videos/2/status/ HTTP/1.1" 200 259
INFO 2026-05-10 17:19:11,951 log 51867 139868329285312 "GET /api/v1/courses/videos/2/status/ HTTP/1.1" 200 259
INFO 2026-05-10 17:19:14,968 log 51867 139868329285312 "GET /api/v1/courses/videos/2/status/ HTTP/1.1" 200 259
INFO 2026-05-10 17:19:17,980 log 51867 139868329285312 "GET /api/v1/courses/videos/2/status/ HTTP/1.1" 200 259
INFO 2026-05-10 17:19:20,982 log 51867 139868329285312 "GET /api/v1/courses/videos/2/status/ HTTP/1.1" 200 259
INFO 2026-05-10 17:19:24,039 log 51867 139868329285312 "GET /api/v1/courses/videos/2/status/ HTTP/1.1" 200 259
INFO 2026-05-10 17:19:27,023 log 51867 139868329285312 "GET /api/v1/courses/videos/2/status/ HTTP/1.1" 200 259
INFO 2026-05-10 17:19:30,039 log 51867 139868329285312 "GET /api/v1/courses/videos/2/status/ HTTP/1.1" 200 259
INFO 2026-05-10 17:19:33,051 log 51867 139868329285312 "GET /api/v1/courses/videos/2/status/ HTTP/1.1" 200 259
INFO 2026-05-10 17:19:36,051 log 51867 139868329285312 "GET /api/v1/courses/videos/2/status/ HTTP/1.1" 200 259
INFO 2026-05-10 17:19:39,055 log 51867 139868329285312 "GET /api/v1/courses/videos/2/status/ HTTP/1.1" 200 259
INFO 2026-05-10 17:19:42,065 log 51867 139868329285312 "GET /api/v1/courses/videos/2/status/ HTTP/1.1" 200 259
INFO 2026-05-10 17:19:45,074 log 51867 139868329285312 "GET /api/v1/courses/videos/2/status/ HTTP/1.1" 200 259
INFO 2026-05-10 17:19:48,104 log 51867 139868329285312 "GET /api/v1/courses/videos/2/status/ HTTP/1.1" 200 259
INFO 2026-05-10 17:19:51,112 log 51867 139868329285312 "GET /api/v1/courses/videos/2/status/ HTTP/1.1" 200 259
INFO 2026-05-10 17:19:54,141 log 51867 139868329285312 "GET /api/v1/courses/videos/2/status/ HTTP/1.1" 200 259
INFO 2026-05-10 17:19:57,136 log 51867 139868329285312 "GET /api/v1/courses/videos/2/status/ HTTP/1.1" 200 259
INFO 2026-05-10 17:20:00,171 log 51867 139868329285312 "GET /api/v1/courses/videos/2/status/ HTTP/1.1" 200 259
INFO 2026-05-10 17:20:03,164 log 51867 139868329285312 "GET /api/v1/courses/videos/2/status/ HTTP/1.1" 200 259
INFO 2026-05-10 17:20:06,183 log 51867 139868329285312 "GET /api/v1/courses/videos/2/status/ HTTP/1.1" 200 259
INFO 2026-05-10 17:20:09,170 log 51867 139868329285312 "GET /api/v1/courses/videos/2/status/ HTTP/1.1" 200 259
INFO 2026-05-10 17:20:12,174 log 51867 139868329285312 "GET /api/v1/courses/videos/2/status/ HTTP/1.1" 200 259
INFO 2026-05-10 17:20:15,174 log 51867 139868329285312 "GET /api/v1/courses/videos/2/status/ HTTP/1.1" 200 259
INFO 2026-05-10 17:20:18,172 log 51867 139868329285312 "GET /api/v1/courses/videos/2/status/ HTTP/1.1" 200 259
INFO 2026-05-10 17:20:21,174 log 51867 139868329285312 "GET /api/v1/courses/videos/2/status/ HTTP/1.1" 200 259
INFO 2026-05-10 17:20:24,163 log 51867 139868329285312 "GET /api/v1/courses/videos/2/status/ HTTP/1.1" 200 259
INFO 2026-05-10 17:20:27,163 log 51867 139868329285312 "GET /api/v1/courses/videos/2/status/ HTTP/1.1" 200 259
INFO 2026-05-10 17:20:30,170 log 51867 139868329285312 "GET /api/v1/courses/videos/2/status/ HTTP/1.1" 200 259
INFO 2026-05-10 17:20:33,172 log 51867 139868329285312 "GET /api/v1/courses/videos/2/status/ HTTP/1.1" 200 259
INFO 2026-05-10 17:20:36,173 log 51867 139868329285312 "GET /api/v1/courses/videos/2/status/ HTTP/1.1" 200 259
INFO 2026-05-10 17:20:39,166 log 51867 139868329285312 "GET /api/v1/courses/videos/2/status/ HTTP/1.1" 200 259
INFO 2026-05-10 17:20:42,254 log 51867 139868329285312 "GET /api/v1/courses/videos/2/status/ HTTP/1.1" 200 259
INFO 2026-05-10 17:20:45,266 log 51867 139868329285312 "GET /api/v1/courses/videos/2/status/ HTTP/1.1" 200 259
INFO 2026-05-10 17:20:48,269 log 51867 139868329285312 "GET /api/v1/courses/videos/2/status/ HTTP/1.1" 200 259
INFO 2026-05-10 17:20:51,306 log 51867 139868329285312 "GET /api/v1/courses/videos/2/status/ HTTP/1.1" 200 259
INFO 2026-05-10 17:20:54,298 log 51867 139868329285312 "GET /api/v1/courses/videos/2/status/ HTTP/1.1" 200 259
INFO 2026-05-10 17:20:57,302 log 51867 139868329285312 "GET /api/v1/courses/videos/2/status/ HTTP/1.1" 200 259
INFO 2026-05-10 17:21:00,303 log 51867 139868329285312 "GET /api/v1/courses/videos/2/status/ HTTP/1.1" 200 259
INFO 2026-05-10 17:21:03,302 log 51867 139868329285312 "GET /api/v1/courses/videos/2/status/ HTTP/1.1" 200 259
INFO 2026-05-10 17:21:06,297 log 51867 139868329285312 "GET /api/v1/courses/videos/2/status/ HTTP/1.1" 200 259
INFO 2026-05-10 17:21:09,302 log 51867 139868329285312 "GET /api/v1/courses/videos/2/status/ HTTP/1.1" 200 259
INFO 2026-05-10 17:21:12,305 log 51867 139868329285312 "GET /api/v1/courses/videos/2/status/ HTTP/1.1" 200 259
INFO 2026-05-10 17:21:15,337 log 51867 139868329285312 "GET /api/v1/courses/videos/2/status/ HTTP/1.1" 200 259
INFO 2026-05-10 17:21:18,339 log 51867 139868329285312 "GET /api/v1/courses/videos/2/status/ HTTP/1.1" 200 259
INFO 2026-05-10 17:21:21,340 log 51867 139868329285312 "GET /api/v1/courses/videos/2/status/ HTTP/1.1" 200 259
INFO 2026-05-10 17:21:24,332 log 51867 139868329285312 "GET /api/v1/courses/videos/2/status/ HTTP/1.1" 200 259
INFO 2026-05-10 17:21:27,417 log 51867 139868329285312 "GET /api/v1/courses/videos/2/status/ HTTP/1.1" 200 259
INFO 2026-05-10 17:21:30,414 log 51867 139868329285312 "GET /api/v1/courses/videos/2/status/ HTTP/1.1" 200 259
INFO 2026-05-10 17:21:33,420 log 51867 139868329285312 "GET /api/v1/courses/videos/2/status/ HTTP/1.1" 200 259
INFO 2026-05-10 17:21:36,416 log 51867 139868329285312 "GET /api/v1/courses/videos/2/status/ HTTP/1.1" 200 259
INFO 2026-05-10 17:21:39,418 log 51867 139868329285312 "GET /api/v1/courses/videos/2/status/ HTTP/1.1" 200 259
INFO 2026-05-10 17:21:42,471 log 51867 139868329285312 "GET /api/v1/courses/videos/2/status/ HTTP/1.1" 200 259
INFO 2026-05-10 17:21:45,491 log 51867 139868329285312 "GET /api/v1/courses/videos/2/status/ HTTP/1.1" 200 259
INFO 2026-05-10 17:21:48,474 log 51867 139868329285312 "GET /api/v1/courses/videos/2/status/ HTTP/1.1" 200 259
INFO 2026-05-10 17:21:51,494 log 51867 139868329285312 "GET /api/v1/courses/videos/2/status/ HTTP/1.1" 200 259
INFO 2026-05-10 17:21:54,478 log 51867 139868329285312 "GET /api/v1/courses/videos/2/status/ HTTP/1.1" 200 259
INFO 2026-05-10 17:21:57,531 log 51867 139868329285312 "GET /api/v1/courses/videos/2/status/ HTTP/1.1" 200 259
INFO 2026-05-10 17:22:00,533 log 51867 139868329285312 "GET /api/v1/courses/videos/2/status/ HTTP/1.1" 200 259
INFO 2026-05-10 17:22:03,524 log 51867 139868329285312 "GET /api/v1/courses/videos/2/status/ HTTP/1.1" 200 259
INFO 2026-05-10 17:22:06,526 log 51867 139868329285312 "GET /api/v1/courses/videos/2/status/ HTTP/1.1" 200 259
INFO 2026-05-10 17:22:09,527 log 51867 139868329285312 "GET /api/v1/courses/videos/2/status/ HTTP/1.1" 200 259
INFO 2026-05-10 17:22:12,532 log 51867 139868329285312 "GET /api/v1/courses/videos/2/status/ HTTP/1.1" 200 259
INFO 2026-05-10 17:22:15,524 log 51867 139868329285312 "GET /api/v1/courses/videos/2/status/ HTTP/1.1" 200 259
INFO 2026-05-10 17:22:18,533 log 51867 139868329285312 "GET /api/v1/courses/videos/2/status/ HTTP/1.1" 200 259
INFO 2026-05-10 17:22:21,529 log 51867 139868329285312 "GET /api/v1/courses/videos/2/status/ HTTP/1.1" 200 259
INFO 2026-05-10 17:22:24,536 log 51867 139868329285312 "GET /api/v1/courses/videos/2/status/ HTTP/1.1" 200 259
INFO 2026-05-10 17:22:27,534 log 51867 139868329285312 "GET /api/v1/courses/videos/2/status/ HTTP/1.1" 200 259
INFO 2026-05-10 17:22:30,535 log 51867 139868329285312 "GET /api/v1/courses/videos/2/status/ HTTP/1.1" 200 259
INFO 2026-05-10 17:22:33,534 log 51867 139868329285312 "GET /api/v1/courses/videos/2/status/ HTTP/1.1" 200 259
INFO 2026-05-10 17:22:36,535 log 51867 139868329285312 "GET /api/v1/courses/videos/2/status/ HTTP/1.1" 200 259
INFO 2026-05-10 17:22:39,536 log 51867 139868329285312 "GET /api/v1/courses/videos/2/status/ HTTP/1.1" 200 259
INFO 2026-05-10 17:22:42,535 log 51867 139868329285312 "GET /api/v1/courses/videos/2/status/ HTTP/1.1" 200 259
INFO 2026-05-10 17:22:45,564 log 51867 139868329285312 "GET /api/v1/courses/videos/2/status/ HTTP/1.1" 200 259
INFO 2026-05-10 17:22:48,566 log 51867 139868329285312 "GET /api/v1/courses/videos/2/status/ HTTP/1.1" 200 259
INFO 2026-05-10 17:22:51,620 log 51867 139868329285312 "GET /api/v1/courses/videos/2/status/ HTTP/1.1" 200 259
INFO 2026-05-10 17:22:54,638 log 51867 139868329285312 "GET /api/v1/courses/videos/2/status/ HTTP/1.1" 200 259
INFO 2026-05-10 17:22:57,647 log 51867 139868329285312 "GET /api/v1/courses/videos/2/status/ HTTP/1.1" 200 259
INFO 2026-05-10 17:23:00,648 log 51867 139868329285312 "GET /api/v1/courses/videos/2/status/ HTTP/1.1" 200 259
INFO 2026-05-10 17:23:03,654 log 51867 139868329285312 "GET /api/v1/courses/videos/2/status/ HTTP/1.1" 200 259
INFO 2026-05-10 17:23:06,649 log 51867 139868329285312 "GET /api/v1/courses/videos/2/status/ HTTP/1.1" 200 259
INFO 2026-05-10 17:23:09,726 log 51867 139868329285312 "GET /api/v1/courses/videos/2/status/ HTTP/1.1" 200 259
INFO 2026-05-10 17:23:12,724 log 51867 139868329285312 "GET /api/v1/courses/videos/2/status/ HTTP/1.1" 200 259
INFO 2026-05-10 17:23:15,781 log 51867 139868329285312 "GET /api/v1/courses/videos/2/status/ HTTP/1.1" 200 259
INFO 2026-05-10 17:23:18,800 log 51867 139868329285312 "GET /api/v1/courses/videos/2/status/ HTTP/1.1" 200 259
INFO 2026-05-10 17:23:21,833 log 51867 139868329285312 "GET /api/v1/courses/videos/2/status/ HTTP/1.1" 200 259
INFO 2026-05-10 17:23:24,830 log 51867 139868329285312 "GET /api/v1/courses/videos/2/status/ HTTP/1.1" 200 259
INFO 2026-05-10 17:23:27,860 log 51867 139868329285312 "GET /api/v1/courses/videos/2/status/ HTTP/1.1" 200 259
INFO 2026-05-10 17:23:30,871 log 51867 139868329285312 "GET /api/v1/courses/videos/2/status/ HTTP/1.1" 200 259
INFO 2026-05-10 17:23:33,909 log 51867 139868329285312 "GET /api/v1/courses/videos/2/status/ HTTP/1.1" 200 259
INFO 2026-05-10 17:23:36,902 log 51867 139868329285312 "GET /api/v1/courses/videos/2/status/ HTTP/1.1" 200 259
INFO 2026-05-10 17:23:39,945 log 51867 139868329285312 "GET /api/v1/courses/videos/2/status/ HTTP/1.1" 200 259
INFO 2026-05-10 17:23:42,949 log 51867 139868329285312 "GET /api/v1/courses/videos/2/status/ HTTP/1.1" 200 259
INFO 2026-05-10 17:23:45,962 log 51867 139868329285312 "GET /api/v1/courses/videos/2/status/ HTTP/1.1" 200 259
INFO 2026-05-10 17:23:48,970 log 51867 139868329285312 "GET /api/v1/courses/videos/2/status/ HTTP/1.1" 200 259
INFO 2026-05-10 17:23:52,022 log 51867 139868329285312 "GET /api/v1/courses/videos/2/status/ HTTP/1.1" 200 259
INFO 2026-05-10 17:23:55,024 log 51867 139868329285312 "GET /api/v1/courses/videos/2/status/ HTTP/1.1" 200 259
INFO 2026-05-10 17:23:58,068 log 51867 139868329285312 "GET /api/v1/courses/videos/2/status/ HTTP/1.1" 200 259
INFO 2026-05-10 17:23:59,778 log 51867 139868329285312 "GET /api/v1/courses/catalog/nada/ HTTP/1.1" 200 1012
INFO 2026-05-10 17:23:59,843 log 51867 139868329285312 "GET /api/v1/courses/lessons/1/video/ HTTP/1.1" 200 9587
INFO 2026-05-10 17:24:03,911 log 51867 139868329285312 "GET /api/v1/courses/lessons/2/video/ HTTP/1.1" 200 598
INFO 2026-05-10 17:24:07,042 log 51867 139868329285312 "GET /api/v1/courses/videos/2/status/ HTTP/1.1" 200 259
INFO 2026-05-10 17:24:10,063 log 51867 139868329285312 "GET /api/v1/courses/videos/2/status/ HTTP/1.1" 200 259
INFO 2026-05-10 17:24:13,065 log 51867 139868329285312 "GET /api/v1/courses/videos/2/status/ HTTP/1.1" 200 259
INFO 2026-05-10 17:24:16,099 log 51867 139868329285312 "GET /api/v1/courses/videos/2/status/ HTTP/1.1" 200 259
INFO 2026-05-10 17:24:19,093 log 51867 139868329285312 "GET /api/v1/courses/videos/2/status/ HTTP/1.1" 200 259
INFO 2026-05-10 17:24:22,122 log 51867 139868329285312 "GET /api/v1/courses/videos/2/status/ HTTP/1.1" 200 259
INFO 2026-05-10 17:24:25,128 log 51867 139868329285312 "GET /api/v1/courses/videos/2/status/ HTTP/1.1" 200 259
INFO 2026-05-10 17:24:28,175 log 51867 139868329285312 "GET /api/v1/courses/videos/2/status/ HTTP/1.1" 200 259
INFO 2026-05-10 17:24:31,170 log 51867 139868329285312 "GET /api/v1/courses/videos/2/status/ HTTP/1.1" 200 259
INFO 2026-05-10 17:24:34,192 log 51867 139868329285312 "GET /api/v1/courses/videos/2/status/ HTTP/1.1" 200 259
INFO 2026-05-10 17:24:37,193 log 51867 139868329285312 "GET /api/v1/courses/videos/2/status/ HTTP/1.1" 200 259
INFO 2026-05-10 17:24:40,238 log 51867 139868329285312 "GET /api/v1/courses/videos/2/status/ HTTP/1.1" 200 259
INFO 2026-05-10 17:24:43,245 log 51867 139868329285312 "GET /api/v1/courses/videos/2/status/ HTTP/1.1" 200 259
INFO 2026-05-10 17:24:46,291 log 51867 139868329285312 "GET /api/v1/courses/videos/2/status/ HTTP/1.1" 200 259
INFO 2026-05-10 17:24:49,286 log 51867 139868329285312 "GET /api/v1/courses/videos/2/status/ HTTP/1.1" 200 259
INFO 2026-05-10 17:24:52,345 log 51867 139868329285312 "GET /api/v1/courses/videos/2/status/ HTTP/1.1" 200 259
INFO 2026-05-10 17:24:55,365 log 51867 139868329285312 "GET /api/v1/courses/videos/2/status/ HTTP/1.1" 200 259
INFO 2026-05-10 17:24:58,389 log 51867 139868329285312 "GET /api/v1/courses/videos/2/status/ HTTP/1.1" 200 259
INFO 2026-05-10 17:25:01,390 log 51867 139868329285312 "GET /api/v1/courses/videos/2/status/ HTTP/1.1" 200 259
INFO 2026-05-10 17:25:04,432 log 51867 139868329285312 "GET /api/v1/courses/videos/2/status/ HTTP/1.1" 200 259
INFO 2026-05-10 17:25:07,420 log 51867 139868329285312 "GET /api/v1/courses/videos/2/status/ HTTP/1.1" 200 259
INFO 2026-05-10 17:25:10,481 log 51867 139868329285312 "GET /api/v1/courses/videos/2/status/ HTTP/1.1" 200 259
INFO 2026-05-10 17:25:13,472 log 51867 139868329285312 "GET /api/v1/courses/videos/2/status/ HTTP/1.1" 200 259
INFO 2026-05-10 17:25:16,504 log 51867 139868329285312 "GET /api/v1/courses/videos/2/status/ HTTP/1.1" 200 259
INFO 2026-05-10 17:25:19,512 log 51867 139868329285312 "GET /api/v1/courses/videos/2/status/ HTTP/1.1" 200 259
INFO 2026-05-10 17:25:22,544 log 51867 139868329285312 "GET /api/v1/courses/videos/2/status/ HTTP/1.1" 200 259
INFO 2026-05-10 17:25:25,565 log 51867 139868329285312 "GET /api/v1/courses/videos/2/status/ HTTP/1.1" 200 259
INFO 2026-05-10 17:25:28,589 log 51867 139868329285312 "GET /api/v1/courses/videos/2/status/ HTTP/1.1" 200 259
INFO 2026-05-10 17:25:31,593 log 51867 139868329285312 "GET /api/v1/courses/videos/2/status/ HTTP/1.1" 200 259
INFO 2026-05-10 17:25:34,619 log 51867 139868329285312 "GET /api/v1/courses/videos/2/status/ HTTP/1.1" 200 259
INFO 2026-05-10 17:25:37,616 log 51867 139868329285312 "GET /api/v1/courses/videos/2/status/ HTTP/1.1" 200 259
INFO 2026-05-10 17:25:40,638 log 51867 139868329285312 "GET /api/v1/courses/videos/2/status/ HTTP/1.1" 200 259
INFO 2026-05-10 17:25:43,634 log 51867 139868329285312 "GET /api/v1/courses/videos/2/status/ HTTP/1.1" 200 259
INFO 2026-05-10 17:25:46,696 log 51867 139868329285312 "GET /api/v1/courses/videos/2/status/ HTTP/1.1" 200 259
INFO 2026-05-10 17:25:49,686 log 51867 139868329285312 "GET /api/v1/courses/videos/2/status/ HTTP/1.1" 200 259
INFO 2026-05-10 17:25:52,737 log 51867 139868329285312 "GET /api/v1/courses/videos/2/status/ HTTP/1.1" 200 259
INFO 2026-05-10 17:25:55,743 log 51867 139868329285312 "GET /api/v1/courses/videos/2/status/ HTTP/1.1" 200 259
INFO 2026-05-10 17:25:58,769 log 51867 139868329285312 "GET /api/v1/courses/videos/2/status/ HTTP/1.1" 200 259
INFO 2026-05-10 17:26:01,759 log 51867 139868329285312 "GET /api/v1/courses/videos/2/status/ HTTP/1.1" 200 259
INFO 2026-05-10 17:26:04,808 log 51867 139868329285312 "GET /api/v1/courses/videos/2/status/ HTTP/1.1" 200 259
INFO 2026-05-10 17:26:07,826 log 51867 139868329285312 "GET /api/v1/courses/videos/2/status/ HTTP/1.1" 200 259
INFO 2026-05-10 17:26:10,844 log 51867 139868329285312 "GET /api/v1/courses/videos/2/status/ HTTP/1.1" 200 259
INFO 2026-05-10 17:26:13,840 log 51867 139868329285312 "GET /api/v1/courses/videos/2/status/ HTTP/1.1" 200 259
INFO 2026-05-10 17:26:16,880 log 51867 139868329285312 "GET /api/v1/courses/videos/2/status/ HTTP/1.1" 200 259
INFO 2026-05-10 17:26:19,879 log 51867 139868329285312 "GET /api/v1/courses/videos/2/status/ HTTP/1.1" 200 259
INFO 2026-05-10 17:26:22,920 log 51867 139868329285312 "GET /api/v1/courses/videos/2/status/ HTTP/1.1" 200 259
INFO 2026-05-10 17:26:25,928 log 51867 139868329285312 "GET /api/v1/courses/videos/2/status/ HTTP/1.1" 200 259
INFO 2026-05-10 17:26:28,943 log 51867 139868329285312 "GET /api/v1/courses/videos/2/status/ HTTP/1.1" 200 259
INFO 2026-05-10 17:26:31,946 log 51867 139868329285312 "GET /api/v1/courses/videos/2/status/ HTTP/1.1" 200 259
INFO 2026-05-10 17:26:34,961 log 51867 139868329285312 "GET /api/v1/courses/videos/2/status/ HTTP/1.1" 200 259
INFO 2026-05-10 17:26:37,987 log 51867 139868329285312 "GET /api/v1/courses/videos/2/status/ HTTP/1.1" 200 259
INFO 2026-05-10 17:26:38,442 log 51867 139868329285312 "GET /api/v1/courses/lessons/1/video/ HTTP/1.1" 200 9587
INFO 2026-05-10 17:26:39,234 log 51867 139868329285312 "GET /api/v1/courses/lessons/2/video/ HTTP/1.1" 200 598
INFO 2026-05-10 17:26:42,280 log 51867 139868329285312 "GET /api/v1/courses/videos/2/status/ HTTP/1.1" 200 259
INFO 2026-05-10 17:26:45,354 log 51867 139868329285312 "GET /api/v1/courses/videos/2/status/ HTTP/1.1" 200 259
INFO 2026-05-10 17:26:48,360 log 51867 139868329285312 "GET /api/v1/courses/videos/2/status/ HTTP/1.1" 200 259
INFO 2026-05-10 17:26:51,391 log 51867 139868329285312 "GET /api/v1/courses/videos/2/status/ HTTP/1.1" 200 259
INFO 2026-05-10 17:26:54,387 log 51867 139868329285312 "GET /api/v1/courses/videos/2/status/ HTTP/1.1" 200 259
INFO 2026-05-10 17:26:57,428 log 51867 139868329285312 "GET /api/v1/courses/videos/2/status/ HTTP/1.1" 200 259
INFO 2026-05-10 17:27:00,436 log 51867 139868329285312 "GET /api/v1/courses/videos/2/status/ HTTP/1.1" 200 259
INFO 2026-05-10 17:27:03,454 log 51867 139868329285312 "GET /api/v1/courses/videos/2/status/ HTTP/1.1" 200 259
INFO 2026-05-10 17:27:06,458 log 51867 139868329285312 "GET /api/v1/courses/videos/2/status/ HTTP/1.1" 200 259
INFO 2026-05-10 17:27:09,464 log 51867 139868329285312 "GET /api/v1/courses/videos/2/status/ HTTP/1.1" 200 259
INFO 2026-05-10 17:27:12,473 log 51867 139868329285312 "GET /api/v1/courses/videos/2/status/ HTTP/1.1" 200 259
INFO 2026-05-10 17:27:15,476 log 51867 139868329285312 "GET /api/v1/courses/videos/2/status/ HTTP/1.1" 200 259
INFO 2026-05-10 17:27:18,482 log 51867 139868329285312 "GET /api/v1/courses/videos/2/status/ HTTP/1.1" 200 259
INFO 2026-05-10 17:27:21,502 log 51867 139868329285312 "GET /api/v1/courses/videos/2/status/ HTTP/1.1" 200 259
INFO 2026-05-10 17:27:24,511 log 51867 139868329285312 "GET /api/v1/courses/videos/2/status/ HTTP/1.1" 200 259
INFO 2026-05-10 17:27:27,514 log 51867 139868329285312 "GET /api/v1/courses/videos/2/status/ HTTP/1.1" 200 259
INFO 2026-05-10 17:27:30,571 log 51867 139868329285312 "GET /api/v1/courses/videos/2/status/ HTTP/1.1" 200 259
INFO 2026-05-10 17:27:33,562 log 51867 139868329285312 "GET /api/v1/courses/videos/2/status/ HTTP/1.1" 200 259
INFO 2026-05-10 17:27:36,557 log 51867 139868329285312 "GET /api/v1/courses/videos/2/status/ HTTP/1.1" 200 259
INFO 2026-05-10 17:27:39,608 log 51867 139868329285312 "GET /api/v1/courses/videos/2/status/ HTTP/1.1" 200 259
INFO 2026-05-10 17:27:42,610 log 51867 139868329285312 "GET /api/v1/courses/videos/2/status/ HTTP/1.1" 200 259
INFO 2026-05-10 17:27:45,631 log 51867 139868329285312 "GET /api/v1/courses/videos/2/status/ HTTP/1.1" 200 259
INFO 2026-05-10 17:27:48,638 log 51867 139868329285312 "GET /api/v1/courses/videos/2/status/ HTTP/1.1" 200 259
INFO 2026-05-10 17:27:51,638 log 51867 139868329285312 "GET /api/v1/courses/videos/2/status/ HTTP/1.1" 200 259
INFO 2026-05-10 17:27:54,667 log 51867 139868329285312 "GET /api/v1/courses/videos/2/status/ HTTP/1.1" 200 259
INFO 2026-05-10 17:27:57,754 log 51867 139868329285312 "GET /api/v1/courses/videos/2/status/ HTTP/1.1" 200 259
INFO 2026-05-10 17:28:00,780 log 51867 139868329285312 "GET /api/v1/courses/videos/2/status/ HTTP/1.1" 200 259
INFO 2026-05-10 17:28:03,791 log 51867 139868329285312 "GET /api/v1/courses/videos/2/status/ HTTP/1.1" 200 259
INFO 2026-05-10 17:28:06,787 log 51867 139868329285312 "GET /api/v1/courses/videos/2/status/ HTTP/1.1" 200 259
INFO 2026-05-10 17:28:09,866 log 51867 139868329285312 "GET /api/v1/courses/videos/2/status/ HTTP/1.1" 200 259
INFO 2026-05-10 17:28:12,864 log 51867 139868329285312 "GET /api/v1/courses/videos/2/status/ HTTP/1.1" 200 259
INFO 2026-05-10 17:28:15,906 log 51867 139868329285312 "GET /api/v1/courses/videos/2/status/ HTTP/1.1" 200 259
INFO 2026-05-10 17:28:18,957 log 51867 139868329285312 "GET /api/v1/courses/videos/2/status/ HTTP/1.1" 200 259
INFO 2026-05-10 17:28:21,959 log 51867 139868329285312 "GET /api/v1/courses/videos/2/status/ HTTP/1.1" 200 259
INFO 2026-05-10 17:28:24,970 log 51867 139868329285312 "GET /api/v1/courses/videos/2/status/ HTTP/1.1" 200 259
INFO 2026-05-10 17:28:27,929 log 51867 139868329285312 "OPTIONS /api/v1/courses/videos/2/status/ HTTP/1.1" 200 0
INFO 2026-05-10 17:28:27,972 log 51867 139868329285312 "GET /api/v1/courses/videos/2/status/ HTTP/1.1" 200 259
INFO 2026-05-10 17:28:30,983 log 51867 139868329285312 "GET /api/v1/courses/videos/2/status/ HTTP/1.1" 200 259
INFO 2026-05-10 17:28:33,974 log 51867 139868329285312 "GET /api/v1/courses/videos/2/status/ HTTP/1.1" 200 259
INFO 2026-05-10 17:28:36,997 log 51867 139868329285312 "GET /api/v1/courses/videos/2/status/ HTTP/1.1" 200 259
INFO 2026-05-10 17:28:40,121 log 51867 139868329285312 "GET /api/v1/courses/videos/2/status/ HTTP/1.1" 200 259
INFO 2026-05-10 17:28:43,032 log 51867 139868329285312 "GET /api/v1/courses/videos/2/status/ HTTP/1.1" 200 259
INFO 2026-05-10 17:28:45,996 log 51867 139868329285312 "GET /api/v1/courses/videos/2/status/ HTTP/1.1" 200 277
INFO 2026-05-10 17:28:46,034 log 51867 139868329285312 "OPTIONS /api/v1/courses/lessons/2/video/ HTTP/1.1" 200 0
INFO 2026-05-10 17:28:46,129 log 51867 139868329285312 "GET /api/v1/courses/lessons/2/video/ HTTP/1.1" 200 9596
INFO 2026-05-10 17:29:17,085 log 51867 139868329285312 "GET /api/v1/courses/lessons/2/video/ HTTP/1.1" 200 9596
INFO 2026-05-10 17:29:18,002 log 51867 139868329285312 "GET /api/v1/courses/lessons/2/video/ HTTP/1.1" 200 9596
INFO 2026-05-10 17:29:21,074 log 51867 139868329285312 "OPTIONS /api/v1/courses/catalog/nada/ HTTP/1.1" 200 0
INFO 2026-05-10 17:29:21,131 log 51867 139868329285312 "GET /api/v1/courses/catalog/nada/ HTTP/1.1" 200 1012
INFO 2026-05-10 17:29:21,217 log 51867 139868329285312 "OPTIONS /api/v1/courses/lessons/1/video/ HTTP/1.1" 200 0
INFO 2026-05-10 17:29:21,263 log 51867 139868329285312 "GET /api/v1/courses/lessons/1/video/ HTTP/1.1" 200 9587
INFO 2026-05-10 17:29:22,174 log 51867 139868329285312 "GET /api/v1/courses/lessons/2/video/ HTTP/1.1" 200 9596
INFO 2026-05-10 17:29:30,928 log 51867 139868329285312 "GET /api/v1/courses/lessons/1/video/ HTTP/1.1" 200 9587
INFO 2026-05-10 17:29:37,494 log 51867 139868329285312 "GET /api/v1/courses/lessons/2/video/ HTTP/1.1" 200 9596
INFO 2026-05-10 17:51:26,060 autoreload 51867 139868626521024 /home/checho/.gemini/antigravity/scratch/flemy/backend/courses/views.py changed, reloading.
INFO 2026-05-10 17:51:32,804 autoreload 56740 140637173894080 Watching for file changes with StatReloader
INFO 2026-05-10 17:52:11,747 log 56740 140636900902592 "OPTIONS /api/v1/courses/admin/sections/2/lessons/ HTTP/1.1" 200 0
WARNING 2026-05-10 17:52:11,830 log 56740 140636900902592 Forbidden: /api/v1/courses/admin/sections/2/lessons/
WARNING 2026-05-10 17:52:11,831 log 56740 140636900902592 "GET /api/v1/courses/admin/sections/2/lessons/ HTTP/1.1" 403 63
WARNING 2026-05-10 17:52:17,506 log 56740 140636900902592 Forbidden: /api/v1/courses/admin/sections/2/lessons/
WARNING 2026-05-10 17:52:17,507 log 56740 140636900902592 "GET /api/v1/courses/admin/sections/2/lessons/ HTTP/1.1" 403 63
WARNING 2026-05-10 17:52:31,074 log 56740 140636900902592 Forbidden: /api/v1/courses/admin/sections/2/lessons/
WARNING 2026-05-10 17:52:31,076 log 56740 140636900902592 "POST /api/v1/courses/admin/sections/2/lessons/ HTTP/1.1" 403 63
INFO 2026-05-10 17:52:37,529 log 56740 140636900902592 "OPTIONS /api/v1/auth/profile/ HTTP/1.1" 200 0
INFO 2026-05-10 17:52:37,556 log 56740 140636900902592 "GET /api/v1/auth/profile/ HTTP/1.1" 200 227
INFO 2026-05-10 17:52:37,645 log 56740 140636900902592 "OPTIONS /api/v1/auth/notifications/ HTTP/1.1" 200 0
INFO 2026-05-10 17:52:37,690 log 56740 140636900902592 "GET /api/v1/auth/notifications/ HTTP/1.1" 200 490
INFO 2026-05-10 17:52:45,606 log 56740 140636900902592 "OPTIONS /api/v1/auth/logout/ HTTP/1.1" 200 0
INFO 2026-05-10 17:52:45,749 log 56740 140636900902592 "POST /api/v1/auth/logout/ HTTP/1.1" 205 0
INFO 2026-05-10 17:52:52,095 log 56740 140636900902592 "OPTIONS /api/v1/auth/login/ HTTP/1.1" 200 0
INFO 2026-05-10 17:52:52,903 log 56740 140636900902592 "POST /api/v1/auth/login/ HTTP/1.1" 200 505
INFO 2026-05-10 17:52:52,980 log 56740 140636900902592 "GET /api/v1/auth/profile/ HTTP/1.1" 200 216
INFO 2026-05-10 17:52:53,069 log 56740 140636900902592 "OPTIONS /api/v1/gamification/dashboard/ HTTP/1.1" 200 0
INFO 2026-05-10 17:52:53,163 log 56740 140636900902592 "GET /api/v1/gamification/dashboard/ HTTP/1.1" 200 1597
INFO 2026-05-10 17:52:53,265 log 56740 140636900902592 "GET /api/v1/auth/notifications/ HTTP/1.1" 200 232
INFO 2026-05-10 17:52:55,301 log 56740 140636900902592 "GET /api/v1/auth/notifications/ HTTP/1.1" 200 232
INFO 2026-05-10 17:52:55,335 log 56740 140636900902592 "OPTIONS /api/v1/gamification/admin-stats/ HTTP/1.1" 200 0
INFO 2026-05-10 17:52:55,347 log 56740 140636887267008 "OPTIONS /api/v1/courses/admin/courses/ HTTP/1.1" 200 0
INFO 2026-05-10 17:52:55,390 log 56740 140636887267008 "GET /api/v1/courses/admin/courses/ HTTP/1.1" 200 1360
INFO 2026-05-10 17:52:55,424 log 56740 140636900902592 "GET /api/v1/gamification/admin-stats/ HTTP/1.1" 200 223
INFO 2026-05-10 17:52:58,663 log 56740 140636900902592 "OPTIONS /api/v1/courses/admin/courses/1/sections/ HTTP/1.1" 200 0
INFO 2026-05-10 17:52:58,697 log 56740 140636900902592 "GET /api/v1/courses/admin/courses/1/sections/ HTTP/1.1" 200 832
INFO 2026-05-10 17:53:00,005 log 56740 140636900902592 "GET /api/v1/courses/admin/sections/2/lessons/ HTTP/1.1" 200 403
INFO 2026-05-10 17:53:11,621 log 56740 140636900902592 "OPTIONS /api/v1/courses/admin/lessons/5/ HTTP/1.1" 200 0
INFO 2026-05-10 17:53:11,821 log 56740 140636900902592 "PUT /api/v1/courses/admin/lessons/5/ HTTP/1.1" 200 133
INFO 2026-05-10 17:53:11,880 log 56740 140636900902592 "OPTIONS /api/v1/courses/admin/lessons/5/upload-video/ HTTP/1.1" 200 0
INFO 2026-05-10 17:53:12,720 log 56740 140636900902592 "POST /api/v1/courses/admin/lessons/5/upload-video/ HTTP/1.1" 201 662
INFO 2026-05-10 17:53:12,803 log 56740 140636900902592 "GET /api/v1/courses/admin/sections/2/lessons/ HTTP/1.1" 200 403
INFO 2026-05-10 17:53:24,166 log 56740 140636900902592 "OPTIONS /api/v1/courses/catalog/nada/ HTTP/1.1" 200 0
INFO 2026-05-10 17:53:24,287 log 56740 140636900902592 "GET /api/v1/courses/catalog/nada/ HTTP/1.1" 200 1012
INFO 2026-05-10 17:53:24,359 log 56740 140636900902592 "OPTIONS /api/v1/courses/lessons/1/video/ HTTP/1.1" 200 0
INFO 2026-05-10 17:53:24,509 log 56740 140636900902592 "GET /api/v1/courses/lessons/1/video/ HTTP/1.1" 200 9608
INFO 2026-05-10 17:53:25,941 log 56740 140636874680000 "GET /media/videos/2026/05/10/Qu%C3%A9_es_Programar_y_para_qu%C3%A9_sirve_.mp4 HTTP/1.1" 200 19956166
INFO 2026-05-10 17:53:33,194 log 56740 140636900902592 "OPTIONS /api/v1/courses/lessons/2/video/ HTTP/1.1" 200 0
INFO 2026-05-10 17:53:33,330 log 56740 140636900902592 "GET /api/v1/courses/lessons/2/video/ HTTP/1.1" 200 9617
INFO 2026-05-10 17:53:34,322 log 56740 140636874680000 "GET /media/videos/2026/05/10/Qu%C3%A9_es_Programar_y_para_qu%C3%A9_sirve__c1VzZpf.mp4 HTTP/1.1" 200 19956166
INFO 2026-05-10 17:53:39,323 log 56740 140636900902592 "OPTIONS /api/v1/courses/lessons/5/video/ HTTP/1.1" 200 0
INFO 2026-05-10 17:53:39,423 log 56740 140636900902592 "GET /api/v1/courses/lessons/5/video/ HTTP/1.1" 200 619
INFO 2026-05-10 17:53:39,990 log 56740 140636874680000 "GET /media/videos/2026/05/10/Qu%C3%A9_es_Programar_y_para_qu%C3%A9_sirve__skEIGah.mp4 HTTP/1.1" 200 19956166
INFO 2026-05-10 17:53:42,665 log 56740 140636900902592 "OPTIONS /api/v1/courses/videos/3/status/ HTTP/1.1" 200 0
INFO 2026-05-10 17:53:42,760 log 56740 140636900902592 "GET /api/v1/courses/videos/3/status/ HTTP/1.1" 200 259
INFO 2026-05-10 17:53:45,587 log 56740 140636900902592 "GET /api/v1/courses/videos/3/status/ HTTP/1.1" 200 259
INFO 2026-05-10 17:53:48,559 log 56740 140636900902592 "GET /api/v1/courses/videos/3/status/ HTTP/1.1" 200 259
INFO 2026-05-10 17:53:51,584 log 56740 140636900902592 "GET /api/v1/courses/videos/3/status/ HTTP/1.1" 200 259
INFO 2026-05-10 17:53:54,593 log 56740 140636900902592 "GET /api/v1/courses/videos/3/status/ HTTP/1.1" 200 259
INFO 2026-05-10 17:53:57,625 log 56740 140636900902592 "GET /api/v1/courses/videos/3/status/ HTTP/1.1" 200 259
INFO 2026-05-10 17:54:00,444 log 56740 140636900902592 "GET /api/v1/courses/lessons/2/video/ HTTP/1.1" 200 9617
INFO 2026-05-10 17:54:33,823 log 56740 140636900902592 "GET /api/v1/auth/notifications/ HTTP/1.1" 200 232
INFO 2026-05-10 17:54:33,850 log 56740 140636887267008 "GET /api/v1/auth/profile/ HTTP/1.1" 200 216
INFO 2026-05-10 17:54:33,897 log 56740 140636866287296 "OPTIONS /api/v1/courses/catalog/ HTTP/1.1" 200 0
INFO 2026-05-10 17:54:33,940 log 56740 140636900902592 "GET /api/v1/courses/catalog/ HTTP/1.1" 200 297
INFO 2026-05-10 17:54:34,904 log 56740 140636900902592 "OPTIONS /api/v1/gamification/progress/ HTTP/1.1" 200 0
INFO 2026-05-10 17:54:34,950 log 56740 140636900902592 "GET /api/v1/gamification/progress/ HTTP/1.1" 200 684
INFO 2026-05-10 17:54:35,222 log 56740 140636900902592 "GET /api/v1/auth/notifications/ HTTP/1.1" 200 232
INFO 2026-05-10 17:54:45,107 log 56740 140636900902592 "GET /api/v1/auth/profile/ HTTP/1.1" 200 216
INFO 2026-05-10 17:54:45,261 log 56740 140636900902592 "GET /api/v1/gamification/dashboard/ HTTP/1.1" 200 1597
INFO 2026-05-10 17:54:45,359 log 56740 140636900902592 "GET /api/v1/auth/notifications/ HTTP/1.1" 200 232
INFO 2026-05-10 17:54:52,280 log 56740 140636900902592 "OPTIONS /api/v1/courses/catalog/veovoe/ HTTP/1.1" 200 0
INFO 2026-05-10 17:54:52,319 log 56740 140636900902592 "GET /api/v1/courses/catalog/veovoe/ HTTP/1.1" 200 190
INFO 2026-05-10 17:54:54,037 log 56740 140636900902592 "GET /api/v1/auth/notifications/ HTTP/1.1" 200 232
INFO 2026-05-10 17:54:54,079 log 56740 140636887267008 "GET /api/v1/courses/catalog/ HTTP/1.1" 200 297
INFO 2026-05-10 17:54:54,095 log 56740 140636866287296 "GET /api/v1/auth/profile/ HTTP/1.1" 200 216
INFO 2026-05-10 17:54:55,530 log 56740 140636900902592 "GET /api/v1/auth/profile/ HTTP/1.1" 200 216
INFO 2026-05-10 17:54:55,564 log 56740 140636887267008 "GET /api/v1/auth/notifications/ HTTP/1.1" 200 232
INFO 2026-05-10 17:54:56,395 log 56740 140636900902592 "GET /api/v1/gamification/dashboard/ HTTP/1.1" 200 1597
INFO 2026-05-10 17:54:56,457 log 56740 140636900902592 "GET /api/v1/auth/notifications/ HTTP/1.1" 200 232
INFO 2026-05-10 17:54:57,948 log 56740 140636900902592 "GET /api/v1/auth/notifications/ HTTP/1.1" 200 232
INFO 2026-05-10 17:54:57,991 log 56740 140636887267008 "GET /api/v1/gamification/admin-stats/ HTTP/1.1" 200 223
INFO 2026-05-10 17:54:58,010 log 56740 140636866287296 "GET /api/v1/courses/admin/courses/ HTTP/1.1" 200 1360
INFO 2026-05-10 17:55:06,229 log 56740 140636900902592 "GET /api/v1/auth/profile/ HTTP/1.1" 200 216
INFO 2026-05-10 17:55:06,282 log 56740 140636900902592 "GET /api/v1/auth/notifications/ HTTP/1.1" 200 232
INFO 2026-05-10 17:55:08,837 log 56740 140636900902592 "GET /api/v1/auth/profile/ HTTP/1.1" 200 216
INFO 2026-05-10 17:55:08,867 log 56740 140636887267008 "GET /api/v1/auth/notifications/ HTTP/1.1" 200 232
INFO 2026-05-10 17:55:09,958 log 56740 140636900902592 "GET /api/v1/auth/notifications/ HTTP/1.1" 200 232
INFO 2026-05-10 17:55:09,985 log 56740 140636866287296 "GET /api/v1/courses/catalog/ HTTP/1.1" 200 297
INFO 2026-05-10 17:55:09,996 log 56740 140636887267008 "GET /api/v1/auth/profile/ HTTP/1.1" 200 216
INFO 2026-05-10 17:55:11,389 log 56740 140636900902592 "GET /api/v1/courses/catalog/nada/ HTTP/1.1" 200 1012
INFO 2026-05-10 17:55:11,463 log 56740 140636900902592 "GET /api/v1/courses/lessons/1/video/ HTTP/1.1" 200 9608
INFO 2026-05-10 17:55:13,492 log 56740 140636900902592 "GET /api/v1/courses/lessons/5/video/ HTTP/1.1" 200 9621
INFO 2026-05-10 17:55:13,530 log 56740 140636874680000 "GET /media/videos/2026/05/10/Qu%C3%A9_es_Programar_y_para_qu%C3%A9_sirve__skEIGah.mp4 HTTP/1.1" 304 0
INFO 2026-05-10 17:56:14,726 log 56740 140636900902592 "GET /api/v1/auth/notifications/ HTTP/1.1" 200 232
INFO 2026-05-10 17:56:14,768 log 56740 140636866287296 "GET /api/v1/courses/catalog/ HTTP/1.1" 200 297
INFO 2026-05-10 17:56:14,779 log 56740 140636887267008 "GET /api/v1/auth/profile/ HTTP/1.1" 200 216
INFO 2026-05-10 17:56:29,682 log 56740 140636900902592 "GET /api/v1/gamification/dashboard/ HTTP/1.1" 200 1597
INFO 2026-05-10 17:56:29,746 log 56740 140636900902592 "GET /api/v1/auth/notifications/ HTTP/1.1" 200 232
INFO 2026-05-10 17:56:39,233 log 56740 140636900902592 "GET /api/v1/gamification/progress/ HTTP/1.1" 200 684
INFO 2026-05-10 17:56:39,322 log 56740 140636900902592 "GET /api/v1/auth/notifications/ HTTP/1.1" 200 232
INFO 2026-05-10 17:56:43,034 log 56740 140636900902592 "GET /api/v1/gamification/dashboard/ HTTP/1.1" 200 1597
INFO 2026-05-10 17:56:43,115 log 56740 140636900902592 "GET /api/v1/auth/notifications/ HTTP/1.1" 200 232
INFO 2026-05-10 17:56:44,858 log 56740 140636887267008 "GET /api/v1/courses/admin/courses/ HTTP/1.1" 200 1360
INFO 2026-05-10 17:56:44,868 log 56740 140636900902592 "GET /api/v1/auth/notifications/ HTTP/1.1" 200 232
INFO 2026-05-10 17:56:44,892 log 56740 140636866287296 "GET /api/v1/gamification/admin-stats/ HTTP/1.1" 200 223
INFO 2026-05-10 17:56:57,835 log 56740 140636900902592 "GET /api/v1/courses/admin/courses/1/sections/ HTTP/1.1" 200 832
INFO 2026-05-10 17:57:04,431 log 56740 140636900902592 "OPTIONS /api/v1/courses/admin/sections/1/lessons/ HTTP/1.1" 200 0
INFO 2026-05-10 17:57:04,460 log 56740 140636900902592 "GET /api/v1/courses/admin/sections/1/lessons/ HTTP/1.1" 200 306
INFO 2026-05-10 17:57:06,135 log 56740 140636900902592 "GET /api/v1/courses/admin/sections/2/lessons/ HTTP/1.1" 200 403
INFO 2026-05-10 17:57:19,403 log 56740 140636900902592 "GET /api/v1/auth/profile/ HTTP/1.1" 200 216
INFO 2026-05-10 17:57:19,457 log 56740 140636900902592 "GET /api/v1/auth/notifications/ HTTP/1.1" 200 232
INFO 2026-05-10 17:57:21,355 log 56740 140636900902592 "GET /api/v1/auth/notifications/ HTTP/1.1" 200 232
INFO 2026-05-10 17:57:21,372 log 56740 140636887267008 "GET /api/v1/auth/profile/ HTTP/1.1" 200 216
INFO 2026-05-10 17:57:21,489 log 56740 140636866287296 "GET /api/v1/courses/catalog/ HTTP/1.1" 200 297
INFO 2026-05-10 17:57:22,705 log 56740 140636900902592 "GET /api/v1/courses/catalog/nada/ HTTP/1.1" 200 1012
INFO 2026-05-10 17:57:22,793 log 56740 140636900902592 "GET /api/v1/courses/lessons/1/video/ HTTP/1.1" 200 9608
INFO 2026-05-10 17:57:26,079 log 56740 140636900902592 "GET /api/v1/courses/lessons/5/video/ HTTP/1.1" 200 9621
WARNING 2026-05-10 17:58:10,215 log 56740 140636900902592 Bad Request: /api/v1/courses/admin/courses/
WARNING 2026-05-10 17:58:10,216 log 56740 140636900902592 "POST /api/v1/courses/admin/courses/ HTTP/1.1" 400 166
WARNING 2026-05-10 17:59:01,369 log 56740 140636900902592 Bad Request: /api/v1/courses/admin/courses/
WARNING 2026-05-10 17:59:01,369 log 56740 140636900902592 "POST /api/v1/courses/admin/courses/ HTTP/1.1" 400 166
WARNING 2026-05-10 17:59:12,939 log 56740 140636900902592 Bad Request: /api/v1/courses/admin/courses/
WARNING 2026-05-10 17:59:12,940 log 56740 140636900902592 "POST /api/v1/courses/admin/courses/ HTTP/1.1" 400 117
WARNING 2026-05-10 17:59:14,744 log 56740 140636900902592 Bad Request: /api/v1/courses/admin/courses/
WARNING 2026-05-10 17:59:14,745 log 56740 140636900902592 "POST /api/v1/courses/admin/courses/ HTTP/1.1" 400 117
WARNING 2026-05-10 17:59:19,335 log 56740 140636900902592 Bad Request: /api/v1/courses/admin/courses/
WARNING 2026-05-10 17:59:19,335 log 56740 140636900902592 "POST /api/v1/courses/admin/courses/ HTTP/1.1" 400 62
INFO 2026-05-10 17:59:27,195 log 56740 140636900902592 "POST /api/v1/courses/admin/courses/ HTTP/1.1" 201 366
INFO 2026-05-10 17:59:27,256 log 56740 140636900902592 "GET /api/v1/courses/admin/courses/ HTTP/1.1" 200 1727
INFO 2026-05-10 17:59:35,574 log 56740 140636900902592 "GET /api/v1/auth/profile/ HTTP/1.1" 200 216
INFO 2026-05-10 17:59:35,623 log 56740 140636900902592 "GET /api/v1/auth/notifications/ HTTP/1.1" 200 232
INFO 2026-05-10 17:59:36,903 log 56740 140636900902592 "GET /api/v1/auth/notifications/ HTTP/1.1" 200 232
INFO 2026-05-10 17:59:36,905 log 56740 140636866287296 "GET /api/v1/courses/catalog/ HTTP/1.1" 200 549
INFO 2026-05-10 17:59:36,921 log 56740 140636887267008 "GET /api/v1/auth/profile/ HTTP/1.1" 200 216
INFO 2026-05-10 17:59:36,965 log 56740 140636846028480 "GET /media/courses/thumbnails/v2_watermarked-1705b59d-865f-4b45-a95a-5cfa4655a031.jpg HTTP/1.1" 200 88934
INFO 2026-05-10 17:59:52,847 log 56740 140636900902592 "OPTIONS /api/v1/courses/catalog/oeeeee/ HTTP/1.1" 200 0
INFO 2026-05-10 17:59:52,886 log 56740 140636900902592 "GET /api/v1/courses/catalog/oeeeee/ HTTP/1.1" 200 289
INFO 2026-05-10 17:59:56,424 log 56740 140636900902592 "GET /api/v1/auth/notifications/ HTTP/1.1" 200 232
INFO 2026-05-10 17:59:56,454 log 56740 140636887267008 "GET /api/v1/auth/profile/ HTTP/1.1" 200 216
INFO 2026-05-10 17:59:56,456 log 56740 140636866287296 "GET /api/v1/courses/catalog/ HTTP/1.1" 200 549
INFO 2026-05-10 18:01:09,408 log 56740 140636900902592 "GET /api/v1/auth/profile/ HTTP/1.1" 200 216
INFO 2026-05-10 18:01:09,433 log 56740 140636866287296 "GET /api/v1/auth/notifications/ HTTP/1.1" 200 232
INFO 2026-05-10 18:01:12,214 log 56740 140636900902592 "GET /api/v1/auth/notifications/ HTTP/1.1" 200 232
INFO 2026-05-10 18:01:12,252 log 56740 140636887267008 "GET /api/v1/auth/profile/ HTTP/1.1" 200 216
INFO 2026-05-10 18:01:12,260 log 56740 140636866287296 "GET /api/v1/courses/catalog/ HTTP/1.1" 200 549
INFO 2026-05-10 18:01:13,598 log 56740 140636900902592 "GET /api/v1/gamification/progress/ HTTP/1.1" 200 684
INFO 2026-05-10 18:01:13,642 log 56740 140636900902592 "GET /api/v1/auth/notifications/ HTTP/1.1" 200 232
INFO 2026-05-10 18:01:14,643 log 56740 140636900902592 "GET /api/v1/gamification/dashboard/ HTTP/1.1" 200 1597
INFO 2026-05-10 18:01:14,697 log 56740 140636900902592 "GET /api/v1/auth/notifications/ HTTP/1.1" 200 232
INFO 2026-05-10 20:05:21,877 log 56740 140636900902592 "OPTIONS /api/v1/auth/notifications/ HTTP/1.1" 200 0
INFO 2026-05-10 20:05:21,885 log 56740 140636900902592 "OPTIONS /api/v1/courses/catalog/ HTTP/1.1" 200 0
WARNING 2026-05-10 20:05:21,897 log 56740 140636887267008 Unauthorized: /api/v1/auth/notifications/
INFO 2026-05-10 20:05:21,897 log 56740 140636866287296 "OPTIONS /api/v1/auth/profile/ HTTP/1.1" 200 0
WARNING 2026-05-10 20:05:21,899 log 56740 140636887267008 "GET /api/v1/auth/notifications/ HTTP/1.1" 401 172
WARNING 2026-05-10 20:05:21,909 log 56740 140636866287296 Unauthorized: /api/v1/auth/profile/
WARNING 2026-05-10 20:05:21,910 log 56740 140636866287296 "GET /api/v1/auth/profile/ HTTP/1.1" 401 172
WARNING 2026-05-10 20:05:21,933 log 56740 140636900902592 Unauthorized: /api/v1/courses/catalog/
WARNING 2026-05-10 20:05:21,934 log 56740 140636900902592 "GET /api/v1/courses/catalog/ HTTP/1.1" 401 172
INFO 2026-05-10 20:05:30,778 log 56740 140636900902592 "OPTIONS /api/v1/auth/login/ HTTP/1.1" 200 0
INFO 2026-05-10 20:05:32,050 log 56740 140636900902592 "POST /api/v1/auth/login/ HTTP/1.1" 200 505
INFO 2026-05-10 20:05:32,132 log 56740 140636900902592 "GET /api/v1/auth/profile/ HTTP/1.1" 200 216
INFO 2026-05-10 20:05:32,207 log 56740 140636900902592 "OPTIONS /api/v1/gamification/dashboard/ HTTP/1.1" 200 0
INFO 2026-05-10 20:05:32,316 log 56740 140636900902592 "GET /api/v1/gamification/dashboard/ HTTP/1.1" 200 1597
INFO 2026-05-10 20:05:32,408 log 56740 140636900902592 "GET /api/v1/auth/notifications/ HTTP/1.1" 200 466
INFO 2026-05-10 20:05:38,354 log 56740 140636900902592 "GET /api/v1/auth/profile/ HTTP/1.1" 200 216
INFO 2026-05-10 20:05:38,457 log 56740 140636866287296 "GET /api/v1/gamification/dashboard/ HTTP/1.1" 200 1597
INFO 2026-05-10 20:05:38,540 log 56740 140636900902592 "GET /api/v1/auth/notifications/ HTTP/1.1" 200 466
INFO 2026-05-10 20:05:40,841 log 56740 140636900902592 "GET /api/v1/auth/notifications/ HTTP/1.1" 200 466
INFO 2026-05-10 20:05:40,892 log 56740 140636866287296 "GET /api/v1/courses/catalog/ HTTP/1.1" 200 549
INFO 2026-05-10 20:05:40,892 log 56740 140636887267008 "GET /api/v1/auth/profile/ HTTP/1.1" 200 216
INFO 2026-05-10 20:05:42,893 log 56740 140636900902592 "OPTIONS /api/v1/courses/catalog/oeeeee/ HTTP/1.1" 200 0
INFO 2026-05-10 20:05:42,938 log 56740 140636900902592 "GET /api/v1/courses/catalog/oeeeee/ HTTP/1.1" 200 289
INFO 2026-05-10 20:05:45,017 log 56740 140636900902592 "OPTIONS /api/v1/learning/enrollments/ HTTP/1.1" 200 0
INFO 2026-05-10 20:05:45,068 log 56740 140636900902592 "POST /api/v1/learning/enrollments/ HTTP/1.1" 201 67
INFO 2026-05-10 20:05:45,155 log 56740 140636900902592 "GET /api/v1/courses/catalog/oeeeee/ HTTP/1.1" 200 288
INFO 2026-05-10 20:05:51,828 log 56740 140636887267008 "GET /api/v1/auth/profile/ HTTP/1.1" 200 216
INFO 2026-05-10 20:05:51,835 log 56740 140636900902592 "GET /api/v1/auth/notifications/ HTTP/1.1" 200 466
INFO 2026-05-10 20:05:51,854 log 56740 140636866287296 "GET /api/v1/courses/catalog/ HTTP/1.1" 200 549
INFO 2026-05-10 20:06:06,361 log 56740 140636900902592 "OPTIONS /api/v1/auth/notifications/ HTTP/1.1" 200 0
INFO 2026-05-10 20:06:06,374 log 56740 140636900902592 "OPTIONS /api/v1/courses/admin/courses/ HTTP/1.1" 200 0
INFO 2026-05-10 20:06:06,378 log 56740 140636866287296 "OPTIONS /api/v1/gamification/admin-stats/ HTTP/1.1" 200 0
INFO 2026-05-10 20:06:06,423 log 56740 140636866287296 "GET /api/v1/auth/notifications/ HTTP/1.1" 200 466
INFO 2026-05-10 20:06:06,436 log 56740 140636887267008 "GET /api/v1/gamification/admin-stats/ HTTP/1.1" 200 223
INFO 2026-05-10 20:06:06,514 log 56740 140636900902592 "GET /api/v1/courses/admin/courses/ HTTP/1.1" 200 1727
INFO 2026-05-10 20:06:21,887 log 56740 140636900902592 "OPTIONS /api/v1/courses/admin/courses/ HTTP/1.1" 200 0
WARNING 2026-05-10 20:06:21,913 log 56740 140636900902592 Bad Request: /api/v1/courses/admin/courses/
WARNING 2026-05-10 20:06:21,914 log 56740 140636900902592 "POST /api/v1/courses/admin/courses/ HTTP/1.1" 400 166
INFO 2026-05-10 20:08:01,516 log 56740 140636900902592 "OPTIONS /api/v1/auth/notifications/ HTTP/1.1" 200 0
INFO 2026-05-10 20:08:01,544 log 56740 140636900902592 "GET /api/v1/auth/notifications/ HTTP/1.1" 200 466
INFO 2026-05-10 20:10:53,621 log 56740 140636887267008 "GET /api/v1/auth/notifications/ HTTP/1.1" 200 466
INFO 2026-05-10 20:12:31,920 log 56740 140636887267008 "OPTIONS /api/v1/courses/catalog/nada/ HTTP/1.1" 200 0
INFO 2026-05-10 20:12:31,961 log 56740 140636887267008 "GET /api/v1/courses/catalog/nada/ HTTP/1.1" 200 1012
INFO 2026-05-10 20:12:32,039 log 56740 140636887267008 "OPTIONS /api/v1/courses/lessons/1/video/ HTTP/1.1" 200 0
INFO 2026-05-10 20:12:32,150 log 56740 140636887267008 "GET /api/v1/courses/lessons/1/video/ HTTP/1.1" 200 9608
INFO 2026-05-10 20:12:32,477 log 56740 140636866287296 "GET /media/videos/2026/05/10/Qu%C3%A9_es_Programar_y_para_qu%C3%A9_sirve_.mp4 HTTP/1.1" 304 0
INFO 2026-05-10 20:13:44,891 log 56740 140636874680000 "OPTIONS /api/v1/courses/catalog/ HTTP/1.1" 200 0
INFO 2026-05-10 20:13:44,918 log 56740 140636887267008 "GET /api/v1/auth/notifications/ HTTP/1.1" 200 466
INFO 2026-05-10 20:13:44,922 log 56740 140636846028480 "OPTIONS /api/v1/auth/profile/ HTTP/1.1" 200 0
INFO 2026-05-10 20:13:44,971 log 56740 140636846028480 "GET /api/v1/auth/profile/ HTTP/1.1" 200 216
INFO 2026-05-10 20:13:44,979 log 56740 140636874680000 "GET /api/v1/courses/catalog/ HTTP/1.1" 200 549
INFO 2026-05-10 20:14:20,482 log 56740 140636887267008 "OPTIONS /api/v1/gamification/dashboard/ HTTP/1.1" 200 0
INFO 2026-05-10 20:14:20,560 log 56740 140636887267008 "GET /api/v1/gamification/dashboard/ HTTP/1.1" 200 2030
INFO 2026-05-10 20:14:20,665 log 56740 140636887267008 "GET /api/v1/auth/notifications/ HTTP/1.1" 200 466
INFO 2026-05-10 20:14:21,763 log 56740 140636846028480 "GET /api/v1/auth/profile/ HTTP/1.1" 200 216
INFO 2026-05-10 20:14:21,768 log 56740 140636874680000 "GET /api/v1/courses/catalog/ HTTP/1.1" 200 549
INFO 2026-05-10 20:14:21,778 log 56740 140636887267008 "GET /api/v1/auth/notifications/ HTTP/1.1" 200 466
INFO 2026-05-10 20:14:22,355 log 56740 140636887267008 "OPTIONS /api/v1/gamification/progress/ HTTP/1.1" 200 0
INFO 2026-05-10 20:14:22,426 log 56740 140636887267008 "GET /api/v1/gamification/progress/ HTTP/1.1" 200 721
INFO 2026-05-10 20:14:22,550 log 56740 140636887267008 "GET /api/v1/auth/notifications/ HTTP/1.1" 200 466
INFO 2026-05-10 20:14:23,790 log 56740 140636887267008 "GET /api/v1/auth/profile/ HTTP/1.1" 200 216
INFO 2026-05-10 20:14:23,826 log 56740 140636874680000 "GET /api/v1/auth/notifications/ HTTP/1.1" 200 466
INFO 2026-05-10 20:14:24,681 log 56740 140636846028480 "GET /api/v1/auth/profile/ HTTP/1.1" 200 216
INFO 2026-05-10 20:14:24,718 log 56740 140636874680000 "GET /api/v1/courses/catalog/ HTTP/1.1" 200 549
INFO 2026-05-10 20:14:24,719 log 56740 140636887267008 "GET /api/v1/auth/notifications/ HTTP/1.1" 200 466
INFO 2026-05-10 20:14:27,321 log 56740 140636887267008 "GET /api/v1/auth/profile/ HTTP/1.1" 200 216
INFO 2026-05-10 20:14:27,328 log 56740 140636874680000 "GET /api/v1/auth/notifications/ HTTP/1.1" 200 466
INFO 2026-05-10 20:14:29,090 log 56740 140636887267008 "GET /api/v1/auth/notifications/ HTTP/1.1" 200 466
INFO 2026-05-10 20:14:29,117 log 56740 140636846028480 "GET /api/v1/auth/profile/ HTTP/1.1" 200 216
INFO 2026-05-10 20:14:29,141 log 56740 140636874680000 "GET /api/v1/courses/catalog/ HTTP/1.1" 200 549
INFO 2026-05-10 20:14:30,377 log 56740 140636887267008 "GET /api/v1/gamification/progress/ HTTP/1.1" 200 721
INFO 2026-05-10 20:14:30,422 log 56740 140636887267008 "GET /api/v1/auth/notifications/ HTTP/1.1" 200 466
INFO 2026-05-10 20:14:35,951 log 56740 140636887267008 "GET /api/v1/auth/notifications/ HTTP/1.1" 200 466
INFO 2026-05-10 20:14:35,972 log 56740 140636846028480 "GET /api/v1/auth/profile/ HTTP/1.1" 200 216
INFO 2026-05-10 20:14:35,997 log 56740 140636874680000 "GET /api/v1/courses/catalog/ HTTP/1.1" 200 549
INFO 2026-05-10 20:14:36,980 log 56740 140636887267008 "GET /api/v1/gamification/progress/ HTTP/1.1" 200 721
INFO 2026-05-10 20:14:37,033 log 56740 140636887267008 "GET /api/v1/auth/notifications/ HTTP/1.1" 200 466
INFO 2026-05-10 20:14:42,624 log 56740 140636846028480 "GET /api/v1/auth/profile/ HTTP/1.1" 200 216
INFO 2026-05-10 20:14:42,635 log 56740 140636887267008 "GET /api/v1/auth/notifications/ HTTP/1.1" 200 466
INFO 2026-05-10 20:14:42,644 log 56740 140636874680000 "GET /api/v1/courses/catalog/ HTTP/1.1" 200 549
INFO 2026-05-10 20:16:55,975 autoreload 56740 140637173894080 /home/checho/.gemini/antigravity/scratch/flemy/backend/courses/serializers.py changed, reloading.
INFO 2026-05-10 20:16:57,999 autoreload 59503 140617615866816 Watching for file changes with StatReloader
INFO 2026-05-10 20:17:08,600 log 59503 140617341814464 "GET /api/v1/auth/notifications/ HTTP/1.1" 200 466
INFO 2026-05-10 20:18:19,799 log 59503 140617341814464 "GET /api/v1/courses/catalog/nada/ HTTP/1.1" 200 1038
INFO 2026-05-10 20:18:19,883 log 59503 140617341814464 "GET /api/v1/courses/lessons/1/video/ HTTP/1.1" 200 9608
INFO 2026-05-10 20:18:25,915 log 59503 140617320834752 "GET /api/v1/auth/profile/ HTTP/1.1" 200 216
INFO 2026-05-10 20:18:25,934 log 59503 140617341814464 "GET /api/v1/auth/notifications/ HTTP/1.1" 200 466
INFO 2026-05-10 20:18:25,964 log 59503 140617329227456 "GET /api/v1/courses/catalog/ HTTP/1.1" 200 627
INFO 2026-05-10 20:18:48,330 log 59503 140617341814464 "OPTIONS /api/v1/courses/catalog/oeeeee/ HTTP/1.1" 200 0
INFO 2026-05-10 20:18:48,367 log 59503 140617341814464 "GET /api/v1/courses/catalog/oeeeee/ HTTP/1.1" 200 314
INFO 2026-05-10 20:18:53,881 log 59503 140617341814464 "GET /api/v1/auth/notifications/ HTTP/1.1" 200 466
INFO 2026-05-10 20:18:53,898 log 59503 140617320834752 "GET /api/v1/auth/profile/ HTTP/1.1" 200 216
INFO 2026-05-10 20:18:53,932 log 59503 140617329227456 "GET /api/v1/courses/catalog/ HTTP/1.1" 200 627
INFO 2026-05-10 20:18:55,119 log 59503 140617341814464 "GET /api/v1/courses/catalog/nada/ HTTP/1.1" 200 1038
INFO 2026-05-10 20:18:55,181 log 59503 140617341814464 "GET /api/v1/courses/lessons/1/video/ HTTP/1.1" 200 9608
INFO 2026-05-10 20:19:15,589 log 59503 140617341814464 "OPTIONS /api/v1/ai/code-feedback/ HTTP/1.1" 200 0
WARNING 2026-05-10 20:19:15,621 log 59503 140617341814464 Bad Request: /api/v1/ai/code-feedback/
WARNING 2026-05-10 20:19:15,621 log 59503 140617341814464 "POST /api/v1/ai/code-feedback/ HTTP/1.1" 400 42
INFO 2026-05-10 20:21:42,260 log 59503 140617320834752 "GET /api/v1/auth/profile/ HTTP/1.1" 200 216
INFO 2026-05-10 20:21:42,265 log 59503 140617341814464 "GET /api/v1/auth/notifications/ HTTP/1.1" 200 466
INFO 2026-05-10 20:21:42,292 log 59503 140617329227456 "GET /api/v1/courses/catalog/ HTTP/1.1" 200 627
INFO 2026-05-10 20:21:49,627 log 59503 140617329227456 "GET /api/v1/gamification/dashboard/ HTTP/1.1" 200 2056
INFO 2026-05-10 20:21:49,683 log 59503 140617329227456 "GET /api/v1/auth/notifications/ HTTP/1.1" 200 466
INFO 2026-05-10 20:22:00,375 log 59503 140617329227456 "GET /api/v1/auth/profile/ HTTP/1.1" 200 216
INFO 2026-05-10 20:22:00,434 log 59503 140617329227456 "GET /api/v1/auth/notifications/ HTTP/1.1" 200 466
INFO 2026-05-10 20:22:01,218 log 59503 140617329227456 "GET /api/v1/gamification/dashboard/ HTTP/1.1" 200 2056
INFO 2026-05-10 20:22:01,295 log 59503 140617329227456 "GET /api/v1/auth/notifications/ HTTP/1.1" 200 466
INFO 2026-05-10 20:22:02,792 log 59503 140617341814464 "OPTIONS /api/v1/gamification/admin-stats/ HTTP/1.1" 200 0
INFO 2026-05-10 20:22:02,797 log 59503 140617320834752 "OPTIONS /api/v1/courses/admin/courses/ HTTP/1.1" 200 0
INFO 2026-05-10 20:22:02,846 log 59503 140617329227456 "GET /api/v1/auth/notifications/ HTTP/1.1" 200 466
INFO 2026-05-10 20:22:02,927 log 59503 140617341814464 "GET /api/v1/gamification/admin-stats/ HTTP/1.1" 200 223
INFO 2026-05-10 20:22:02,939 log 59503 140617320834752 "GET /api/v1/courses/admin/courses/ HTTP/1.1" 200 1727
INFO 2026-05-10 20:22:14,939 log 59503 140617329227456 "OPTIONS /api/v1/courses/admin/courses/3/ HTTP/1.1" 200 0
INFO 2026-05-10 20:22:15,058 log 59503 140617329227456 "PUT /api/v1/courses/admin/courses/3/ HTTP/1.1" 200 366
INFO 2026-05-10 20:22:15,160 log 59503 140617329227456 "GET /api/v1/courses/admin/courses/ HTTP/1.1" 200 1727
INFO 2026-05-10 20:22:23,873 log 59503 140617329227456 "GET /api/v1/auth/profile/ HTTP/1.1" 200 216
INFO 2026-05-10 20:22:23,918 log 59503 140617329227456 "GET /api/v1/auth/notifications/ HTTP/1.1" 200 466
INFO 2026-05-10 20:22:25,503 log 59503 140617329227456 "GET /api/v1/gamification/dashboard/ HTTP/1.1" 200 2056
INFO 2026-05-10 20:22:25,554 log 59503 140617329227456 "GET /api/v1/auth/notifications/ HTTP/1.1" 200 466
INFO 2026-05-10 20:22:27,746 log 59503 140617329227456 "GET /api/v1/auth/notifications/ HTTP/1.1" 200 466
INFO 2026-05-10 20:22:27,775 log 59503 140617341814464 "GET /api/v1/auth/profile/ HTTP/1.1" 200 216
INFO 2026-05-10 20:22:27,849 log 59503 140617320834752 "GET /api/v1/courses/catalog/ HTTP/1.1" 200 627
INFO 2026-05-10 20:22:35,881 log 59503 140617329227456 "GET /api/v1/auth/notifications/ HTTP/1.1" 200 466
INFO 2026-05-10 20:22:35,937 log 59503 140617320834752 "GET /api/v1/courses/catalog/ HTTP/1.1" 200 627
INFO 2026-05-10 20:22:35,958 log 59503 140617329227456 "GET /api/v1/auth/profile/ HTTP/1.1" 200 216
INFO 2026-05-10 20:22:35,996 log 59503 140617312442048 "GET /media/courses/thumbnails/v2_watermarked-1705b59d-865f-4b45-a95a-5cfa4655a031.jpg HTTP/1.1" 304 0
INFO 2026-05-10 20:22:37,490 log 59503 140617329227456 "GET /api/v1/auth/notifications/ HTTP/1.1" 200 466
INFO 2026-05-10 20:22:37,533 log 59503 140617320834752 "GET /api/v1/courses/catalog/ HTTP/1.1" 200 627
INFO 2026-05-10 20:22:37,561 log 59503 140617341814464 "GET /api/v1/auth/profile/ HTTP/1.1" 200 216
INFO 2026-05-10 20:48:31,316 log 59503 140617341814464 "GET /api/v1/auth/profile/ HTTP/1.1" 200 216
INFO 2026-05-10 20:48:31,343 log 59503 140617312442048 "GET /api/v1/auth/notifications/ HTTP/1.1" 200 466
INFO 2026-05-10 20:48:31,347 log 59503 140617320834752 "GET /api/v1/gamification/admin-stats/ HTTP/1.1" 200 223
INFO 2026-05-10 20:48:31,403 log 59503 140617329227456 "GET /api/v1/courses/admin/courses/ HTTP/1.1" 200 1727
INFO 2026-05-10 20:49:20,761 log 59503 140617329227456 "POST /api/v1/courses/admin/courses/ HTTP/1.1" 201 451
INFO 2026-05-10 20:49:20,832 log 59503 140617329227456 "GET /api/v1/courses/admin/courses/ HTTP/1.1" 200 2179
INFO 2026-05-10 20:49:24,166 log 59503 140617329227456 "OPTIONS /api/v1/courses/admin/courses/4/sections/ HTTP/1.1" 200 0
INFO 2026-05-10 20:49:24,275 log 59503 140617329227456 "GET /api/v1/courses/admin/courses/4/sections/ HTTP/1.1" 200 2
INFO 2026-05-10 20:49:27,454 log 59503 140617329227456 "OPTIONS /api/v1/courses/admin/courses/1/sections/ HTTP/1.1" 200 0
INFO 2026-05-10 20:49:27,492 log 59503 140617329227456 "GET /api/v1/courses/admin/courses/1/sections/ HTTP/1.1" 200 832
INFO 2026-05-10 20:49:29,556 log 59503 140617329227456 "GET /api/v1/courses/admin/courses/4/sections/ HTTP/1.1" 200 2
INFO 2026-05-10 20:49:40,153 log 59503 140617329227456 "POST /api/v1/courses/admin/courses/4/sections/ HTTP/1.1" 201 70
INFO 2026-05-10 20:49:40,197 log 59503 140617329227456 "GET /api/v1/courses/admin/courses/4/sections/ HTTP/1.1" 200 72
INFO 2026-05-10 20:49:42,457 log 59503 140617329227456 "OPTIONS /api/v1/courses/admin/sections/3/lessons/ HTTP/1.1" 200 0
INFO 2026-05-10 20:49:42,489 log 59503 140617329227456 "GET /api/v1/courses/admin/sections/3/lessons/ HTTP/1.1" 200 2
INFO 2026-05-10 20:50:28,274 log 59503 140617329227456 "POST /api/v1/courses/admin/sections/3/lessons/ HTTP/1.1" 201 267
INFO 2026-05-10 20:50:28,291 log 59503 140617329227456 "OPTIONS /api/v1/courses/admin/lessons/6/upload-video/ HTTP/1.1" 200 0
INFO 2026-05-10 20:50:28,971 log 59503 140617329227456 "POST /api/v1/courses/admin/lessons/6/upload-video/ HTTP/1.1" 201 662
INFO 2026-05-10 20:50:29,055 log 59503 140617329227456 "GET /api/v1/courses/admin/sections/3/lessons/ HTTP/1.1" 200 269
INFO 2026-05-10 20:50:35,872 log 59503 140617312442048 "GET /api/v1/auth/profile/ HTTP/1.1" 200 216
INFO 2026-05-10 20:50:35,876 log 59503 140617329227456 "GET /api/v1/auth/notifications/ HTTP/1.1" 200 466
INFO 2026-05-10 20:50:35,943 log 59503 140617329227456 "GET /api/v1/courses/catalog/ HTTP/1.1" 200 923
INFO 2026-05-10 20:50:36,143 log 59503 140617341814464 "GET /media/courses/thumbnails/v2_watermarked-1705b59d-865f-4b45-a95a-5cfa4655a031.jpg HTTP/1.1" 304 0
INFO 2026-05-10 20:50:36,144 log 59503 140617320834752 "GET /media/courses/thumbnails/ChatGPT_Image_18_abr_2026_12_07_38_a.m..png HTTP/1.1" 200 189299
INFO 2026-05-10 20:50:42,351 log 59503 140617329227456 "OPTIONS /api/v1/courses/catalog/prueba/ HTTP/1.1" 200 0
INFO 2026-05-10 20:50:42,408 log 59503 140617329227456 "GET /api/v1/courses/catalog/prueba/ HTTP/1.1" 200 737
INFO 2026-05-10 20:50:42,474 log 59503 140617329227456 "OPTIONS /api/v1/courses/lessons/6/video/ HTTP/1.1" 200 0
INFO 2026-05-10 20:50:42,588 log 59503 140617329227456 "GET /api/v1/courses/lessons/6/video/ HTTP/1.1" 200 619
INFO 2026-05-10 20:50:45,731 log 59503 140617329227456 "OPTIONS /api/v1/courses/videos/4/status/ HTTP/1.1" 200 0
INFO 2026-05-10 20:50:45,767 log 59503 140617329227456 "GET /api/v1/courses/videos/4/status/ HTTP/1.1" 200 259
INFO 2026-05-10 20:50:46,695 log 59503 140617329227456 "OPTIONS /api/v1/learning/enrollments/ HTTP/1.1" 200 0
INFO 2026-05-10 20:50:46,804 log 59503 140617329227456 "POST /api/v1/learning/enrollments/ HTTP/1.1" 201 67
INFO 2026-05-10 20:50:46,921 log 59503 140617329227456 "GET /api/v1/courses/catalog/prueba/ HTTP/1.1" 200 736
INFO 2026-05-10 20:50:47,061 log 59503 140617329227456 "GET /api/v1/courses/lessons/6/video/ HTTP/1.1" 200 619
INFO 2026-05-10 20:50:48,248 log 59503 140617320834752 "GET /media/videos/2026/05/10/Qu%C3%A9_es_Programar_y_para_qu%C3%A9_sirve__Z26Ddmg.mp4 HTTP/1.1" 200 19956166
INFO 2026-05-10 20:50:50,244 log 59503 140617329227456 "GET /api/v1/courses/videos/4/status/ HTTP/1.1" 200 259
INFO 2026-05-10 20:50:53,270 log 59503 140617329227456 "GET /api/v1/courses/videos/4/status/ HTTP/1.1" 200 259
INFO 2026-05-10 20:50:56,297 log 59503 140617329227456 "GET /api/v1/courses/videos/4/status/ HTTP/1.1" 200 259
INFO 2026-05-10 20:50:59,301 log 59503 140617329227456 "GET /api/v1/courses/videos/4/status/ HTTP/1.1" 200 259
INFO 2026-05-10 20:51:02,402 log 59503 140617329227456 "GET /api/v1/courses/videos/4/status/ HTTP/1.1" 200 259
INFO 2026-05-10 20:51:05,377 log 59503 140617329227456 "GET /api/v1/courses/videos/4/status/ HTTP/1.1" 200 259
INFO 2026-05-10 20:51:08,408 log 59503 140617329227456 "GET /api/v1/courses/videos/4/status/ HTTP/1.1" 200 259
INFO 2026-05-10 20:51:11,456 log 59503 140617329227456 "GET /api/v1/courses/videos/4/status/ HTTP/1.1" 200 259
INFO 2026-05-10 20:51:14,469 log 59503 140617329227456 "GET /api/v1/courses/videos/4/status/ HTTP/1.1" 200 259
INFO 2026-05-10 20:51:17,464 log 59503 140617329227456 "GET /api/v1/courses/videos/4/status/ HTTP/1.1" 200 259
INFO 2026-05-10 20:51:20,439 log 59503 140617329227456 "GET /api/v1/courses/videos/4/status/ HTTP/1.1" 200 259
INFO 2026-05-10 20:51:23,434 log 59503 140617329227456 "GET /api/v1/courses/videos/4/status/ HTTP/1.1" 200 259
INFO 2026-05-10 20:51:26,518 log 59503 140617329227456 "GET /api/v1/courses/videos/4/status/ HTTP/1.1" 200 259
INFO 2026-05-10 20:51:29,449 log 59503 140617329227456 "GET /api/v1/courses/videos/4/status/ HTTP/1.1" 200 259
INFO 2026-05-10 20:51:32,581 log 59503 140617329227456 "GET /api/v1/courses/videos/4/status/ HTTP/1.1" 200 259
INFO 2026-05-10 20:51:35,515 log 59503 140617329227456 "GET /api/v1/courses/videos/4/status/ HTTP/1.1" 200 268
INFO 2026-05-10 20:51:38,525 log 59503 140617329227456 "GET /api/v1/courses/videos/4/status/ HTTP/1.1" 200 268
INFO 2026-05-10 20:51:41,523 log 59503 140617329227456 "GET /api/v1/courses/videos/4/status/ HTTP/1.1" 200 268
INFO 2026-05-10 20:51:44,609 log 59503 140617329227456 "GET /api/v1/courses/videos/4/status/ HTTP/1.1" 200 268
INFO 2026-05-10 20:51:47,627 log 59503 140617329227456 "GET /api/v1/courses/videos/4/status/ HTTP/1.1" 200 268
INFO 2026-05-10 20:51:50,627 log 59503 140617329227456 "GET /api/v1/courses/videos/4/status/ HTTP/1.1" 200 277
INFO 2026-05-10 20:51:50,700 log 59503 140617329227456 "GET /api/v1/courses/lessons/6/video/ HTTP/1.1" 200 12640
INFO 2026-05-10 20:59:30,426 log 59503 140617329227456 "OPTIONS /api/v1/ai/chatbot/ HTTP/1.1" 200 0
INFO 2026-05-10 20:59:31,293 log 59503 140617329227456 "POST /api/v1/ai/chatbot/ HTTP/1.1" 200 1892
INFO 2026-05-10 21:00:24,538 autoreload 59503 140617615866816 /home/checho/.gemini/antigravity/scratch/flemy/backend/courses/serializers.py changed, reloading.
INFO 2026-05-10 21:00:35,571 autoreload 61931 140535992441792 Watching for file changes with StatReloader
INFO 2026-05-10 21:01:30,880 log 61931 140535718561472 "GET /api/v1/courses/catalog/prueba/ HTTP/1.1" 200 759
INFO 2026-05-10 21:01:31,140 log 61931 140535718561472 "GET /api/v1/courses/lessons/6/video/ HTTP/1.1" 200 12640
INFO 2026-05-10 21:01:31,214 log 61931 140535704925888 "GET /media/videos/2026/05/10/Qu%C3%A9_es_Programar_y_para_qu%C3%A9_sirve__Z26Ddmg.mp4 HTTP/1.1" 304 0
INFO 2026-05-10 21:01:58,022 autoreload 61931 140535992441792 /home/checho/.gemini/antigravity/scratch/flemy/backend/ai_tools/services.py changed, reloading.
INFO 2026-05-10 21:02:00,128 autoreload 62076 140202742512576 Watching for file changes with StatReloader
INFO 2026-05-10 21:02:50,459 log 62076 140202491246272 "GET /api/v1/courses/catalog/prueba/ HTTP/1.1" 200 759
INFO 2026-05-10 21:02:50,618 log 62076 140202491246272 "GET /api/v1/courses/lessons/6/video/ HTTP/1.1" 200 12640
INFO 2026-05-10 21:02:51,316 log 62076 140202491246272 "GET /api/v1/auth/profile/ HTTP/1.1" 200 216
INFO 2026-05-10 21:02:51,810 log 62076 140202491246272 "GET /api/v1/gamification/admin-stats/ HTTP/1.1" 200 223
INFO 2026-05-10 21:02:51,840 log 62076 140202471315136 "GET /api/v1/courses/admin/courses/ HTTP/1.1" 200 2516
INFO 2026-05-10 21:02:51,895 log 62076 140202491246272 "GET /api/v1/auth/notifications/ HTTP/1.1" 200 466
INFO 2026-05-10 21:03:44,249 log 62076 140202491246272 "GET /api/v1/courses/catalog/prueba/ HTTP/1.1" 200 759
INFO 2026-05-10 21:03:44,320 log 62076 140202491246272 "GET /api/v1/courses/lessons/6/video/ HTTP/1.1" 200 12640
INFO 2026-05-10 21:03:44,434 log 62076 140202479707840 "GET /media/videos/2026/05/10/Qu%C3%A9_es_Programar_y_para_qu%C3%A9_sirve__Z26Ddmg.mp4 HTTP/1.1" 304 0
INFO 2026-05-10 21:03:56,162 log 62076 140202491246272 "POST /api/v1/ai/chatbot/ HTTP/1.1" 200 644
INFO 2026-05-10 21:04:27,048 log 62076 140202491246272 "POST /api/v1/ai/chatbot/ HTTP/1.1" 200 843
INFO 2026-05-10 21:05:01,506 log 62076 140202491246272 "POST /api/v1/ai/chatbot/ HTTP/1.1" 200 802
INFO 2026-05-10 21:05:29,704 log 62076 140202491246272 "OPTIONS /api/v1/ai/chatbot/ HTTP/1.1" 200 0
INFO 2026-05-10 21:05:35,120 log 62076 140202491246272 "POST /api/v1/ai/chatbot/ HTTP/1.1" 200 934
WARNING 2026-05-10 21:06:00,073 log 62076 140202491246272 Unauthorized: /api/v1/ai/chatbot/
WARNING 2026-05-10 21:06:00,075 log 62076 140202491246272 "POST /api/v1/ai/chatbot/ HTTP/1.1" 401 172
INFO 2026-05-10 21:06:07,907 log 62076 140202491246272 "OPTIONS /api/v1/auth/login/ HTTP/1.1" 200 0
INFO 2026-05-10 21:06:08,673 log 62076 140202491246272 "POST /api/v1/auth/login/ HTTP/1.1" 200 505
INFO 2026-05-10 21:06:08,723 log 62076 140202491246272 "OPTIONS /api/v1/auth/profile/ HTTP/1.1" 200 0
INFO 2026-05-10 21:06:08,785 log 62076 140202491246272 "GET /api/v1/auth/profile/ HTTP/1.1" 200 216
INFO 2026-05-10 21:06:08,899 log 62076 140202491246272 "OPTIONS /api/v1/gamification/dashboard/ HTTP/1.1" 200 0
INFO 2026-05-10 21:06:08,990 log 62076 140202491246272 "GET /api/v1/gamification/dashboard/ HTTP/1.1" 200 2056
INFO 2026-05-10 21:06:09,109 log 62076 140202491246272 "OPTIONS /api/v1/auth/notifications/ HTTP/1.1" 200 0
INFO 2026-05-10 21:06:09,143 log 62076 140202491246272 "GET /api/v1/auth/notifications/ HTTP/1.1" 200 466
INFO 2026-05-10 21:06:11,545 log 62076 140202471315136 "OPTIONS /api/v1/courses/catalog/ HTTP/1.1" 200 0
INFO 2026-05-10 21:06:11,584 log 62076 140202479707840 "GET /api/v1/auth/profile/ HTTP/1.1" 200 216
INFO 2026-05-10 21:06:11,616 log 62076 140202491246272 "GET /api/v1/auth/notifications/ HTTP/1.1" 200 466
INFO 2026-05-10 21:06:11,693 log 62076 140202471315136 "GET /api/v1/courses/catalog/ HTTP/1.1" 200 923
INFO 2026-05-10 21:06:11,768 log 62076 140202077050560 "GET /media/courses/thumbnails/ChatGPT_Image_18_abr_2026_12_07_38_a.m..png HTTP/1.1" 304 0
INFO 2026-05-10 21:06:14,669 log 62076 140202491246272 "OPTIONS /api/v1/courses/catalog/prueba/ HTTP/1.1" 200 0
INFO 2026-05-10 21:06:14,723 log 62076 140202491246272 "GET /api/v1/courses/catalog/prueba/ HTTP/1.1" 200 759
INFO 2026-05-10 21:06:14,780 log 62076 140202491246272 "OPTIONS /api/v1/courses/lessons/6/video/ HTTP/1.1" 200 0
INFO 2026-05-10 21:06:14,870 log 62076 140202491246272 "GET /api/v1/courses/lessons/6/video/ HTTP/1.1" 200 12640
INFO 2026-05-10 21:06:38,997 log 62076 140202491246272 "POST /api/v1/ai/chatbot/ HTTP/1.1" 200 921
INFO 2026-05-10 21:13:45,872 autoreload 62076 140202742512576 /home/checho/.gemini/antigravity/scratch/flemy/backend/courses/serializers.py changed, reloading.
INFO 2026-05-10 21:13:55,376 autoreload 63445 139779598154688 Watching for file changes with StatReloader
INFO 2026-05-10 21:14:59,191 log 63445 139779348887232 "OPTIONS /api/v1/auth/profile/ HTTP/1.1" 200 0
INFO 2026-05-10 21:14:59,321 log 63445 139779348887232 "GET /api/v1/auth/profile/ HTTP/1.1" 200 216
INFO 2026-05-10 21:14:59,392 log 63445 139779348887232 "OPTIONS /api/v1/courses/admin/courses/ HTTP/1.1" 200 0
INFO 2026-05-10 21:14:59,490 log 63445 139779348887232 "OPTIONS /api/v1/gamification/admin-stats/ HTTP/1.1" 200 0
INFO 2026-05-10 21:14:59,493 log 63445 139779348887232 "OPTIONS /api/v1/auth/notifications/ HTTP/1.1" 200 0
INFO 2026-05-10 21:14:59,882 log 63445 139779348887232 "GET /api/v1/auth/notifications/ HTTP/1.1" 200 466
INFO 2026-05-10 21:15:00,030 log 63445 139779332101824 "GET /api/v1/gamification/admin-stats/ HTTP/1.1" 200 223
INFO 2026-05-10 21:15:00,062 log 63445 139779340494528 "GET /api/v1/courses/admin/courses/ HTTP/1.1" 200 2642
INFO 2026-05-10 21:15:01,534 log 63445 139779340494528 "OPTIONS /api/v1/courses/catalog/prueba/ HTTP/1.1" 200 0
INFO 2026-05-10 21:15:01,649 log 63445 139779340494528 "GET /api/v1/courses/catalog/prueba/ HTTP/1.1" 200 780
INFO 2026-05-10 21:15:01,906 log 63445 139779340494528 "OPTIONS /api/v1/courses/lessons/6/video/ HTTP/1.1" 200 0
INFO 2026-05-10 21:15:02,137 log 63445 139779340494528 "GET /api/v1/courses/lessons/6/video/ HTTP/1.1" 200 12640
INFO 2026-05-10 21:15:03,255 log 63445 139779320563392 "GET /media/videos/2026/05/10/Qu%C3%A9_es_Programar_y_para_qu%C3%A9_sirve__Z26Ddmg.mp4 HTTP/1.1" 200 19956166
INFO 2026-05-10 21:16:28,533 log 63445 139779340494528 "GET /api/v1/auth/notifications/ HTTP/1.1" 200 466
INFO 2026-05-10 21:16:28,564 log 63445 139779348887232 "GET /api/v1/auth/profile/ HTTP/1.1" 200 216
INFO 2026-05-10 21:16:28,665 log 63445 139779340494528 "OPTIONS /api/v1/courses/catalog/ HTTP/1.1" 200 0
INFO 2026-05-10 21:16:28,738 log 63445 139779340494528 "GET /api/v1/courses/catalog/ HTTP/1.1" 200 923
INFO 2026-05-10 21:16:28,911 log 63445 139779106666176 "GET /media/courses/thumbnails/v2_watermarked-1705b59d-865f-4b45-a95a-5cfa4655a031.jpg HTTP/1.1" 304 0
INFO 2026-05-10 21:16:28,911 log 63445 139779098273472 "GET /media/courses/thumbnails/ChatGPT_Image_18_abr_2026_12_07_38_a.m..png HTTP/1.1" 304 0
INFO 2026-05-10 21:16:32,369 log 63445 139779340494528 "OPTIONS /api/v1/courses/catalog/nada/ HTTP/1.1" 200 0
INFO 2026-05-10 21:16:32,430 log 63445 139779340494528 "GET /api/v1/courses/catalog/nada/ HTTP/1.1" 200 1166
INFO 2026-05-10 21:16:32,504 log 63445 139779340494528 "OPTIONS /api/v1/courses/lessons/1/video/ HTTP/1.1" 200 0
INFO 2026-05-10 21:16:32,598 log 63445 139779340494528 "GET /api/v1/courses/lessons/1/video/ HTTP/1.1" 200 9608
INFO 2026-05-10 21:16:32,671 log 63445 139779106666176 "GET /media/videos/2026/05/10/Qu%C3%A9_es_Programar_y_para_qu%C3%A9_sirve_.mp4 HTTP/1.1" 304 0
INFO 2026-05-10 21:16:45,852 log 63445 139779340494528 "OPTIONS /api/v1/learning/lessons/1/complete/ HTTP/1.1" 200 0
INFO 2026-05-10 21:16:46,192 log 63445 139779340494528 "POST /api/v1/learning/lessons/1/complete/ HTTP/1.1" 200 46
INFO 2026-05-10 21:16:46,311 log 63445 139779340494528 "GET /api/v1/courses/catalog/nada/ HTTP/1.1" 200 1166
INFO 2026-05-10 21:16:46,420 log 63445 139779340494528 "GET /api/v1/courses/lessons/1/video/ HTTP/1.1" 200 9608
INFO 2026-05-10 21:16:48,731 log 63445 139779340494528 "OPTIONS /api/v1/courses/lessons/2/video/ HTTP/1.1" 200 0
INFO 2026-05-10 21:16:48,778 log 63445 139779340494528 "GET /api/v1/courses/lessons/2/video/ HTTP/1.1" 200 9617
INFO 2026-05-10 21:16:48,876 log 63445 139779106666176 "GET /media/videos/2026/05/10/Qu%C3%A9_es_Programar_y_para_qu%C3%A9_sirve__c1VzZpf.mp4 HTTP/1.1" 304 0
INFO 2026-05-10 21:16:50,773 log 63445 139779340494528 "OPTIONS /api/v1/courses/lessons/3/video/ HTTP/1.1" 200 0
INFO 2026-05-10 21:16:50,808 log 63445 139779340494528 "GET /api/v1/courses/lessons/3/video/ HTTP/1.1" 200 83
INFO 2026-05-10 21:16:53,438 log 63445 139779340494528 "OPTIONS /api/v1/learning/lessons/3/complete/ HTTP/1.1" 200 0
INFO 2026-05-10 21:16:53,554 log 63445 139779340494528 "POST /api/v1/learning/lessons/3/complete/ HTTP/1.1" 200 46
INFO 2026-05-10 21:16:53,807 log 63445 139779340494528 "GET /api/v1/courses/catalog/nada/ HTTP/1.1" 200 1165
INFO 2026-05-10 21:16:53,912 log 63445 139779340494528 "GET /api/v1/courses/lessons/1/video/ HTTP/1.1" 200 9608
INFO 2026-05-10 21:16:54,285 log 63445 139779340494528 "OPTIONS /api/v1/courses/lessons/5/video/ HTTP/1.1" 200 0
INFO 2026-05-10 21:16:54,328 log 63445 139779340494528 "GET /api/v1/courses/lessons/5/video/ HTTP/1.1" 200 9621
INFO 2026-05-10 21:16:54,415 log 63445 139779089880768 "GET /media/videos/2026/05/10/Qu%C3%A9_es_Programar_y_para_qu%C3%A9_sirve__skEIGah.mp4 HTTP/1.1" 304 0
INFO 2026-05-10 21:16:55,114 log 63445 139779340494528 "OPTIONS /api/v1/learning/lessons/5/complete/ HTTP/1.1" 200 0
INFO 2026-05-10 21:16:55,237 log 63445 139779340494528 "POST /api/v1/learning/lessons/5/complete/ HTTP/1.1" 200 46
INFO 2026-05-10 21:16:55,354 log 63445 139779340494528 "GET /api/v1/courses/catalog/nada/ HTTP/1.1" 200 1164
INFO 2026-05-10 21:16:55,480 log 63445 139779340494528 "GET /api/v1/courses/lessons/1/video/ HTTP/1.1" 200 9608
INFO 2026-05-10 21:16:56,635 log 63445 139779340494528 "OPTIONS /api/v1/courses/lessons/4/video/ HTTP/1.1" 200 0
INFO 2026-05-10 21:16:56,666 log 63445 139779340494528 "GET /api/v1/courses/lessons/4/video/ HTTP/1.1" 200 83
INFO 2026-05-10 21:16:57,278 log 63445 139779340494528 "OPTIONS /api/v1/learning/lessons/4/complete/ HTTP/1.1" 200 0
INFO 2026-05-10 21:16:57,385 log 63445 139779340494528 "POST /api/v1/learning/lessons/4/complete/ HTTP/1.1" 200 46
INFO 2026-05-10 21:16:57,490 log 63445 139779340494528 "GET /api/v1/courses/catalog/nada/ HTTP/1.1" 200 1163
INFO 2026-05-10 21:16:57,587 log 63445 139779340494528 "GET /api/v1/courses/lessons/1/video/ HTTP/1.1" 200 9608
INFO 2026-05-10 21:17:00,068 log 63445 139779340494528 "GET /api/v1/courses/lessons/2/video/ HTTP/1.1" 200 9617
INFO 2026-05-10 21:17:01,453 log 63445 139779340494528 "OPTIONS /api/v1/learning/lessons/2/complete/ HTTP/1.1" 200 0
INFO 2026-05-10 21:17:01,582 log 63445 139779340494528 "POST /api/v1/learning/lessons/2/complete/ HTTP/1.1" 200 46
INFO 2026-05-10 21:17:01,684 log 63445 139779340494528 "GET /api/v1/courses/catalog/nada/ HTTP/1.1" 200 1163
INFO 2026-05-10 21:17:01,780 log 63445 139779340494528 "GET /api/v1/courses/lessons/1/video/ HTTP/1.1" 200 9608
INFO 2026-05-10 21:17:18,420 log 63445 139779340494528 "GET /api/v1/courses/lessons/3/video/ HTTP/1.1" 200 83
INFO 2026-05-10 21:17:26,819 log 63445 139779340494528 "GET /api/v1/courses/lessons/1/video/ HTTP/1.1" 200 9608
INFO 2026-05-10 21:18:41,244 log 63445 139779340494528 "GET /api/v1/auth/notifications/ HTTP/1.1" 200 466
INFO 2026-05-10 21:18:41,248 log 63445 139779073095360 "GET /api/v1/auth/profile/ HTTP/1.1" 200 218
INFO 2026-05-10 21:18:41,295 log 63445 139779348887232 "GET /api/v1/courses/catalog/ HTTP/1.1" 200 923
INFO 2026-05-10 21:18:43,866 log 63445 139779340494528 "OPTIONS /api/v1/courses/catalog/veovoe/ HTTP/1.1" 200 0
INFO 2026-05-10 21:18:43,913 log 63445 139779340494528 "GET /api/v1/courses/catalog/veovoe/ HTTP/1.1" 200 237
INFO 2026-05-10 21:18:45,322 log 63445 139779340494528 "OPTIONS /api/v1/learning/enrollments/ HTTP/1.1" 200 0
INFO 2026-05-10 21:18:45,437 log 63445 139779340494528 "POST /api/v1/learning/enrollments/ HTTP/1.1" 201 67
INFO 2026-05-10 21:18:45,536 log 63445 139779340494528 "GET /api/v1/courses/catalog/veovoe/ HTTP/1.1" 200 236
INFO 2026-05-10 21:18:52,871 log 63445 139779073095360 "GET /api/v1/auth/profile/ HTTP/1.1" 200 218
INFO 2026-05-10 21:18:52,913 log 63445 139779340494528 "GET /api/v1/auth/notifications/ HTTP/1.1" 200 466
INFO 2026-05-10 21:18:53,121 log 63445 139779348887232 "GET /api/v1/courses/catalog/ HTTP/1.1" 200 923
INFO 2026-05-10 21:18:54,940 log 63445 139779340494528 "GET /api/v1/courses/catalog/prueba/ HTTP/1.1" 200 780
INFO 2026-05-10 21:18:55,201 log 63445 139779340494528 "GET /api/v1/courses/lessons/6/video/ HTTP/1.1" 200 12640
INFO 2026-05-10 21:19:22,296 basehttp 63445 139779320563392 - Broken pipe from ('127.0.0.1', 55766)
INFO 2026-05-10 21:19:23,517 log 63445 139779340494528 "GET /api/v1/auth/profile/ HTTP/1.1" 200 218
INFO 2026-05-10 21:19:23,640 log 63445 139779340494528 "GET /api/v1/gamification/admin-stats/ HTTP/1.1" 200 223
INFO 2026-05-10 21:19:23,718 log 63445 139779073095360 "GET /api/v1/auth/notifications/ HTTP/1.1" 200 466
INFO 2026-05-10 21:19:23,726 log 63445 139779348887232 "GET /api/v1/courses/admin/courses/ HTTP/1.1" 200 2637
INFO 2026-05-10 21:19:23,990 log 63445 139779340494528 "GET /api/v1/courses/catalog/prueba/ HTTP/1.1" 200 780
INFO 2026-05-10 21:19:24,091 log 63445 139779340494528 "GET /api/v1/courses/lessons/6/video/ HTTP/1.1" 200 12640
INFO 2026-05-10 21:19:24,365 log 63445 139779320563392 "GET /media/videos/2026/05/10/Qu%C3%A9_es_Programar_y_para_qu%C3%A9_sirve__Z26Ddmg.mp4 HTTP/1.1" 304 0
INFO 2026-05-10 21:19:32,161 log 63445 139779340494528 "GET /api/v1/auth/notifications/ HTTP/1.1" 200 466
INFO 2026-05-10 21:19:32,258 log 63445 139779348887232 "GET /api/v1/courses/catalog/ HTTP/1.1" 200 923
INFO 2026-05-10 21:19:32,284 log 63445 139779073095360 "GET /api/v1/auth/profile/ HTTP/1.1" 200 218
INFO 2026-05-10 21:19:32,317 log 63445 139779320563392 "GET /media/courses/thumbnails/ChatGPT_Image_18_abr_2026_12_07_38_a.m..png HTTP/1.1" 304 0
INFO 2026-05-10 21:19:35,210 log 63445 139779340494528 "OPTIONS /api/v1/courses/catalog/oeeeee/ HTTP/1.1" 200 0
INFO 2026-05-10 21:19:35,261 log 63445 139779340494528 "GET /api/v1/courses/catalog/oeeeee/ HTTP/1.1" 200 335
INFO 2026-05-10 21:19:39,468 log 63445 139779340494528 "GET /api/v1/auth/notifications/ HTTP/1.1" 200 466
INFO 2026-05-10 21:19:39,494 log 63445 139779073095360 "GET /api/v1/auth/profile/ HTTP/1.1" 200 218
INFO 2026-05-10 21:19:39,539 log 63445 139779348887232 "GET /api/v1/courses/catalog/ HTTP/1.1" 200 923
INFO 2026-05-10 21:19:45,381 log 63445 139779340494528 "GET /api/v1/courses/catalog/nada/ HTTP/1.1" 200 1163
INFO 2026-05-10 21:19:45,470 log 63445 139779340494528 "GET /api/v1/courses/lessons/1/video/ HTTP/1.1" 200 9608
INFO 2026-05-10 21:19:48,377 log 63445 139779340494528 "GET /api/v1/courses/lessons/2/video/ HTTP/1.1" 200 9617
INFO 2026-05-10 21:19:52,073 log 63445 139779340494528 "GET /api/v1/courses/lessons/3/video/ HTTP/1.1" 200 83
INFO 2026-05-10 21:19:54,164 log 63445 139779340494528 "GET /api/v1/courses/lessons/4/video/ HTTP/1.1" 200 83
INFO 2026-05-10 21:19:55,960 log 63445 139779340494528 "GET /api/v1/courses/lessons/5/video/ HTTP/1.1" 200 9621
INFO 2026-05-10 21:19:59,635 log 63445 139779073095360 "GET /api/v1/auth/profile/ HTTP/1.1" 200 218
INFO 2026-05-10 21:19:59,680 log 63445 139779340494528 "GET /api/v1/auth/notifications/ HTTP/1.1" 200 466
INFO 2026-05-10 21:19:59,702 log 63445 139779348887232 "GET /api/v1/courses/catalog/ HTTP/1.1" 200 923
INFO 2026-05-10 21:20:02,433 log 63445 139779340494528 "GET /api/v1/courses/catalog/veovoe/ HTTP/1.1" 200 236
INFO 2026-05-10 21:20:26,855 log 63445 139779073095360 "GET /api/v1/auth/profile/ HTTP/1.1" 200 218
INFO 2026-05-10 21:20:26,862 log 63445 139779340494528 "GET /api/v1/auth/notifications/ HTTP/1.1" 200 466
INFO 2026-05-10 21:20:26,873 log 63445 139779348887232 "GET /api/v1/courses/catalog/ HTTP/1.1" 200 923
INFO 2026-05-10 21:20:30,184 log 63445 139779340494528 "GET /api/v1/courses/catalog/nada/ HTTP/1.1" 200 1163
INFO 2026-05-10 21:20:30,270 log 63445 139779340494528 "GET /api/v1/courses/lessons/1/video/ HTTP/1.1" 200 9608
INFO 2026-05-10 21:20:31,970 log 63445 139779340494528 "GET /api/v1/auth/notifications/ HTTP/1.1" 200 466
INFO 2026-05-10 21:20:31,988 log 63445 139779073095360 "GET /api/v1/auth/profile/ HTTP/1.1" 200 218
INFO 2026-05-10 21:20:32,021 log 63445 139779348887232 "GET /api/v1/courses/catalog/ HTTP/1.1" 200 923
INFO 2026-05-10 21:20:33,367 log 63445 139779340494528 "GET /api/v1/courses/catalog/prueba/ HTTP/1.1" 200 780
INFO 2026-05-10 21:20:33,458 log 63445 139779340494528 "GET /api/v1/courses/lessons/6/video/ HTTP/1.1" 200 12640
INFO 2026-05-10 21:20:35,406 log 63445 139779340494528 "OPTIONS /api/v1/learning/lessons/6/complete/ HTTP/1.1" 200 0
INFO 2026-05-10 21:20:35,527 log 63445 139779340494528 "POST /api/v1/learning/lessons/6/complete/ HTTP/1.1" 200 46
INFO 2026-05-10 21:20:35,646 log 63445 139779340494528 "GET /api/v1/courses/catalog/prueba/ HTTP/1.1" 200 781
INFO 2026-05-10 21:20:35,755 log 63445 139779340494528 "GET /api/v1/courses/lessons/6/video/ HTTP/1.1" 200 12640
INFO 2026-05-10 21:20:39,128 log 63445 139779098273472 "OPTIONS /api/v1/auth/notifications/ HTTP/1.1" 200 0
WARNING 2026-05-10 21:20:39,137 log 63445 139779098273472 Unauthorized: /api/v1/auth/notifications/
WARNING 2026-05-10 21:20:39,146 log 63445 139779098273472 "GET /api/v1/auth/notifications/ HTTP/1.1" 401 172
INFO 2026-05-10 21:20:39,193 log 63445 139779089880768 "GET /api/v1/courses/catalog/ HTTP/1.1" 200 923
INFO 2026-05-10 21:20:44,202 log 63445 139779340494528 "GET /api/v1/auth/notifications/ HTTP/1.1" 200 466
INFO 2026-05-10 21:20:44,203 log 63445 139779073095360 "GET /api/v1/auth/profile/ HTTP/1.1" 200 218
INFO 2026-05-10 21:20:44,229 log 63445 139779348887232 "GET /api/v1/courses/catalog/ HTTP/1.1" 200 923
INFO 2026-05-10 21:20:48,149 log 63445 139779340494528 "GET /api/v1/courses/catalog/prueba/ HTTP/1.1" 200 781
INFO 2026-05-10 21:20:48,234 log 63445 139779340494528 "GET /api/v1/courses/lessons/6/video/ HTTP/1.1" 200 12640
INFO 2026-05-10 21:20:50,761 log 63445 139779340494528 "GET /api/v1/auth/notifications/ HTTP/1.1" 200 466
INFO 2026-05-10 21:20:50,792 log 63445 139779073095360 "GET /api/v1/auth/profile/ HTTP/1.1" 200 218
INFO 2026-05-10 21:20:50,813 log 63445 139779348887232 "GET /api/v1/courses/catalog/ HTTP/1.1" 200 923
INFO 2026-05-10 21:21:25,091 log 63445 139779340494528 "GET /api/v1/auth/profile/ HTTP/1.1" 200 218
INFO 2026-05-10 21:21:25,191 log 63445 139779340494528 "OPTIONS /api/v1/gamification/dashboard/ HTTP/1.1" 200 0
INFO 2026-05-10 21:21:25,289 log 63445 139779340494528 "GET /api/v1/gamification/dashboard/ HTTP/1.1" 200 2646
INFO 2026-05-10 21:21:25,395 log 63445 139779340494528 "GET /api/v1/auth/notifications/ HTTP/1.1" 200 466
INFO 2026-05-10 21:21:41,819 autoreload 63445 139779598154688 /home/checho/.gemini/antigravity/scratch/flemy/backend/courses/serializers.py changed, reloading.
INFO 2026-05-10 21:21:46,132 autoreload 64826 139798248098752 Watching for file changes with StatReloader
INFO 2026-05-10 21:21:55,944 log 64826 139797998859968 "GET /api/v1/auth/notifications/ HTTP/1.1" 200 466
INFO 2026-05-10 21:21:56,011 log 64826 139797982074560 "GET /api/v1/auth/profile/ HTTP/1.1" 200 218
INFO 2026-05-10 21:21:56,148 log 64826 139797990467264 "GET /api/v1/courses/catalog/ HTTP/1.1" 200 1015
INFO 2026-05-10 21:22:13,448 log 64826 139797990467264 "GET /api/v1/auth/notifications/ HTTP/1.1" 200 466
INFO 2026-05-10 21:23:04,241 log 64826 139797990467264 "OPTIONS /api/v1/courses/admin/courses/3/sections/ HTTP/1.1" 200 0
INFO 2026-05-10 21:23:04,371 log 64826 139797990467264 "GET /api/v1/courses/admin/courses/3/sections/ HTTP/1.1" 200 2
INFO 2026-05-10 21:23:15,305 log 64826 139797990467264 "POST /api/v1/courses/admin/courses/3/sections/ HTTP/1.1" 201 68
INFO 2026-05-10 21:23:15,364 log 64826 139797990467264 "GET /api/v1/courses/admin/courses/3/sections/ HTTP/1.1" 200 70
INFO 2026-05-10 21:23:19,036 log 64826 139797990467264 "OPTIONS /api/v1/courses/admin/sections/4/lessons/ HTTP/1.1" 200 0
INFO 2026-05-10 21:23:19,074 log 64826 139797990467264 "GET /api/v1/courses/admin/sections/4/lessons/ HTTP/1.1" 200 2
INFO 2026-05-10 21:23:30,607 log 64826 139797990467264 "POST /api/v1/courses/admin/sections/4/lessons/ HTTP/1.1" 201 177
INFO 2026-05-10 21:23:30,667 log 64826 139797990467264 "GET /api/v1/courses/admin/sections/4/lessons/ HTTP/1.1" 200 179
INFO 2026-05-10 21:23:45,285 log 64826 139797990467264 "POST /api/v1/courses/admin/sections/4/lessons/ HTTP/1.1" 201 177
INFO 2026-05-10 21:23:45,358 log 64826 139797990467264 "GET /api/v1/courses/admin/sections/4/lessons/ HTTP/1.1" 200 357
INFO 2026-05-10 21:24:06,330 log 64826 139797990467264 "POST /api/v1/courses/admin/sections/4/lessons/ HTTP/1.1" 201 191
INFO 2026-05-10 21:24:06,402 log 64826 139797990467264 "GET /api/v1/courses/admin/sections/4/lessons/ HTTP/1.1" 200 549
INFO 2026-05-10 21:24:21,519 log 64826 139797990467264 "POST /api/v1/courses/admin/courses/3/sections/ HTTP/1.1" 201 66
INFO 2026-05-10 21:24:21,595 log 64826 139797990467264 "GET /api/v1/courses/admin/courses/3/sections/ HTTP/1.1" 200 684
INFO 2026-05-10 21:24:23,407 log 64826 139797990467264 "OPTIONS /api/v1/courses/admin/sections/5/lessons/ HTTP/1.1" 200 0
INFO 2026-05-10 21:24:23,458 log 64826 139797990467264 "GET /api/v1/courses/admin/sections/5/lessons/ HTTP/1.1" 200 2
INFO 2026-05-10 21:24:40,419 log 64826 139797990467264 "POST /api/v1/courses/admin/sections/5/lessons/ HTTP/1.1" 201 169
INFO 2026-05-10 21:24:40,487 log 64826 139797990467264 "GET /api/v1/courses/admin/sections/5/lessons/ HTTP/1.1" 200 171
INFO 2026-05-10 21:26:57,261 log 64826 139797990467264 "OPTIONS /api/v1/courses/admin/courses/3/ HTTP/1.1" 200 0
INFO 2026-05-10 21:26:57,884 log 64826 139797990467264 "PUT /api/v1/courses/admin/courses/3/ HTTP/1.1" 200 1327
INFO 2026-05-10 21:26:58,047 log 64826 139797982074560 "GET /api/v1/courses/admin/courses/3/sections/ HTTP/1.1" 200 853
INFO 2026-05-10 21:26:58,091 log 64826 139797990467264 "GET /api/v1/courses/admin/courses/ HTTP/1.1" 200 3597
INFO 2026-05-10 21:27:06,586 log 64826 139797990467264 "GET /api/v1/auth/notifications/ HTTP/1.1" 200 466
INFO 2026-05-10 21:27:06,686 log 64826 139797990467264 "GET /api/v1/auth/profile/ HTTP/1.1" 200 218
INFO 2026-05-10 21:27:06,694 log 64826 139797982074560 "GET /api/v1/courses/catalog/ HTTP/1.1" 200 1010
INFO 2026-05-10 21:27:06,788 log 64826 139797998859968 "GET /media/courses/thumbnails/ChatGPT_Image_18_abr_2026_12_07_38_a.m..png HTTP/1.1" 304 0
INFO 2026-05-10 21:27:06,802 log 64826 139797998859968 "GET /media/courses/thumbnails/Sin_t%C3%ADtulo.jpg HTTP/1.1" 200 10590
INFO 2026-05-10 21:27:12,170 log 64826 139797990467264 "OPTIONS /api/v1/courses/catalog/drogas/ HTTP/1.1" 200 0
INFO 2026-05-10 21:27:12,302 log 64826 139797990467264 "GET /api/v1/courses/catalog/drogas/ HTTP/1.1" 200 1298
INFO 2026-05-10 21:27:12,366 log 64826 139797990467264 "OPTIONS /api/v1/courses/lessons/7/video/ HTTP/1.1" 200 0
INFO 2026-05-10 21:27:12,449 log 64826 139797990467264 "GET /api/v1/courses/lessons/7/video/ HTTP/1.1" 200 83
INFO 2026-05-10 21:27:17,109 log 64826 139797990467264 "OPTIONS /api/v1/learning/lessons/7/complete/ HTTP/1.1" 200 0
INFO 2026-05-10 21:27:17,293 log 64826 139797990467264 "POST /api/v1/learning/lessons/7/complete/ HTTP/1.1" 200 46
INFO 2026-05-10 21:27:17,431 log 64826 139797990467264 "GET /api/v1/courses/catalog/drogas/ HTTP/1.1" 200 1298
INFO 2026-05-10 21:27:17,506 log 64826 139797990467264 "GET /api/v1/courses/lessons/7/video/ HTTP/1.1" 200 83
INFO 2026-05-10 21:27:24,985 log 64826 139797990467264 "OPTIONS /api/v1/courses/lessons/8/video/ HTTP/1.1" 200 0
INFO 2026-05-10 21:27:25,016 log 64826 139797990467264 "GET /api/v1/courses/lessons/8/video/ HTTP/1.1" 200 83
INFO 2026-05-10 21:27:26,786 log 64826 139797990467264 "OPTIONS /api/v1/courses/lessons/9/video/ HTTP/1.1" 200 0
INFO 2026-05-10 21:27:26,818 log 64826 139797990467264 "GET /api/v1/courses/lessons/9/video/ HTTP/1.1" 200 83
INFO 2026-05-10 21:27:27,594 log 64826 139797990467264 "OPTIONS /api/v1/courses/lessons/10/video/ HTTP/1.1" 200 0
INFO 2026-05-10 21:27:27,628 log 64826 139797990467264 "GET /api/v1/courses/lessons/10/video/ HTTP/1.1" 200 83
INFO 2026-05-10 21:27:29,155 log 64826 139797990467264 "GET /api/v1/courses/lessons/7/video/ HTTP/1.1" 200 83
INFO 2026-05-10 21:27:29,992 log 64826 139797990467264 "GET /api/v1/courses/lessons/8/video/ HTTP/1.1" 200 83
INFO 2026-05-10 21:27:31,642 log 64826 139797990467264 "GET /api/v1/courses/lessons/8/video/ HTTP/1.1" 200 83
INFO 2026-05-10 21:27:32,167 log 64826 139797990467264 "GET /api/v1/courses/lessons/9/video/ HTTP/1.1" 200 83
INFO 2026-05-10 21:27:32,970 log 64826 139797990467264 "GET /api/v1/courses/lessons/10/video/ HTTP/1.1" 200 83
INFO 2026-05-10 21:27:33,987 log 64826 139797990467264 "GET /api/v1/courses/lessons/8/video/ HTTP/1.1" 200 83
INFO 2026-05-10 21:27:54,383 log 64826 139797990467264 "OPTIONS /api/v1/ai/chatbot/ HTTP/1.1" 200 0
INFO 2026-05-10 21:28:03,501 log 64826 139797990467264 "POST /api/v1/ai/chatbot/ HTTP/1.1" 200 503
INFO 2026-05-10 21:28:28,904 log 64826 139797990467264 "POST /api/v1/ai/chatbot/ HTTP/1.1" 200 811
INFO 2026-05-10 21:28:54,458 log 64826 139797990467264 "GET /api/v1/auth/notifications/ HTTP/1.1" 200 466
INFO 2026-05-10 21:28:54,529 log 64826 139797990467264 "GET /api/v1/auth/profile/ HTTP/1.1" 200 218
INFO 2026-05-10 21:28:54,544 log 64826 139797982074560 "GET /api/v1/courses/catalog/ HTTP/1.1" 200 1011
INFO 2026-05-10 21:29:03,090 log 64826 139797990467264 "GET /api/v1/auth/profile/ HTTP/1.1" 200 218
INFO 2026-05-10 21:29:03,193 log 64826 139797982074560 "GET /api/v1/gamification/dashboard/ HTTP/1.1" 200 3738
INFO 2026-05-10 21:29:03,349 log 64826 139797982074560 "GET /api/v1/auth/notifications/ HTTP/1.1" 200 466
INFO 2026-05-10 21:29:34,718 log 64826 139797982074560 "GET /api/v1/auth/profile/ HTTP/1.1" 200 218
INFO 2026-05-10 21:29:34,768 log 64826 139797990467264 "GET /api/v1/auth/notifications/ HTTP/1.1" 200 466
INFO 2026-05-10 21:29:39,036 log 64826 139797982074560 "GET /api/v1/gamification/dashboard/ HTTP/1.1" 200 3738
INFO 2026-05-10 21:29:39,106 log 64826 139797982074560 "GET /api/v1/auth/notifications/ HTTP/1.1" 200 466
INFO 2026-05-10 21:29:43,074 log 64826 139797982074560 "OPTIONS /api/v1/gamification/progress/ HTTP/1.1" 200 0
INFO 2026-05-10 21:29:43,208 log 64826 139797982074560 "GET /api/v1/gamification/progress/ HTTP/1.1" 200 1250
INFO 2026-05-10 21:29:43,353 log 64826 139797982074560 "GET /api/v1/auth/notifications/ HTTP/1.1" 200 466
INFO 2026-05-10 21:30:22,629 log 64826 139797982074560 "GET /api/v1/auth/notifications/ HTTP/1.1" 200 466
INFO 2026-05-10 21:30:22,752 log 64826 139797982074560 "GET /api/v1/auth/profile/ HTTP/1.1" 200 218
INFO 2026-05-10 21:30:22,799 log 64826 139797990467264 "GET /api/v1/courses/catalog/ HTTP/1.1" 200 1011
INFO 2026-05-10 21:30:33,244 log 64826 139797982074560 "GET /api/v1/gamification/dashboard/ HTTP/1.1" 200 3738
INFO 2026-05-10 21:30:33,319 log 64826 139797982074560 "GET /api/v1/auth/notifications/ HTTP/1.1" 200 466
INFO 2026-05-10 21:32:49,572 log 64826 139797705234112 "GET /api/v1/auth/notifications/ HTTP/1.1" 200 466
INFO 2026-05-10 21:32:49,665 log 64826 139797990467264 "GET /api/v1/gamification/admin-stats/ HTTP/1.1" 200 223
INFO 2026-05-10 21:32:49,762 log 64826 139797998859968 "GET /api/v1/courses/admin/courses/ HTTP/1.1" 200 3596
INFO 2026-05-10 21:33:02,798 log 64826 139797998859968 "GET /api/v1/auth/profile/ HTTP/1.1" 200 218
INFO 2026-05-10 21:33:02,862 log 64826 139797998859968 "GET /api/v1/auth/notifications/ HTTP/1.1" 200 466
INFO 2026-05-10 21:33:09,649 log 64826 139797998859968 "GET /api/v1/gamification/dashboard/ HTTP/1.1" 200 3738
INFO 2026-05-10 21:33:09,732 log 64826 139797998859968 "GET /api/v1/auth/notifications/ HTTP/1.1" 200 466
INFO 2026-05-10 21:34:57,568 log 64826 139797998859968 "GET /api/v1/auth/profile/ HTTP/1.1" 200 218
INFO 2026-05-10 21:34:57,843 log 64826 139797998859968 "GET /api/v1/gamification/dashboard/ HTTP/1.1" 200 3738
INFO 2026-05-10 21:34:58,389 log 64826 139797998859968 "GET /api/v1/auth/profile/ HTTP/1.1" 200 218
INFO 2026-05-10 21:34:58,464 log 64826 139797990467264 "GET /api/v1/auth/notifications/ HTTP/1.1" 200 466
INFO 2026-05-10 21:34:59,259 log 64826 139797998859968 "GET /api/v1/gamification/admin-stats/ HTTP/1.1" 200 223
INFO 2026-05-10 21:34:59,357 log 64826 139797990467264 "GET /api/v1/courses/admin/courses/ HTTP/1.1" 200 3596
INFO 2026-05-10 21:34:59,442 log 64826 139797705234112 "GET /api/v1/auth/notifications/ HTTP/1.1" 200 466
INFO 2026-05-10 21:36:02,050 log 64826 139797998859968 "GET /api/v1/auth/profile/ HTTP/1.1" 200 218
INFO 2026-05-10 21:36:02,157 log 64826 139797990467264 "GET /api/v1/gamification/dashboard/ HTTP/1.1" 200 3738
INFO 2026-05-10 21:36:02,485 log 64826 139797998859968 "GET /api/v1/auth/notifications/ HTTP/1.1" 200 466
INFO 2026-05-10 21:36:03,538 log 64826 139797990467264 "GET /api/v1/auth/profile/ HTTP/1.1" 200 218
INFO 2026-05-10 21:36:04,013 log 64826 139797998859968 "GET /api/v1/gamification/admin-stats/ HTTP/1.1" 200 223
INFO 2026-05-10 21:36:04,197 log 64826 139797705234112 "GET /api/v1/auth/notifications/ HTTP/1.1" 200 466
INFO 2026-05-10 21:36:04,284 log 64826 139797990467264 "GET /api/v1/courses/admin/courses/ HTTP/1.1" 200 3596
INFO 2026-05-10 21:37:23,198 log 64826 139797998859968 "GET /api/v1/auth/profile/ HTTP/1.1" 200 218
INFO 2026-05-10 21:37:23,553 log 64826 139797990467264 "GET /api/v1/gamification/dashboard/ HTTP/1.1" 200 3738
INFO 2026-05-10 21:37:23,601 log 64826 139797998859968 "GET /api/v1/auth/profile/ HTTP/1.1" 200 218
INFO 2026-05-10 21:37:23,710 log 64826 139797990467264 "GET /api/v1/auth/notifications/ HTTP/1.1" 200 466
INFO 2026-05-10 21:37:24,106 log 64826 139797705234112 "GET /api/v1/auth/notifications/ HTTP/1.1" 200 466
INFO 2026-05-10 21:37:24,222 log 64826 139797998859968 "GET /api/v1/gamification/admin-stats/ HTTP/1.1" 200 223
INFO 2026-05-10 21:37:24,282 log 64826 139797990467264 "GET /api/v1/courses/admin/courses/ HTTP/1.1" 200 3596
INFO 2026-05-10 21:38:03,086 log 64826 139797998859968 "GET /api/v1/auth/profile/ HTTP/1.1" 200 218
INFO 2026-05-10 21:38:03,473 log 64826 139797990467264 "GET /api/v1/auth/profile/ HTTP/1.1" 200 218
INFO 2026-05-10 21:38:03,582 log 64826 139797998859968 "GET /api/v1/gamification/dashboard/ HTTP/1.1" 200 3738
INFO 2026-05-10 21:38:03,744 log 64826 139797990467264 "GET /api/v1/auth/notifications/ HTTP/1.1" 200 466
INFO 2026-05-10 21:38:04,329 log 64826 139797705234112 "GET /api/v1/auth/notifications/ HTTP/1.1" 200 466
INFO 2026-05-10 21:38:04,513 log 64826 139797998859968 "GET /api/v1/gamification/admin-stats/ HTTP/1.1" 200 223
INFO 2026-05-10 21:38:04,575 log 64826 139797990467264 "GET /api/v1/courses/admin/courses/ HTTP/1.1" 200 3596
INFO 2026-05-10 21:38:25,515 log 64826 139797998859968 "GET /api/v1/auth/profile/ HTTP/1.1" 200 218
INFO 2026-05-10 21:38:25,956 log 64826 139797990467264 "GET /api/v1/auth/notifications/ HTTP/1.1" 200 466
INFO 2026-05-10 21:38:30,545 log 64826 139797998859968 "GET /api/v1/gamification/dashboard/ HTTP/1.1" 200 3738
INFO 2026-05-10 21:38:30,702 log 64826 139797990467264 "GET /api/v1/auth/notifications/ HTTP/1.1" 200 466
INFO 2026-05-10 21:38:32,067 log 64826 139797998859968 "GET /api/v1/gamification/progress/ HTTP/1.1" 200 1250
INFO 2026-05-10 21:38:32,212 log 64826 139797990467264 "GET /api/v1/auth/notifications/ HTTP/1.1" 200 466
INFO 2026-05-10 21:38:33,598 log 64826 139797998859968 "GET /api/v1/auth/profile/ HTTP/1.1" 200 218
INFO 2026-05-10 21:38:33,862 log 64826 139797990467264 "GET /api/v1/gamification/progress/ HTTP/1.1" 200 1250
INFO 2026-05-10 21:38:34,077 log 64826 139797998859968 "GET /api/v1/auth/notifications/ HTTP/1.1" 200 466
INFO 2026-05-10 21:38:34,644 log 64826 139797990467264 "GET /api/v1/auth/profile/ HTTP/1.1" 200 218
INFO 2026-05-10 21:38:34,803 log 64826 139797705234112 "GET /api/v1/auth/notifications/ HTTP/1.1" 200 466
INFO 2026-05-10 21:38:34,836 log 64826 139797998859968 "GET /api/v1/gamification/admin-stats/ HTTP/1.1" 200 223
INFO 2026-05-10 21:38:34,948 log 64826 139797990467264 "GET /api/v1/courses/admin/courses/ HTTP/1.1" 200 3596
INFO 2026-05-10 21:38:35,591 log 64826 139797998859968 "GET /api/v1/auth/profile/ HTTP/1.1" 200 218
INFO 2026-05-10 21:38:35,618 log 64826 139797990467264 "GET /api/v1/auth/notifications/ HTTP/1.1" 200 466
INFO 2026-05-10 21:38:42,440 log 64826 139797998859968 "GET /api/v1/gamification/progress/ HTTP/1.1" 200 1250
INFO 2026-05-10 21:38:42,554 log 64826 139797990467264 "GET /api/v1/auth/notifications/ HTTP/1.1" 200 466
INFO 2026-05-10 21:38:43,999 log 64826 139797998859968 "GET /api/v1/auth/notifications/ HTTP/1.1" 200 466
INFO 2026-05-10 21:38:44,110 log 64826 139797990467264 "GET /api/v1/auth/profile/ HTTP/1.1" 200 218
INFO 2026-05-10 21:38:44,212 log 64826 139797998859968 "GET /api/v1/courses/catalog/ HTTP/1.1" 200 1011
INFO 2026-05-10 21:38:44,326 log 64826 139797223962304 "GET /media/courses/thumbnails/ChatGPT_Image_18_abr_2026_12_07_38_a.m..png HTTP/1.1" 304 0
INFO 2026-05-10 21:38:44,360 log 64826 139797223962304 "GET /media/courses/thumbnails/Sin_t%C3%ADtulo.jpg HTTP/1.1" 304 0
INFO 2026-05-10 21:38:45,350 log 64826 139797990467264 "GET /api/v1/auth/profile/ HTTP/1.1" 200 218
INFO 2026-05-10 21:38:45,375 log 64826 139797998859968 "GET /api/v1/auth/notifications/ HTTP/1.1" 200 466
INFO 2026-05-10 21:38:49,611 log 64826 139797990467264 "GET /api/v1/gamification/admin-stats/ HTTP/1.1" 200 223
INFO 2026-05-10 21:38:49,643 log 64826 139797705234112 "GET /api/v1/auth/notifications/ HTTP/1.1" 200 466
INFO 2026-05-10 21:38:49,670 log 64826 139797998859968 "GET /api/v1/courses/admin/courses/ HTTP/1.1" 200 3596
INFO 2026-05-10 21:38:54,632 log 64826 139797990467264 "GET /api/v1/auth/profile/ HTTP/1.1" 200 218
INFO 2026-05-10 21:38:54,702 log 64826 139797998859968 "GET /api/v1/auth/notifications/ HTTP/1.1" 200 466
INFO 2026-05-10 21:38:55,929 log 64826 139797990467264 "GET /api/v1/auth/profile/ HTTP/1.1" 200 218
INFO 2026-05-10 21:38:55,964 log 64826 139797998859968 "GET /api/v1/auth/notifications/ HTTP/1.1" 200 466
INFO 2026-05-10 21:38:57,242 log 64826 139797990467264 "GET /api/v1/auth/notifications/ HTTP/1.1" 200 466
INFO 2026-05-10 21:38:57,328 log 64826 139797990467264 "GET /api/v1/auth/profile/ HTTP/1.1" 200 218
INFO 2026-05-10 21:38:57,465 log 64826 139797998859968 "GET /api/v1/courses/catalog/ HTTP/1.1" 200 1011
INFO 2026-05-10 21:38:59,367 log 64826 139797990467264 "GET /api/v1/gamification/dashboard/ HTTP/1.1" 200 3738
INFO 2026-05-10 21:38:59,465 log 64826 139797998859968 "GET /api/v1/auth/notifications/ HTTP/1.1" 200 466
INFO 2026-05-10 21:39:00,339 log 64826 139797990467264 "GET /api/v1/gamification/progress/ HTTP/1.1" 200 1250
INFO 2026-05-10 21:39:00,408 log 64826 139797998859968 "GET /api/v1/auth/notifications/ HTTP/1.1" 200 466
INFO 2026-05-10 21:39:01,072 log 64826 139797705234112 "GET /api/v1/auth/profile/ HTTP/1.1" 200 218
INFO 2026-05-10 21:39:01,207 log 64826 139797990467264 "GET /api/v1/auth/notifications/ HTTP/1.1" 200 466
INFO 2026-05-10 21:39:01,254 log 64826 139797998859968 "GET /api/v1/courses/catalog/ HTTP/1.1" 200 1011
INFO 2026-05-10 21:39:02,596 log 64826 139797998859968 "GET /api/v1/auth/notifications/ HTTP/1.1" 200 466
INFO 2026-05-10 21:39:02,607 log 64826 139797990467264 "GET /api/v1/auth/profile/ HTTP/1.1" 200 218
INFO 2026-05-10 21:39:10,349 log 64826 139797998859968 "GET /api/v1/auth/notifications/ HTTP/1.1" 200 466
INFO 2026-05-10 21:39:10,397 log 64826 139797705234112 "GET /api/v1/auth/profile/ HTTP/1.1" 200 218
INFO 2026-05-10 21:39:10,500 log 64826 139797990467264 "GET /api/v1/courses/catalog/ HTTP/1.1" 200 1011
INFO 2026-05-10 21:39:13,611 log 64826 139797998859968 "GET /api/v1/gamification/progress/ HTTP/1.1" 200 1250
INFO 2026-05-10 21:39:13,683 log 64826 139797990467264 "GET /api/v1/auth/notifications/ HTTP/1.1" 200 466
INFO 2026-05-10 21:39:15,270 log 64826 139797998859968 "GET /api/v1/gamification/dashboard/ HTTP/1.1" 200 3738
INFO 2026-05-10 21:39:15,345 log 64826 139797990467264 "GET /api/v1/auth/notifications/ HTTP/1.1" 200 466
INFO 2026-05-10 21:39:17,655 log 64826 139797998859968 "GET /api/v1/gamification/progress/ HTTP/1.1" 200 1250
INFO 2026-05-10 21:39:17,717 log 64826 139797990467264 "GET /api/v1/auth/notifications/ HTTP/1.1" 200 466
INFO 2026-05-10 21:39:19,617 log 64826 139797998859968 "GET /api/v1/auth/notifications/ HTTP/1.1" 200 466
INFO 2026-05-10 21:39:19,774 log 64826 139797998859968 "GET /api/v1/auth/profile/ HTTP/1.1" 200 218
INFO 2026-05-10 21:39:19,796 log 64826 139797990467264 "GET /api/v1/courses/catalog/ HTTP/1.1" 200 1011
INFO 2026-05-10 21:39:22,907 log 64826 139797998859968 "GET /api/v1/auth/profile/ HTTP/1.1" 200 218
INFO 2026-05-10 21:39:23,026 log 64826 139797990467264 "GET /api/v1/auth/notifications/ HTTP/1.1" 200 466
INFO 2026-05-10 21:39:30,533 log 64826 139797998859968 "GET /api/v1/auth/profile/ HTTP/1.1" 200 218
INFO 2026-05-10 21:39:30,633 log 64826 139797990467264 "GET /api/v1/auth/notifications/ HTTP/1.1" 200 466
INFO 2026-05-10 21:39:32,590 log 64826 139797998859968 "GET /api/v1/auth/notifications/ HTTP/1.1" 200 466
INFO 2026-05-10 21:39:32,675 log 64826 139797990467264 "GET /api/v1/courses/catalog/ HTTP/1.1" 200 1011
INFO 2026-05-10 21:39:32,727 log 64826 139797998859968 "GET /api/v1/auth/profile/ HTTP/1.1" 200 218
INFO 2026-05-10 21:39:35,156 log 64826 139797990467264 "GET /api/v1/auth/profile/ HTTP/1.1" 200 218
INFO 2026-05-10 21:39:35,283 log 64826 139797998859968 "GET /api/v1/auth/notifications/ HTTP/1.1" 200 466
INFO 2026-05-10 21:39:37,590 log 64826 139797705234112 "GET /api/v1/auth/notifications/ HTTP/1.1" 200 466
INFO 2026-05-10 21:39:37,607 log 64826 139797990467264 "GET /api/v1/gamification/admin-stats/ HTTP/1.1" 200 223
INFO 2026-05-10 21:39:37,673 log 64826 139797998859968 "GET /api/v1/courses/admin/courses/ HTTP/1.1" 200 3596
INFO 2026-05-10 21:40:55,272 log 64826 139797990467264 "GET /api/v1/auth/profile/ HTTP/1.1" 200 218
INFO 2026-05-10 21:40:55,339 log 64826 139797998859968 "GET /api/v1/auth/notifications/ HTTP/1.1" 200 466
INFO 2026-05-10 21:40:57,404 log 64826 139797990467264 "GET /api/v1/auth/profile/ HTTP/1.1" 200 218
INFO 2026-05-10 21:40:57,446 log 64826 139797998859968 "GET /api/v1/auth/notifications/ HTTP/1.1" 200 466
INFO 2026-05-10 21:42:36,669 log 64826 139797990467264 "GET /api/v1/auth/profile/ HTTP/1.1" 200 218
INFO 2026-05-10 21:42:36,749 log 64826 139797998859968 "GET /api/v1/auth/profile/ HTTP/1.1" 200 218
INFO 2026-05-10 21:42:36,787 log 64826 139797990467264 "GET /api/v1/auth/notifications/ HTTP/1.1" 200 466
INFO 2026-05-10 21:42:37,805 log 64826 139797998859968 "GET /api/v1/gamification/dashboard/ HTTP/1.1" 200 3738
INFO 2026-05-10 21:42:37,976 log 64826 139797990467264 "GET /api/v1/auth/notifications/ HTTP/1.1" 200 466
INFO 2026-05-10 21:42:38,794 log 64826 139797998859968 "GET /api/v1/gamification/progress/ HTTP/1.1" 200 1250
INFO 2026-05-10 21:42:38,910 log 64826 139797990467264 "GET /api/v1/auth/notifications/ HTTP/1.1" 200 466
INFO 2026-05-10 21:42:39,803 log 64826 139797998859968 "GET /api/v1/auth/notifications/ HTTP/1.1" 200 466
INFO 2026-05-10 21:42:39,916 log 64826 139797998859968 "GET /api/v1/auth/profile/ HTTP/1.1" 200 218
INFO 2026-05-10 21:42:39,968 log 64826 139797990467264 "GET /api/v1/courses/catalog/ HTTP/1.1" 200 1011
INFO 2026-05-10 21:42:40,153 log 64826 139797705234112 "GET /media/courses/thumbnails/Sin_t%C3%ADtulo.jpg HTTP/1.1" 304 0
INFO 2026-05-10 21:42:40,707 log 64826 139797998859968 "GET /api/v1/auth/profile/ HTTP/1.1" 200 218
INFO 2026-05-10 21:42:40,799 log 64826 139797990467264 "GET /api/v1/auth/notifications/ HTTP/1.1" 200 466
INFO 2026-05-10 21:42:51,865 log 64826 139797998859968 "GET /api/v1/auth/notifications/ HTTP/1.1" 200 466
INFO 2026-05-10 21:43:09,369 log 64826 139797990467264 "GET /api/v1/auth/profile/ HTTP/1.1" 200 218
INFO 2026-05-10 21:43:09,434 log 64826 139797998859968 "GET /api/v1/auth/profile/ HTTP/1.1" 200 218
INFO 2026-05-10 21:43:09,496 log 64826 139797990467264 "GET /api/v1/auth/notifications/ HTTP/1.1" 200 466
INFO 2026-05-10 21:43:12,355 log 64826 139797998859968 "GET /api/v1/auth/notifications/ HTTP/1.1" 200 466
INFO 2026-05-10 21:43:12,472 log 64826 139797990467264 "GET /api/v1/courses/catalog/ HTTP/1.1" 200 1011
INFO 2026-05-10 21:43:12,512 log 64826 139797998859968 "GET /api/v1/auth/profile/ HTTP/1.1" 200 218
INFO 2026-05-10 21:43:14,573 log 64826 139797990467264 "GET /api/v1/gamification/dashboard/ HTTP/1.1" 200 3738
INFO 2026-05-10 21:43:14,682 log 64826 139797998859968 "GET /api/v1/auth/notifications/ HTTP/1.1" 200 466
INFO 2026-05-10 21:43:15,851 log 64826 139797990467264 "GET /api/v1/gamification/progress/ HTTP/1.1" 200 1250
INFO 2026-05-10 21:43:16,004 log 64826 139797998859968 "GET /api/v1/auth/notifications/ HTTP/1.1" 200 466
INFO 2026-05-10 21:43:17,003 log 64826 139797223962304 "GET /api/v1/auth/profile/ HTTP/1.1" 200 218
INFO 2026-05-10 21:43:17,111 log 64826 139797990467264 "GET /api/v1/auth/notifications/ HTTP/1.1" 200 466
INFO 2026-05-10 21:43:17,263 log 64826 139797998859968 "GET /api/v1/courses/catalog/ HTTP/1.1" 200 1011
INFO 2026-05-10 21:43:17,959 log 64826 139797990467264 "GET /api/v1/auth/profile/ HTTP/1.1" 200 218
INFO 2026-05-10 21:43:18,177 log 64826 139797998859968 "GET /api/v1/auth/notifications/ HTTP/1.1" 200 466
INFO 2026-05-10 21:43:21,132 log 64826 139797990467264 "GET /api/v1/auth/notifications/ HTTP/1.1" 200 466
INFO 2026-05-10 21:43:21,162 log 64826 139797223962304 "GET /api/v1/auth/profile/ HTTP/1.1" 200 218
INFO 2026-05-10 21:43:21,308 log 64826 139797998859968 "GET /api/v1/courses/catalog/ HTTP/1.1" 200 1011
INFO 2026-05-10 21:43:22,546 log 64826 139797990467264 "GET /api/v1/gamification/progress/ HTTP/1.1" 200 1250
INFO 2026-05-10 21:43:22,612 log 64826 139797998859968 "GET /api/v1/auth/notifications/ HTTP/1.1" 200 466
INFO 2026-05-10 21:43:23,487 log 64826 139797990467264 "GET /api/v1/gamification/dashboard/ HTTP/1.1" 200 3738
INFO 2026-05-10 21:43:23,573 log 64826 139797998859968 "GET /api/v1/auth/notifications/ HTTP/1.1" 200 466
INFO 2026-05-10 21:43:24,530 log 64826 139797990467264 "GET /api/v1/auth/notifications/ HTTP/1.1" 200 466
INFO 2026-05-10 21:43:24,733 log 64826 139797998859968 "GET /api/v1/courses/catalog/ HTTP/1.1" 200 1011
INFO 2026-05-10 21:43:24,752 log 64826 139797990467264 "GET /api/v1/auth/profile/ HTTP/1.1" 200 218
INFO 2026-05-10 21:43:27,253 log 64826 139797998859968 "GET /api/v1/auth/profile/ HTTP/1.1" 200 218
INFO 2026-05-10 21:43:27,305 log 64826 139797990467264 "GET /api/v1/auth/notifications/ HTTP/1.1" 200 466
INFO 2026-05-10 21:43:28,708 log 64826 139797223962304 "GET /api/v1/auth/notifications/ HTTP/1.1" 200 466
INFO 2026-05-10 21:43:28,825 log 64826 139797998859968 "GET /api/v1/gamification/admin-stats/ HTTP/1.1" 200 223
INFO 2026-05-10 21:43:28,875 log 64826 139797990467264 "GET /api/v1/courses/admin/courses/ HTTP/1.1" 200 3596
INFO 2026-05-10 21:43:38,863 log 64826 139797998859968 "OPTIONS /api/v1/auth/notifications/read-all/ HTTP/1.1" 200 0
INFO 2026-05-10 21:43:38,918 log 64826 139797990467264 "PATCH /api/v1/auth/notifications/read-all/ HTTP/1.1" 200 20
INFO 2026-05-10 21:43:40,533 log 64826 139797998859968 "PATCH /api/v1/auth/notifications/read-all/ HTTP/1.1" 200 20
WARNING 2026-05-10 21:43:41,400 log 64826 139797990467264 Not Found: /api/v1/courses/catalog/oeeeee/
WARNING 2026-05-10 21:43:41,401 log 64826 139797990467264 "GET /api/v1/courses/catalog/oeeeee/ HTTP/1.1" 404 47
INFO 2026-05-10 21:43:41,562 log 64826 139797998859968 "GET /api/v1/auth/notifications/ HTTP/1.1" 200 464
INFO 2026-05-10 21:43:41,602 log 64826 139797223962304 "GET /api/v1/auth/profile/ HTTP/1.1" 200 218
INFO 2026-05-10 21:43:41,766 log 64826 139797990467264 "GET /api/v1/courses/catalog/ HTTP/1.1" 200 1011
INFO 2026-05-10 21:43:46,691 log 64826 139797998859968 "GET /api/v1/courses/catalog/veovoe/ HTTP/1.1" 200 236
INFO 2026-05-10 21:43:49,750 log 64826 139797223962304 "GET /api/v1/auth/profile/ HTTP/1.1" 200 218
INFO 2026-05-10 21:43:49,789 log 64826 139797990467264 "GET /api/v1/auth/notifications/ HTTP/1.1" 200 464
INFO 2026-05-10 21:43:49,834 log 64826 139797998859968 "GET /api/v1/courses/catalog/ HTTP/1.1" 200 1011
INFO 2026-05-10 21:44:07,751 log 64826 139797990467264 "GET /api/v1/gamification/dashboard/ HTTP/1.1" 200 3738
INFO 2026-05-10 21:44:07,832 log 64826 139797998859968 "GET /api/v1/auth/notifications/ HTTP/1.1" 200 464
INFO 2026-05-10 21:44:14,780 log 64826 139797223962304 "GET /api/v1/auth/notifications/ HTTP/1.1" 200 464
INFO 2026-05-10 21:44:14,813 log 64826 139797990467264 "GET /api/v1/gamification/admin-stats/ HTTP/1.1" 200 223
INFO 2026-05-10 21:44:14,873 log 64826 139797998859968 "GET /api/v1/courses/admin/courses/ HTTP/1.1" 200 3596
INFO 2026-05-10 21:45:23,519 log 64826 139797990467264 "GET /api/v1/auth/profile/ HTTP/1.1" 200 218
INFO 2026-05-10 21:45:23,627 log 64826 139797223962304 "GET /api/v1/auth/notifications/ HTTP/1.1" 200 464
INFO 2026-05-10 21:45:23,722 log 64826 139797998859968 "GET /api/v1/gamification/admin-stats/ HTTP/1.1" 200 223
INFO 2026-05-10 21:45:23,760 log 64826 139797990467264 "GET /api/v1/courses/admin/courses/ HTTP/1.1" 200 3596
INFO 2026-05-10 21:45:24,929 log 64826 139797998859968 "GET /api/v1/auth/profile/ HTTP/1.1" 200 218
INFO 2026-05-10 21:45:25,820 log 64826 139797990467264 "GET /api/v1/gamification/admin-stats/ HTTP/1.1" 200 223
INFO 2026-05-10 21:45:25,862 log 64826 139797223962304 "GET /api/v1/auth/notifications/ HTTP/1.1" 200 464
INFO 2026-05-10 21:45:25,930 log 64826 139797998859968 "GET /api/v1/courses/admin/courses/ HTTP/1.1" 200 3596
INFO 2026-05-10 21:45:58,626 log 64826 139797990467264 "GET /api/v1/auth/profile/ HTTP/1.1" 200 218
INFO 2026-05-10 21:45:58,721 log 64826 139797998859968 "GET /api/v1/auth/notifications/ HTTP/1.1" 200 464
INFO 2026-05-10 21:46:01,163 log 64826 139797990467264 "GET /api/v1/auth/notifications/ HTTP/1.1" 200 464
INFO 2026-05-10 21:46:01,182 log 64826 139797223962304 "GET /api/v1/auth/profile/ HTTP/1.1" 200 218
INFO 2026-05-10 21:46:01,221 log 64826 139797998859968 "GET /api/v1/courses/catalog/ HTTP/1.1" 200 1011
INFO 2026-05-10 21:46:01,241 log 64826 139797705234112 "GET /media/courses/thumbnails/ChatGPT_Image_18_abr_2026_12_07_38_a.m..png HTTP/1.1" 304 0
INFO 2026-05-10 21:46:01,258 log 64826 139797705234112 "GET /media/courses/thumbnails/Sin_t%C3%ADtulo.jpg HTTP/1.1" 304 0
INFO 2026-05-10 21:49:46,944 log 64826 139797705234112 "GET /api/v1/auth/notifications/ HTTP/1.1" 200 464
INFO 2026-05-10 21:52:42,167 log 64826 139797705234112 "OPTIONS /api/v1/auth/profile/ HTTP/1.1" 200 0
INFO 2026-05-10 21:52:42,255 log 64826 139797705234112 "GET /api/v1/auth/profile/ HTTP/1.1" 200 218
INFO 2026-05-10 21:52:42,344 log 64826 139797705234112 "OPTIONS /api/v1/auth/notifications/ HTTP/1.1" 200 0
INFO 2026-05-10 21:52:42,382 log 64826 139797705234112 "GET /api/v1/auth/notifications/ HTTP/1.1" 200 464
INFO 2026-05-10 21:52:43,808 log 64826 139797705234112 "OPTIONS /api/v1/auth/logout/ HTTP/1.1" 200 0
INFO 2026-05-10 21:52:43,971 log 64826 139797705234112 "POST /api/v1/auth/logout/ HTTP/1.1" 205 0
INFO 2026-05-10 22:13:37,289 log 64826 139797705234112 "OPTIONS /api/v1/auth/login/ HTTP/1.1" 200 0
INFO 2026-05-10 22:13:38,060 log 64826 139797705234112 "POST /api/v1/auth/login/ HTTP/1.1" 200 505
INFO 2026-05-10 22:13:38,144 log 64826 139797705234112 "OPTIONS /api/v1/auth/profile/ HTTP/1.1" 200 0
INFO 2026-05-10 22:13:38,206 log 64826 139797705234112 "GET /api/v1/auth/profile/ HTTP/1.1" 200 218
INFO 2026-05-10 22:13:38,318 log 64826 139797705234112 "OPTIONS /api/v1/gamification/dashboard/ HTTP/1.1" 200 0
INFO 2026-05-10 22:13:38,412 log 64826 139797705234112 "GET /api/v1/gamification/dashboard/ HTTP/1.1" 200 3738
INFO 2026-05-10 22:13:38,506 log 64826 139797705234112 "OPTIONS /api/v1/auth/notifications/ HTTP/1.1" 200 0
INFO 2026-05-10 22:13:38,538 log 64826 139797705234112 "GET /api/v1/auth/notifications/ HTTP/1.1" 200 464
INFO 2026-05-10 22:13:43,003 log 64826 139797705234112 "GET /api/v1/auth/notifications/ HTTP/1.1" 200 464
INFO 2026-05-10 22:13:43,010 log 64826 139797705234112 "OPTIONS /api/v1/courses/catalog/ HTTP/1.1" 200 0
INFO 2026-05-10 22:13:43,037 log 64826 139797206132416 "GET /api/v1/auth/profile/ HTTP/1.1" 200 218
INFO 2026-05-10 22:13:43,141 log 64826 139797705234112 "GET /api/v1/courses/catalog/ HTTP/1.1" 200 1011
INFO 2026-05-10 22:13:43,232 log 64826 139797189347008 "GET /media/courses/thumbnails/ChatGPT_Image_18_abr_2026_12_07_38_a.m..png HTTP/1.1" 304 0
INFO 2026-05-10 22:13:43,244 log 64826 139797197739712 "GET /media/courses/thumbnails/Sin_t%C3%ADtulo.jpg HTTP/1.1" 304 0
INFO 2026-05-10 22:13:44,583 log 64826 139797705234112 "GET /api/v1/auth/profile/ HTTP/1.1" 200 218
INFO 2026-05-10 22:13:44,601 log 64826 139797206132416 "GET /api/v1/auth/notifications/ HTTP/1.1" 200 464
INFO 2026-05-10 22:13:45,022 log 64826 139797705234112 "GET /api/v1/auth/notifications/ HTTP/1.1" 200 464
INFO 2026-05-10 22:13:45,048 log 64826 139797223962304 "GET /api/v1/auth/profile/ HTTP/1.1" 200 218
INFO 2026-05-10 22:13:45,093 log 64826 139797206132416 "GET /api/v1/courses/catalog/ HTTP/1.1" 200 1011
INFO 2026-05-10 22:13:48,470 log 64826 139797705234112 "GET /api/v1/gamification/dashboard/ HTTP/1.1" 200 3738
INFO 2026-05-10 22:13:48,549 log 64826 139797705234112 "GET /api/v1/auth/notifications/ HTTP/1.1" 200 464
INFO 2026-05-10 22:13:49,561 log 64826 139797705234112 "OPTIONS /api/v1/gamification/progress/ HTTP/1.1" 200 0
INFO 2026-05-10 22:13:49,622 log 64826 139797705234112 "GET /api/v1/gamification/progress/ HTTP/1.1" 200 1250
INFO 2026-05-10 22:13:49,708 log 64826 139797705234112 "GET /api/v1/auth/notifications/ HTTP/1.1" 200 464
INFO 2026-05-10 22:13:51,639 log 64826 139797223962304 "GET /api/v1/auth/profile/ HTTP/1.1" 200 218
INFO 2026-05-10 22:13:51,672 log 64826 139797705234112 "GET /api/v1/auth/notifications/ HTTP/1.1" 200 464
INFO 2026-05-10 22:13:51,717 log 64826 139797206132416 "GET /api/v1/courses/catalog/ HTTP/1.1" 200 1011
INFO 2026-05-10 22:13:52,617 log 64826 139797705234112 "GET /api/v1/auth/profile/ HTTP/1.1" 200 218
INFO 2026-05-10 22:13:52,639 log 64826 139797206132416 "GET /api/v1/auth/notifications/ HTTP/1.1" 200 464
INFO 2026-05-10 22:13:55,098 log 64826 139797223962304 "GET /api/v1/auth/profile/ HTTP/1.1" 200 218
INFO 2026-05-10 22:13:55,125 log 64826 139797705234112 "GET /api/v1/auth/notifications/ HTTP/1.1" 200 464
INFO 2026-05-10 22:13:55,157 log 64826 139797206132416 "GET /api/v1/courses/catalog/ HTTP/1.1" 200 1011
INFO 2026-05-10 22:13:56,571 log 64826 139797705234112 "GET /api/v1/gamification/dashboard/ HTTP/1.1" 200 3738
INFO 2026-05-10 22:13:56,627 log 64826 139797705234112 "GET /api/v1/auth/notifications/ HTTP/1.1" 200 464
INFO 2026-05-10 22:13:57,288 log 64826 139797705234112 "GET /api/v1/gamification/progress/ HTTP/1.1" 200 1250
INFO 2026-05-10 22:13:57,342 log 64826 139797705234112 "GET /api/v1/auth/notifications/ HTTP/1.1" 200 464
INFO 2026-05-10 22:14:03,081 log 64826 139797705234112 "GET /api/v1/gamification/dashboard/ HTTP/1.1" 200 3738
INFO 2026-05-10 22:14:03,142 log 64826 139797705234112 "GET /api/v1/auth/notifications/ HTTP/1.1" 200 464
INFO 2026-05-10 22:15:08,188 log 64826 139797705234112 "GET /api/v1/gamification/progress/ HTTP/1.1" 200 1250
INFO 2026-05-10 22:15:08,301 log 64826 139797705234112 "GET /api/v1/auth/notifications/ HTTP/1.1" 200 464
INFO 2026-05-10 22:15:08,833 log 64826 139797705234112 "GET /api/v1/auth/notifications/ HTTP/1.1" 200 464
INFO 2026-05-10 22:15:08,846 log 64826 139797223962304 "GET /api/v1/auth/profile/ HTTP/1.1" 200 218
INFO 2026-05-10 22:15:08,889 log 64826 139797206132416 "GET /api/v1/courses/catalog/ HTTP/1.1" 200 1011
INFO 2026-05-10 22:15:09,479 log 64826 139797705234112 "GET /api/v1/auth/profile/ HTTP/1.1" 200 218
INFO 2026-05-10 22:15:09,504 log 64826 139797206132416 "GET /api/v1/auth/notifications/ HTTP/1.1" 200 464
INFO 2026-05-10 22:15:11,128 log 64826 139797705234112 "GET /api/v1/gamification/dashboard/ HTTP/1.1" 200 3738
INFO 2026-05-10 22:15:11,200 log 64826 139797705234112 "GET /api/v1/auth/notifications/ HTTP/1.1" 200 464
INFO 2026-05-10 22:15:12,174 log 64826 139797705234112 "GET /api/v1/auth/profile/ HTTP/1.1" 200 218
INFO 2026-05-10 22:15:12,186 log 64826 139797206132416 "GET /api/v1/auth/notifications/ HTTP/1.1" 200 464
INFO 2026-05-10 22:15:12,970 log 64826 139797705234112 "GET /api/v1/auth/notifications/ HTTP/1.1" 200 464
INFO 2026-05-10 22:15:12,976 log 64826 139797223962304 "GET /api/v1/auth/profile/ HTTP/1.1" 200 218
INFO 2026-05-10 22:15:13,039 log 64826 139797206132416 "GET /api/v1/courses/catalog/ HTTP/1.1" 200 1011
INFO 2026-05-10 22:15:14,280 log 64826 139797705234112 "GET /api/v1/gamification/progress/ HTTP/1.1" 200 1250
INFO 2026-05-10 22:15:14,325 log 64826 139797705234112 "GET /api/v1/auth/notifications/ HTTP/1.1" 200 464
INFO 2026-05-10 22:15:16,343 log 64826 139797705234112 "GET /api/v1/auth/profile/ HTTP/1.1" 200 218
INFO 2026-05-10 22:15:16,361 log 64826 139797206132416 "GET /api/v1/auth/notifications/ HTTP/1.1" 200 464
INFO 2026-05-10 22:19:09,350 log 64826 139797206132416 "GET /api/v1/auth/profile/ HTTP/1.1" 200 218
INFO 2026-05-10 22:19:09,397 log 64826 139797206132416 "GET /api/v1/auth/profile/ HTTP/1.1" 200 218
INFO 2026-05-10 22:19:09,418 log 64826 139797223962304 "GET /api/v1/auth/notifications/ HTTP/1.1" 200 464
INFO 2026-05-10 22:19:15,350 log 64826 139797223962304 "GET /api/v1/gamification/dashboard/ HTTP/1.1" 200 3738
INFO 2026-05-10 22:19:15,427 log 64826 139797223962304 "GET /api/v1/auth/notifications/ HTTP/1.1" 200 464
INFO 2026-05-10 22:19:16,108 log 64826 139797223962304 "GET /api/v1/gamification/progress/ HTTP/1.1" 200 1250
INFO 2026-05-10 22:19:16,157 log 64826 139797223962304 "GET /api/v1/auth/notifications/ HTTP/1.1" 200 464
INFO 2026-05-10 22:19:16,827 log 64826 139797223962304 "GET /api/v1/auth/notifications/ HTTP/1.1" 200 464
INFO 2026-05-10 22:19:16,894 log 64826 139797197739712 "GET /api/v1/auth/profile/ HTTP/1.1" 200 218
INFO 2026-05-10 22:19:16,902 log 64826 139797206132416 "GET /api/v1/courses/catalog/ HTTP/1.1" 200 1011
INFO 2026-05-10 22:19:16,990 log 64826 139797189347008 "GET /media/courses/thumbnails/Sin_t%C3%ADtulo.jpg HTTP/1.1" 304 0
INFO 2026-05-10 22:19:17,518 log 64826 139797223962304 "GET /api/v1/auth/profile/ HTTP/1.1" 200 218
INFO 2026-05-10 22:19:17,542 log 64826 139797206132416 "GET /api/v1/auth/notifications/ HTTP/1.1" 200 464
INFO 2026-05-10 22:19:19,969 log 64826 139797223962304 "GET /api/v1/auth/notifications/ HTTP/1.1" 200 464
INFO 2026-05-10 22:19:19,992 log 64826 139797223962304 "OPTIONS /api/v1/courses/admin/courses/ HTTP/1.1" 200 0
INFO 2026-05-10 22:19:19,993 log 64826 139797206132416 "OPTIONS /api/v1/gamification/admin-stats/ HTTP/1.1" 200 0
INFO 2026-05-10 22:19:20,029 log 64826 139797206132416 "GET /api/v1/gamification/admin-stats/ HTTP/1.1" 200 223
INFO 2026-05-10 22:19:20,105 log 64826 139797223962304 "GET /api/v1/courses/admin/courses/ HTTP/1.1" 200 3596
INFO 2026-05-10 22:19:22,104 log 64826 139797223962304 "GET /api/v1/auth/profile/ HTTP/1.1" 200 218
INFO 2026-05-10 22:19:22,203 log 64826 139797223962304 "GET /api/v1/auth/notifications/ HTTP/1.1" 200 464
INFO 2026-05-12 06:39:46,614 autoreload 14203 140403498478528 Watching for file changes with StatReloader
INFO 2026-05-12 06:43:34,906 log 14203 140403245315776 "OPTIONS /api/v1/auth/profile/ HTTP/1.1" 200 0
WARNING 2026-05-12 06:43:35,204 log 14203 140403245315776 Unauthorized: /api/v1/auth/profile/
WARNING 2026-05-12 06:43:35,205 log 14203 140403245315776 "GET /api/v1/auth/profile/ HTTP/1.1" 401 172
INFO 2026-05-12 06:43:43,266 log 14203 140403245315776 "OPTIONS /api/v1/auth/login/ HTTP/1.1" 200 0
WARNING 2026-05-12 06:43:43,676 log 14203 140403245315776 Unauthorized: /api/v1/auth/login/
WARNING 2026-05-12 06:43:43,677 log 14203 140403245315776 "POST /api/v1/auth/login/ HTTP/1.1" 401 78
WARNING 2026-05-12 06:43:50,224 log 14203 140403245315776 Unauthorized: /api/v1/auth/login/
WARNING 2026-05-12 06:43:50,229 log 14203 140403245315776 "POST /api/v1/auth/login/ HTTP/1.1" 401 78
WARNING 2026-05-12 06:43:55,334 log 14203 140403245315776 Unauthorized: /api/v1/auth/login/
WARNING 2026-05-12 06:43:55,336 log 14203 140403245315776 "POST /api/v1/auth/login/ HTTP/1.1" 401 78
WARNING 2026-05-12 06:43:56,951 log 14203 140403245315776 Unauthorized: /api/v1/auth/login/
WARNING 2026-05-12 06:43:56,952 log 14203 140403245315776 "POST /api/v1/auth/login/ HTTP/1.1" 401 78
WARNING 2026-05-12 06:44:02,854 log 14203 140403245315776 Unauthorized: /api/v1/auth/login/
WARNING 2026-05-12 06:44:02,854 log 14203 140403245315776 "POST /api/v1/auth/login/ HTTP/1.1" 401 78
WARNING 2026-05-12 06:51:18,154 log 14203 140403245315776 Unauthorized: /api/v1/auth/login/
WARNING 2026-05-12 06:51:18,155 log 14203 140403245315776 "POST /api/v1/auth/login/ HTTP/1.1" 401 83
WARNING 2026-05-12 06:51:24,137 log 14203 140403245315776 Unauthorized: /api/v1/auth/login/
WARNING 2026-05-12 06:51:24,138 log 14203 140403245315776 "POST /api/v1/auth/login/ HTTP/1.1" 401 83
WARNING 2026-05-12 06:54:08,403 log 14203 140403245315776 Unauthorized: /api/v1/auth/login/
WARNING 2026-05-12 06:54:08,403 log 14203 140403245315776 "POST /api/v1/auth/login/ HTTP/1.1" 401 83
WARNING 2026-05-12 06:54:13,524 log 14203 140403245315776 Unauthorized: /api/v1/auth/login/
WARNING 2026-05-12 06:54:13,525 log 14203 140403245315776 "POST /api/v1/auth/login/ HTTP/1.1" 401 83
INFO 2026-05-12 06:54:35,054 autoreload 15666 139870402640832 Watching for file changes with StatReloader
INFO 2026-05-12 06:54:49,576 log 14203 140403245315776 "POST /api/v1/auth/login/ HTTP/1.1" 200 505
INFO 2026-05-12 06:54:49,625 log 14203 140403245315776 "GET /api/v1/auth/profile/ HTTP/1.1" 200 218
INFO 2026-05-12 06:54:49,807 log 14203 140403245315776 "OPTIONS /api/v1/gamification/dashboard/ HTTP/1.1" 200 0
INFO 2026-05-12 06:54:49,973 log 14203 140403245315776 "GET /api/v1/gamification/dashboard/ HTTP/1.1" 200 549
INFO 2026-05-12 06:54:50,126 log 14203 140403245315776 "OPTIONS /api/v1/auth/notifications/ HTTP/1.1" 200 0
INFO 2026-05-12 06:54:50,150 log 14203 140403245315776 "GET /api/v1/auth/notifications/ HTTP/1.1" 200 258
INFO 2026-05-12 06:54:53,504 log 14203 140403235874496 "GET /api/v1/auth/profile/ HTTP/1.1" 200 218
INFO 2026-05-12 06:54:53,509 log 14203 140403245315776 "GET /api/v1/auth/notifications/ HTTP/1.1" 200 258
INFO 2026-05-12 06:54:53,518 log 14203 140403151992512 "OPTIONS /api/v1/courses/catalog/ HTTP/1.1" 200 0
INFO 2026-05-12 06:54:53,579 log 14203 140403235874496 "GET /api/v1/courses/catalog/ HTTP/1.1" 200 593
WARNING 2026-05-12 06:54:55,156 log 14203 140403135207104 Not Found: /media/https:/example.com/python.png
WARNING 2026-05-12 06:54:55,153 log 14203 140403143599808 Not Found: /media/https:/example.com/django.png
WARNING 2026-05-12 06:54:55,157 log 14203 140403135207104 "GET /media/https%3A/example.com/python.png HTTP/1.1" 404 4272
WARNING 2026-05-12 06:54:55,160 log 14203 140403143599808 "GET /media/https%3A/example.com/django.png HTTP/1.1" 404 4272
INFO 2026-05-12 06:55:01,913 log 14203 140403235874496 "GET /api/v1/gamification/dashboard/ HTTP/1.1" 200 549
INFO 2026-05-12 06:55:01,960 log 14203 140403235874496 "GET /api/v1/auth/notifications/ HTTP/1.1" 200 258
INFO 2026-05-12 06:55:03,185 log 14203 140403235874496 "GET /api/v1/auth/notifications/ HTTP/1.1" 200 258
INFO 2026-05-12 06:55:03,270 log 14203 140403235874496 "OPTIONS /api/v1/gamification/admin-stats/ HTTP/1.1" 200 0
INFO 2026-05-12 06:55:03,275 log 14203 140403151992512 "OPTIONS /api/v1/courses/admin/courses/ HTTP/1.1" 200 0
WARNING 2026-05-12 06:55:03,299 log 14203 140403235874496 Forbidden: /api/v1/gamification/admin-stats/
WARNING 2026-05-12 06:55:03,300 log 14203 140403235874496 "GET /api/v1/gamification/admin-stats/ HTTP/1.1" 403 63
WARNING 2026-05-12 06:55:03,310 log 14203 140403151992512 Forbidden: /api/v1/courses/admin/courses/
WARNING 2026-05-12 06:55:03,313 log 14203 140403151992512 "GET /api/v1/courses/admin/courses/ HTTP/1.1" 403 63
INFO 2026-05-12 06:55:16,423 log 14203 140403235874496 "GET /api/v1/gamification/dashboard/ HTTP/1.1" 200 549
INFO 2026-05-12 06:55:16,472 log 14203 140403235874496 "GET /api/v1/auth/notifications/ HTTP/1.1" 200 258
INFO 2026-05-12 06:55:17,617 log 14203 140403235874496 "GET /api/v1/auth/notifications/ HTTP/1.1" 200 258
INFO 2026-05-12 06:55:17,642 log 14203 140403245315776 "GET /api/v1/auth/profile/ HTTP/1.1" 200 218
INFO 2026-05-12 06:55:17,671 log 14203 140403151992512 "GET /api/v1/courses/catalog/ HTTP/1.1" 200 593
WARNING 2026-05-12 06:55:17,724 log 14203 140403135207104 Not Found: /media/https:/example.com/django.png
WARNING 2026-05-12 06:55:17,725 log 14203 140403135207104 "GET /media/https%3A/example.com/django.png HTTP/1.1" 404 4272
WARNING 2026-05-12 06:55:17,732 log 14203 140403143599808 Not Found: /media/https:/example.com/python.png
WARNING 2026-05-12 06:55:17,735 log 14203 140403143599808 "GET /media/https%3A/example.com/python.png HTTP/1.1" 404 4272
INFO 2026-05-12 06:55:21,393 log 14203 140403235874496 "OPTIONS /api/v1/courses/catalog/python-desde-cero/ HTTP/1.1" 200 0
INFO 2026-05-12 06:55:21,470 log 14203 140403151992512 "GET /api/v1/courses/catalog/python-desde-cero/ HTTP/1.1" 200 837
WARNING 2026-05-12 06:55:21,491 log 14203 140403135207104 Not Found: /media/https:/example.com/python.png
WARNING 2026-05-12 06:55:21,491 log 14203 140403135207104 "GET /media/https%3A/example.com/python.png HTTP/1.1" 404 4272
INFO 2026-05-12 06:55:22,077 log 14203 140403151992512 "OPTIONS /api/v1/courses/lessons/1/video/ HTTP/1.1" 200 0
INFO 2026-05-12 06:55:22,107 log 14203 140403151992512 "GET /api/v1/courses/lessons/1/video/ HTTP/1.1" 200 83
INFO 2026-05-12 06:55:24,840 log 14203 140403245315776 "GET /api/v1/auth/profile/ HTTP/1.1" 200 218
INFO 2026-05-12 06:55:24,863 log 14203 140403151992512 "GET /api/v1/auth/notifications/ HTTP/1.1" 200 258
INFO 2026-05-12 06:55:24,887 log 14203 140403235874496 "GET /api/v1/courses/catalog/ HTTP/1.1" 200 593
WARNING 2026-05-12 06:55:24,919 log 14203 140403143599808 Not Found: /media/https:/example.com/django.png
WARNING 2026-05-12 06:55:24,921 log 14203 140403143599808 "GET /media/https%3A/example.com/django.png HTTP/1.1" 404 4272
WARNING 2026-05-12 06:55:24,928 log 14203 140403135207104 Not Found: /media/https:/example.com/python.png
WARNING 2026-05-12 06:55:24,930 log 14203 140403135207104 "GET /media/https%3A/example.com/python.png HTTP/1.1" 404 4272
INFO 2026-05-12 06:55:26,167 log 14203 140403151992512 "GET /api/v1/auth/profile/ HTTP/1.1" 200 218
INFO 2026-05-12 06:55:26,184 log 14203 140403235874496 "GET /api/v1/auth/notifications/ HTTP/1.1" 200 258
WARNING 2026-05-12 06:55:27,444 log 14203 140403151992512 Forbidden: /api/v1/gamification/admin-stats/
WARNING 2026-05-12 06:55:27,448 log 14203 140403151992512 "GET /api/v1/gamification/admin-stats/ HTTP/1.1" 403 63
INFO 2026-05-12 06:55:27,447 log 14203 140403245315776 "GET /api/v1/auth/notifications/ HTTP/1.1" 200 258
WARNING 2026-05-12 06:55:27,458 log 14203 140403235874496 Forbidden: /api/v1/courses/admin/courses/
WARNING 2026-05-12 06:55:27,459 log 14203 140403235874496 "GET /api/v1/courses/admin/courses/ HTTP/1.1" 403 63
WARNING 2026-05-12 06:55:55,674 log 14203 140403151992512 Forbidden: /api/v1/courses/admin/courses/
WARNING 2026-05-12 06:55:55,674 log 14203 140403151992512 "POST /api/v1/courses/admin/courses/ HTTP/1.1" 403 63
WARNING 2026-05-12 06:56:03,497 log 14203 140403151992512 Forbidden: /api/v1/courses/admin/courses/
WARNING 2026-05-12 06:56:03,498 log 14203 140403151992512 "POST /api/v1/courses/admin/courses/ HTTP/1.1" 403 63
WARNING 2026-05-12 06:56:10,750 log 14203 140403151992512 Forbidden: /api/v1/courses/admin/courses/
WARNING 2026-05-12 06:56:10,750 log 14203 140403151992512 "POST /api/v1/courses/admin/courses/ HTTP/1.1" 403 63
WARNING 2026-05-12 06:56:19,736 log 14203 140403151992512 Forbidden: /api/v1/courses/admin/courses/
WARNING 2026-05-12 06:56:19,736 log 14203 140403151992512 "POST /api/v1/courses/admin/courses/ HTTP/1.1" 403 63
WARNING 2026-05-12 06:56:27,386 log 14203 140403151992512 Forbidden: /api/v1/courses/admin/courses/
WARNING 2026-05-12 06:56:27,391 log 14203 140403151992512 "POST /api/v1/courses/admin/courses/ HTTP/1.1" 403 63
INFO 2026-05-12 06:56:42,361 log 14203 140403151992512 "GET /api/v1/auth/profile/ HTTP/1.1" 200 218
INFO 2026-05-12 06:56:42,384 log 14203 140403235874496 "GET /api/v1/auth/notifications/ HTTP/1.1" 200 258
INFO 2026-05-12 06:56:44,543 log 14203 140403151992512 "GET /api/v1/gamification/dashboard/ HTTP/1.1" 200 549
INFO 2026-05-12 06:56:44,583 log 14203 140403151992512 "GET /api/v1/auth/notifications/ HTTP/1.1" 200 258
INFO 2026-05-12 06:56:48,404 log 14203 140403151992512 "GET /api/v1/auth/notifications/ HTTP/1.1" 200 258
INFO 2026-05-12 06:56:48,428 log 14203 140403245315776 "GET /api/v1/auth/profile/ HTTP/1.1" 200 218
INFO 2026-05-12 06:56:48,459 log 14203 140403235874496 "GET /api/v1/courses/catalog/ HTTP/1.1" 200 593
WARNING 2026-05-12 06:56:48,500 log 14203 140403143599808 Not Found: /media/https:/example.com/django.png
WARNING 2026-05-12 06:56:48,501 log 14203 140403143599808 "GET /media/https%3A/example.com/django.png HTTP/1.1" 404 4272
WARNING 2026-05-12 06:56:48,518 log 14203 140403135207104 Not Found: /media/https:/example.com/python.png
WARNING 2026-05-12 06:56:48,521 log 14203 140403135207104 "GET /media/https%3A/example.com/python.png HTTP/1.1" 404 4272
INFO 2026-05-12 06:56:54,743 log 14203 140403151992512 "GET /api/v1/auth/profile/ HTTP/1.1" 200 218
INFO 2026-05-12 06:56:54,764 log 14203 140403235874496 "GET /api/v1/auth/notifications/ HTTP/1.1" 200 258
WARNING 2026-05-12 06:56:55,575 log 14203 140403151992512 Forbidden: /api/v1/gamification/admin-stats/
WARNING 2026-05-12 06:56:55,578 log 14203 140403151992512 "GET /api/v1/gamification/admin-stats/ HTTP/1.1" 403 63
WARNING 2026-05-12 06:56:55,592 log 14203 140403235874496 Forbidden: /api/v1/courses/admin/courses/
WARNING 2026-05-12 06:56:55,595 log 14203 140403235874496 "GET /api/v1/courses/admin/courses/ HTTP/1.1" 403 63
INFO 2026-05-12 06:56:55,612 log 14203 140403245315776 "GET /api/v1/auth/notifications/ HTTP/1.1" 200 258
WARNING 2026-05-12 06:57:11,687 log 14203 140403151992512 Forbidden: /api/v1/courses/admin/courses/
WARNING 2026-05-12 06:57:11,687 log 14203 140403151992512 "POST /api/v1/courses/admin/courses/ HTTP/1.1" 403 63
WARNING 2026-05-12 06:57:14,070 log 14203 140403151992512 Forbidden: /api/v1/courses/admin/courses/
WARNING 2026-05-12 06:57:14,073 log 14203 140403151992512 "POST /api/v1/courses/admin/courses/ HTTP/1.1" 403 63
INFO 2026-05-12 07:02:19,497 log 14203 140403151992512 "GET /api/v1/auth/profile/ HTTP/1.1" 200 218
INFO 2026-05-12 07:02:19,592 log 14203 140403151992512 "GET /api/v1/auth/notifications/ HTTP/1.1" 200 258
INFO 2026-05-12 07:02:21,040 log 14203 140403151992512 "OPTIONS /api/v1/auth/logout/ HTTP/1.1" 200 0
INFO 2026-05-12 07:02:21,165 log 14203 140403151992512 "POST /api/v1/auth/logout/ HTTP/1.1" 205 0
WARNING 2026-05-12 07:02:28,309 log 14203 140403151992512 Unauthorized: /api/v1/auth/login/
WARNING 2026-05-12 07:02:28,310 log 14203 140403151992512 "POST /api/v1/auth/login/ HTTP/1.1" 401 83
WARNING 2026-05-12 07:02:35,560 log 14203 140403151992512 Unauthorized: /api/v1/auth/login/
WARNING 2026-05-12 07:02:35,560 log 14203 140403151992512 "POST /api/v1/auth/login/ HTTP/1.1" 401 83
WARNING 2026-05-12 07:02:42,459 log 14203 140403151992512 Unauthorized: /api/v1/auth/login/
WARNING 2026-05-12 07:02:42,459 log 14203 140403151992512 "POST /api/v1/auth/login/ HTTP/1.1" 401 83
WARNING 2026-05-12 07:03:40,602 log 14203 140403151992512 Unauthorized: /api/v1/auth/login/
WARNING 2026-05-12 07:03:40,603 log 14203 140403151992512 "POST /api/v1/auth/login/ HTTP/1.1" 401 83
WARNING 2026-05-12 07:03:47,704 log 14203 140403151992512 Unauthorized: /api/v1/auth/login/
WARNING 2026-05-12 07:03:47,705 log 14203 140403151992512 "POST /api/v1/auth/login/ HTTP/1.1" 401 83
WARNING 2026-05-12 07:03:48,954 log 14203 140403151992512 Unauthorized: /api/v1/auth/login/
WARNING 2026-05-12 07:03:48,957 log 14203 140403151992512 "POST /api/v1/auth/login/ HTTP/1.1" 401 83
WARNING 2026-05-12 07:03:50,288 log 14203 140403151992512 Unauthorized: /api/v1/auth/login/
WARNING 2026-05-12 07:03:50,289 log 14203 140403151992512 "POST /api/v1/auth/login/ HTTP/1.1" 401 83
INFO 2026-05-12 07:05:58,436 log 14203 140403151992512 "POST /api/v1/auth/login/ HTTP/1.1" 200 505
INFO 2026-05-12 07:05:58,483 log 14203 140403151992512 "GET /api/v1/auth/profile/ HTTP/1.1" 200 218
INFO 2026-05-12 07:05:58,623 log 14203 140403151992512 "GET /api/v1/gamification/dashboard/ HTTP/1.1" 200 549
INFO 2026-05-12 07:05:58,673 log 14203 140403151992512 "GET /api/v1/auth/notifications/ HTTP/1.1" 200 252
INFO 2026-05-12 07:06:01,892 log 14203 140403151992512 "GET /api/v1/auth/notifications/ HTTP/1.1" 200 252
INFO 2026-05-12 07:06:01,973 log 14203 140403245315776 "GET /api/v1/courses/admin/courses/ HTTP/1.1" 200 1549
INFO 2026-05-12 07:06:02,103 log 14203 140403235874496 "GET /api/v1/gamification/admin-stats/ HTTP/1.1" 200 166
INFO 2026-05-12 07:06:08,995 log 14203 140403245315776 "OPTIONS /api/v1/courses/admin/courses/2/sections/ HTTP/1.1" 200 0
INFO 2026-05-12 07:06:09,027 log 14203 140403245315776 "GET /api/v1/courses/admin/courses/2/sections/ HTTP/1.1" 200 276
INFO 2026-05-12 07:06:09,914 log 14203 140403245315776 "OPTIONS /api/v1/courses/admin/courses/1/sections/ HTTP/1.1" 200 0
INFO 2026-05-12 07:06:09,951 log 14203 140403245315776 "GET /api/v1/courses/admin/courses/1/sections/ HTTP/1.1" 200 478
INFO 2026-05-12 07:06:11,550 log 14203 140403245315776 "OPTIONS /api/v1/courses/admin/sections/1/lessons/ HTTP/1.1" 200 0
INFO 2026-05-12 07:06:11,577 log 14203 140403245315776 "GET /api/v1/courses/admin/sections/1/lessons/ HTTP/1.1" 200 414
INFO 2026-05-12 07:06:30,727 log 14203 140403245315776 "OPTIONS /api/v1/courses/admin/courses/1/ HTTP/1.1" 200 0
INFO 2026-05-12 07:06:32,778 log 14203 140403245315776 "PUT /api/v1/courses/admin/courses/1/ HTTP/1.1" 200 903
INFO 2026-05-12 07:06:32,891 log 14203 140403235874496 "GET /api/v1/courses/admin/courses/1/sections/ HTTP/1.1" 200 478
INFO 2026-05-12 07:06:32,893 log 14203 140403245315776 "GET /api/v1/courses/admin/courses/ HTTP/1.1" 200 1587
INFO 2026-05-12 07:06:33,115 log 14203 140403245315776 "PUT /api/v1/courses/admin/courses/1/ HTTP/1.1" 200 903
INFO 2026-05-12 07:06:33,170 log 14203 140403235874496 "GET /api/v1/courses/admin/courses/1/sections/ HTTP/1.1" 200 478
INFO 2026-05-12 07:06:33,186 log 14203 140403245315776 "GET /api/v1/courses/admin/courses/ HTTP/1.1" 200 1587
INFO 2026-05-12 07:06:41,869 log 14203 140403245315776 "GET /api/v1/auth/profile/ HTTP/1.1" 200 218
INFO 2026-05-12 07:06:41,962 log 14203 140403245315776 "GET /api/v1/auth/profile/ HTTP/1.1" 200 218
INFO 2026-05-12 07:06:42,082 log 14203 140403245315776 "GET /api/v1/auth/notifications/ HTTP/1.1" 200 252
INFO 2026-05-12 07:06:43,890 log 14203 140403245315776 "GET /api/v1/auth/notifications/ HTTP/1.1" 200 252
INFO 2026-05-12 07:06:43,924 log 14203 140403245315776 "GET /api/v1/auth/profile/ HTTP/1.1" 200 218
INFO 2026-05-12 07:06:44,873 log 14203 140403245315776 "GET /api/v1/courses/catalog/ HTTP/1.1" 200 631
WARNING 2026-05-12 07:06:44,908 log 14203 140403135207104 Not Found: /media/https:/example.com/django.png
WARNING 2026-05-12 07:06:44,909 log 14203 140403135207104 "GET /media/https%3A/example.com/django.png HTTP/1.1" 404 4272
INFO 2026-05-12 07:06:44,916 log 14203 140403135207104 "GET /media/courses/thumbnails/ChatGPT_Image_18_abr_2026_12_07_38_a_yN0we2L.m..png HTTP/1.1" 200 189299
INFO 2026-05-12 07:06:47,088 log 14203 140403245315776 "GET /api/v1/courses/catalog/python-desde-cero/ HTTP/1.1" 200 875
INFO 2026-05-12 07:06:47,407 log 14203 140403245315776 "GET /api/v1/courses/lessons/1/video/ HTTP/1.1" 200 83
INFO 2026-05-12 07:06:53,818 log 14203 140403245315776 "OPTIONS /api/v1/learning/enrollments/ HTTP/1.1" 200 0
INFO 2026-05-12 07:06:54,619 log 14203 140403245315776 "POST /api/v1/learning/enrollments/ HTTP/1.1" 201 67
INFO 2026-05-12 07:06:54,727 log 14203 140403245315776 "GET /api/v1/courses/catalog/python-desde-cero/ HTTP/1.1" 200 874
INFO 2026-05-12 07:06:54,804 log 14203 140403245315776 "GET /api/v1/courses/lessons/1/video/ HTTP/1.1" 200 83
INFO 2026-05-12 07:07:29,087 log 14203 140403245315776 "OPTIONS /api/v1/courses/lessons/2/video/ HTTP/1.1" 200 0
INFO 2026-05-12 07:07:29,115 log 14203 140403245315776 "GET /api/v1/courses/lessons/2/video/ HTTP/1.1" 200 83
INFO 2026-05-12 07:07:32,605 log 14203 140403245315776 "GET /api/v1/courses/lessons/1/video/ HTTP/1.1" 200 83
INFO 2026-05-12 07:07:58,571 log 14203 140403245315776 "GET /api/v1/courses/admin/sections/1/lessons/ HTTP/1.1" 200 414
INFO 2026-05-12 07:08:09,453 log 14203 140403245315776 "OPTIONS /api/v1/courses/admin/lessons/1/ HTTP/1.1" 200 0
INFO 2026-05-12 07:08:09,670 log 14203 140403245315776 "PUT /api/v1/courses/admin/lessons/1/ HTTP/1.1" 200 215
INFO 2026-05-12 07:08:09,726 log 14203 140403245315776 "OPTIONS /api/v1/courses/admin/lessons/1/upload-video/ HTTP/1.1" 200 0
INFO 2026-05-12 07:08:10,931 log 14203 140403245315776 "POST /api/v1/courses/admin/lessons/1/upload-video/ HTTP/1.1" 201 654
INFO 2026-05-12 07:08:11,006 log 14203 140403245315776 "GET /api/v1/courses/admin/sections/1/lessons/ HTTP/1.1" 200 413
INFO 2026-05-12 07:08:18,644 log 14203 140403245315776 "GET /api/v1/courses/catalog/python-desde-cero/ HTTP/1.1" 200 873
INFO 2026-05-12 07:08:18,840 log 14203 140403245315776 "GET /api/v1/courses/lessons/1/video/ HTTP/1.1" 200 611
INFO 2026-05-12 07:08:19,410 log 14203 140403135207104 "GET /media/videos/2026/05/12/Qu%C3%A9_es_Programar_y_para_qu%C3%A9_sirve_.mp4 HTTP/1.1" 200 19956166
INFO 2026-05-12 07:08:21,951 log 14203 140403245315776 "OPTIONS /api/v1/courses/videos/1/status/ HTTP/1.1" 200 0
INFO 2026-05-12 07:08:21,979 log 14203 140403245315776 "GET /api/v1/courses/videos/1/status/ HTTP/1.1" 200 259
INFO 2026-05-12 07:08:24,984 log 14203 140403245315776 "GET /api/v1/courses/videos/1/status/ HTTP/1.1" 200 259
INFO 2026-05-12 07:08:27,989 log 14203 140403245315776 "GET /api/v1/courses/videos/1/status/ HTTP/1.1" 200 259
INFO 2026-05-12 07:08:31,023 log 14203 140403245315776 "GET /api/v1/courses/videos/1/status/ HTTP/1.1" 200 259
INFO 2026-05-12 07:08:34,127 log 14203 140403245315776 "GET /api/v1/courses/videos/1/status/ HTTP/1.1" 200 259
INFO 2026-05-12 07:08:37,033 log 14203 140403245315776 "GET /api/v1/courses/videos/1/status/ HTTP/1.1" 200 259
INFO 2026-05-12 07:08:40,026 log 14203 140403245315776 "GET /api/v1/courses/videos/1/status/ HTTP/1.1" 200 259
INFO 2026-05-12 07:08:43,055 log 14203 140403245315776 "GET /api/v1/courses/videos/1/status/ HTTP/1.1" 200 259
INFO 2026-05-12 07:08:46,176 log 14203 140403245315776 "GET /api/v1/courses/videos/1/status/ HTTP/1.1" 200 259
INFO 2026-05-12 07:08:49,201 log 14203 140403245315776 "GET /api/v1/courses/videos/1/status/ HTTP/1.1" 200 259
INFO 2026-05-12 07:08:52,226 log 14203 140403245315776 "GET /api/v1/courses/videos/1/status/ HTTP/1.1" 200 259
INFO 2026-05-12 07:08:55,251 log 14203 140403245315776 "GET /api/v1/courses/videos/1/status/ HTTP/1.1" 200 259
INFO 2026-05-12 07:08:58,297 log 14203 140403245315776 "GET /api/v1/courses/videos/1/status/ HTTP/1.1" 200 259
INFO 2026-05-12 07:09:01,397 log 14203 140403245315776 "GET /api/v1/courses/videos/1/status/ HTTP/1.1" 200 259
INFO 2026-05-12 07:09:04,448 log 14203 140403245315776 "GET /api/v1/courses/videos/1/status/ HTTP/1.1" 200 259
INFO 2026-05-12 07:09:07,473 log 14203 140403245315776 "GET /api/v1/courses/videos/1/status/ HTTP/1.1" 200 259
INFO 2026-05-12 07:09:10,605 log 14203 140403245315776 "GET /api/v1/courses/videos/1/status/ HTTP/1.1" 200 259
INFO 2026-05-12 07:09:13,549 log 14203 140403245315776 "GET /api/v1/courses/videos/1/status/ HTTP/1.1" 200 259
INFO 2026-05-12 07:09:16,552 log 14203 140403245315776 "GET /api/v1/courses/videos/1/status/ HTTP/1.1" 200 259
INFO 2026-05-12 07:09:19,682 log 14203 140403245315776 "GET /api/v1/courses/videos/1/status/ HTTP/1.1" 200 259
INFO 2026-05-12 07:09:22,649 log 14203 140403245315776 "GET /api/v1/courses/videos/1/status/ HTTP/1.1" 200 259
INFO 2026-05-12 07:09:25,621 log 14203 140403245315776 "GET /api/v1/courses/videos/1/status/ HTTP/1.1" 200 259
INFO 2026-05-12 07:09:28,768 log 14203 140403245315776 "GET /api/v1/courses/videos/1/status/ HTTP/1.1" 200 259
INFO 2026-05-12 07:09:31,708 log 14203 140403245315776 "GET /api/v1/courses/videos/1/status/ HTTP/1.1" 200 259
INFO 2026-05-12 07:09:34,686 log 14203 140403245315776 "GET /api/v1/courses/videos/1/status/ HTTP/1.1" 200 277
INFO 2026-05-12 07:09:34,854 log 14203 140403245315776 "GET /api/v1/courses/lessons/1/video/ HTTP/1.1" 200 9608
INFO 2026-05-12 07:13:56,699 log 14203 140403245315776 "DELETE /api/v1/courses/admin/lessons/1/ HTTP/1.1" 204 0
INFO 2026-05-12 07:13:56,758 log 14203 140403245315776 "GET /api/v1/courses/admin/sections/1/lessons/ HTTP/1.1" 200 197
INFO 2026-05-12 07:14:01,785 log 14203 140403245315776 "GET /api/v1/courses/catalog/python-desde-cero/ HTTP/1.1" 200 657
INFO 2026-05-12 07:14:01,832 log 14203 140403245315776 "GET /api/v1/courses/lessons/2/video/ HTTP/1.1" 200 83
INFO 2026-05-12 07:14:06,304 log 14203 140403245315776 "GET /api/v1/gamification/admin-stats/ HTTP/1.1" 200 166
INFO 2026-05-12 07:14:06,339 log 14203 140403235874496 "GET /api/v1/auth/profile/ HTTP/1.1" 200 218
INFO 2026-05-12 07:14:06,357 log 14203 140403135207104 "GET /api/v1/auth/notifications/ HTTP/1.1" 200 252
INFO 2026-05-12 07:14:06,364 log 14203 140403151992512 "GET /api/v1/courses/admin/courses/ HTTP/1.1" 200 1370
INFO 2026-05-12 07:14:10,095 log 14203 140403151992512 "GET /api/v1/courses/admin/courses/1/sections/ HTTP/1.1" 200 261
INFO 2026-05-12 07:14:11,691 log 14203 140403151992512 "GET /api/v1/courses/admin/sections/1/lessons/ HTTP/1.1" 200 197
INFO 2026-05-12 07:14:20,271 log 14203 140403151992512 "OPTIONS /api/v1/courses/admin/lessons/2/ HTTP/1.1" 200 0
INFO 2026-05-12 07:14:20,403 log 14203 140403151992512 "PUT /api/v1/courses/admin/lessons/2/ HTTP/1.1" 200 195
INFO 2026-05-12 07:14:20,463 log 14203 140403151992512 "OPTIONS /api/v1/courses/admin/lessons/2/upload-video/ HTTP/1.1" 200 0
INFO 2026-05-12 07:14:20,899 log 14203 140403151992512 "POST /api/v1/courses/admin/lessons/2/upload-video/ HTTP/1.1" 201 662
INFO 2026-05-12 07:14:21,008 log 14203 140403151992512 "GET /api/v1/courses/admin/sections/1/lessons/ HTTP/1.1" 200 197
INFO 2026-05-12 07:14:26,354 log 14203 140403151992512 "GET /api/v1/courses/catalog/python-desde-cero/ HTTP/1.1" 200 657
INFO 2026-05-12 07:14:26,452 log 14203 140403151992512 "GET /api/v1/courses/lessons/2/video/ HTTP/1.1" 200 619
INFO 2026-05-12 07:14:29,618 log 14203 140403151992512 "OPTIONS /api/v1/courses/videos/2/status/ HTTP/1.1" 200 0
INFO 2026-05-12 07:14:29,676 log 14203 140403151992512 "GET /api/v1/courses/videos/2/status/ HTTP/1.1" 200 259
INFO 2026-05-12 07:14:32,671 log 14203 140403151992512 "GET /api/v1/courses/videos/2/status/ HTTP/1.1" 200 259
INFO 2026-05-12 07:14:35,543 log 14203 140403151992512 "GET /api/v1/courses/videos/2/status/ HTTP/1.1" 200 259
INFO 2026-05-12 07:14:38,561 log 14203 140403151992512 "GET /api/v1/courses/videos/2/status/ HTTP/1.1" 200 259
INFO 2026-05-12 07:14:41,554 log 14203 140403151992512 "GET /api/v1/courses/videos/2/status/ HTTP/1.1" 200 259
INFO 2026-05-12 07:14:44,615 log 14203 140403151992512 "GET /api/v1/courses/videos/2/status/ HTTP/1.1" 200 259
INFO 2026-05-12 07:14:47,615 log 14203 140403151992512 "GET /api/v1/courses/videos/2/status/ HTTP/1.1" 200 259
INFO 2026-05-12 07:14:50,614 log 14203 140403151992512 "GET /api/v1/courses/videos/2/status/ HTTP/1.1" 200 259
INFO 2026-05-12 07:14:53,657 log 14203 140403151992512 "GET /api/v1/courses/videos/2/status/ HTTP/1.1" 200 259
INFO 2026-05-12 07:14:56,620 log 14203 140403151992512 "GET /api/v1/courses/videos/2/status/ HTTP/1.1" 200 259
INFO 2026-05-12 07:14:59,626 log 14203 140403151992512 "GET /api/v1/courses/videos/2/status/ HTTP/1.1" 200 259
INFO 2026-05-12 07:15:02,618 log 14203 140403151992512 "GET /api/v1/courses/videos/2/status/ HTTP/1.1" 200 259
INFO 2026-05-12 07:15:05,618 log 14203 140403151992512 "GET /api/v1/courses/videos/2/status/ HTTP/1.1" 200 259
INFO 2026-05-12 07:15:08,609 log 14203 140403151992512 "GET /api/v1/courses/videos/2/status/ HTTP/1.1" 200 277
INFO 2026-05-12 07:15:08,675 log 14203 140403151992512 "GET /api/v1/courses/lessons/2/video/ HTTP/1.1" 200 9617
INFO 2026-05-12 07:17:26,054 log 14203 140403151992512 "DELETE /api/v1/courses/admin/lessons/2/ HTTP/1.1" 204 0
INFO 2026-05-12 07:17:26,101 log 14203 140403151992512 "GET /api/v1/courses/admin/sections/1/lessons/ HTTP/1.1" 200 2
INFO 2026-05-12 07:17:29,317 log 14203 140403151992512 "GET /api/v1/auth/profile/ HTTP/1.1" 200 218
INFO 2026-05-12 07:17:29,320 log 14203 140403245315776 "GET /api/v1/courses/admin/courses/ HTTP/1.1" 200 1175
INFO 2026-05-12 07:17:29,342 log 14203 140403135207104 "GET /api/v1/auth/notifications/ HTTP/1.1" 200 252
INFO 2026-05-12 07:17:29,360 log 14203 140403235874496 "GET /api/v1/gamification/admin-stats/ HTTP/1.1" 200 166
INFO 2026-05-12 07:17:32,300 log 14203 140403245315776 "GET /api/v1/courses/admin/courses/1/sections/ HTTP/1.1" 200 66
INFO 2026-05-12 07:17:33,785 log 14203 140403245315776 "GET /api/v1/courses/admin/sections/1/lessons/ HTTP/1.1" 200 2
INFO 2026-05-12 07:17:42,539 log 14203 140403245315776 "GET /api/v1/courses/admin/sections/1/lessons/ HTTP/1.1" 200 2
INFO 2026-05-12 07:17:43,955 log 14203 140403245315776 "GET /api/v1/courses/admin/sections/1/lessons/ HTTP/1.1" 200 2
INFO 2026-05-12 07:18:05,304 log 14203 140403245315776 "POST /api/v1/courses/admin/sections/1/lessons/ HTTP/1.1" 201 177
INFO 2026-05-12 07:18:05,328 log 14203 140403245315776 "OPTIONS /api/v1/courses/admin/lessons/4/upload-video/ HTTP/1.1" 200 0
INFO 2026-05-12 07:18:05,750 log 14203 140403245315776 "POST /api/v1/courses/admin/lessons/4/upload-video/ HTTP/1.1" 201 662
INFO 2026-05-12 07:18:05,842 log 14203 140403245315776 "GET /api/v1/courses/admin/sections/1/lessons/ HTTP/1.1" 200 179
INFO 2026-05-12 07:18:26,199 log 14203 140403245315776 "GET /api/v1/auth/profile/ HTTP/1.1" 200 218
INFO 2026-05-12 07:18:26,523 log 14203 140403245315776 "GET /api/v1/auth/notifications/ HTTP/1.1" 200 252
INFO 2026-05-12 07:18:26,559 log 14203 140403135207104 "GET /api/v1/auth/profile/ HTTP/1.1" 200 218
INFO 2026-05-12 07:18:26,723 log 14203 140403245315776 "GET /api/v1/courses/catalog/ HTTP/1.1" 200 631
INFO 2026-05-12 07:18:26,932 log 14203 140403096393408 "GET /media/courses/thumbnails/ChatGPT_Image_18_abr_2026_12_07_38_a_yN0we2L.m..png HTTP/1.1" 304 0
WARNING 2026-05-12 07:18:27,003 log 14203 140403104786112 Not Found: /media/https:/example.com/django.png
WARNING 2026-05-12 07:18:27,014 log 14203 140403104786112 "GET /media/https%3A/example.com/django.png HTTP/1.1" 404 4272
INFO 2026-05-12 07:18:29,850 log 14203 140403245315776 "GET /api/v1/courses/catalog/python-desde-cero/ HTTP/1.1" 200 639
INFO 2026-05-12 07:18:29,899 log 14203 140403245315776 "OPTIONS /api/v1/courses/lessons/4/video/ HTTP/1.1" 200 0
INFO 2026-05-12 07:18:29,968 log 14203 140403245315776 "GET /api/v1/courses/lessons/4/video/ HTTP/1.1" 200 619
INFO 2026-05-12 07:18:30,590 log 14203 140403104786112 "GET /media/videos/2026/05/12/Qu%C3%A9_es_Programar_y_para_qu%C3%A9_sirve__JI0NXhn.mp4 HTTP/1.1" 200 19956166
INFO 2026-05-12 07:18:33,119 log 14203 140403245315776 "OPTIONS /api/v1/courses/videos/3/status/ HTTP/1.1" 200 0
INFO 2026-05-12 07:18:33,195 log 14203 140403245315776 "GET /api/v1/courses/videos/3/status/ HTTP/1.1" 200 259
INFO 2026-05-12 07:18:35,250 basehttp 14203 140403104786112 - Broken pipe from ('127.0.0.1', 48086)
INFO 2026-05-12 07:18:36,645 log 14203 140403245315776 "GET /api/v1/courses/catalog/python-desde-cero/ HTTP/1.1" 200 639
INFO 2026-05-12 07:18:36,808 log 14203 140403245315776 "GET /api/v1/courses/lessons/4/video/ HTTP/1.1" 200 619
INFO 2026-05-12 07:18:39,943 log 14203 140403245315776 "GET /api/v1/courses/videos/3/status/ HTTP/1.1" 200 259
INFO 2026-05-12 07:18:43,032 log 14203 140403245315776 "GET /api/v1/courses/videos/3/status/ HTTP/1.1" 200 259
INFO 2026-05-12 07:18:46,070 log 14203 140403245315776 "GET /api/v1/courses/videos/3/status/ HTTP/1.1" 200 259
INFO 2026-05-12 07:18:49,081 log 14203 140403245315776 "GET /api/v1/courses/videos/3/status/ HTTP/1.1" 200 259
INFO 2026-05-12 07:18:52,108 log 14203 140403245315776 "GET /api/v1/courses/videos/3/status/ HTTP/1.1" 200 259
INFO 2026-05-12 07:18:55,089 log 14203 140403245315776 "GET /api/v1/courses/videos/3/status/ HTTP/1.1" 200 277
INFO 2026-05-12 07:18:55,156 log 14203 140403245315776 "GET /api/v1/courses/lessons/4/video/ HTTP/1.1" 200 9621
INFO 2026-05-12 07:19:43,524 log 14203 140403245315776 "OPTIONS /api/v1/courses/admin/lessons/4/ HTTP/1.1" 200 0
INFO 2026-05-12 07:19:43,666 log 14203 140403245315776 "DELETE /api/v1/courses/admin/lessons/4/ HTTP/1.1" 204 0
INFO 2026-05-12 07:19:43,766 log 14203 140403245315776 "GET /api/v1/courses/admin/sections/1/lessons/ HTTP/1.1" 200 2
INFO 2026-05-12 07:20:00,468 log 14203 140403245315776 "POST /api/v1/courses/admin/sections/1/lessons/ HTTP/1.1" 201 179
INFO 2026-05-12 07:20:00,499 log 14203 140403245315776 "OPTIONS /api/v1/courses/admin/lessons/5/upload-video/ HTTP/1.1" 200 0
INFO 2026-05-12 07:20:00,773 log 14203 140403245315776 "POST /api/v1/courses/admin/lessons/5/upload-video/ HTTP/1.1" 201 662
INFO 2026-05-12 07:20:00,870 log 14203 140403245315776 "GET /api/v1/courses/admin/sections/1/lessons/ HTTP/1.1" 200 181
INFO 2026-05-12 07:20:16,856 log 14203 140403245315776 "GET /api/v1/auth/profile/ HTTP/1.1" 200 218
INFO 2026-05-12 07:20:17,244 log 14203 140403245315776 "GET /api/v1/auth/profile/ HTTP/1.1" 200 218
INFO 2026-05-12 07:20:17,299 log 14203 140403135207104 "GET /api/v1/auth/notifications/ HTTP/1.1" 200 252
INFO 2026-05-12 07:20:17,358 log 14203 140403096393408 "GET /api/v1/courses/catalog/ HTTP/1.1" 200 631
INFO 2026-05-12 07:20:17,504 log 14203 140403151992512 "GET /media/courses/thumbnails/ChatGPT_Image_18_abr_2026_12_07_38_a_yN0we2L.m..png HTTP/1.1" 304 0
WARNING 2026-05-12 07:20:17,508 log 14203 140403235874496 Not Found: /media/https:/example.com/django.png
WARNING 2026-05-12 07:20:17,512 log 14203 140403235874496 "GET /media/https%3A/example.com/django.png HTTP/1.1" 404 4272
INFO 2026-05-12 07:20:18,729 log 14203 140403245315776 "GET /api/v1/courses/catalog/python-desde-cero/ HTTP/1.1" 200 641
INFO 2026-05-12 07:20:18,803 log 14203 140403245315776 "OPTIONS /api/v1/courses/lessons/5/video/ HTTP/1.1" 200 0
INFO 2026-05-12 07:20:18,933 log 14203 140403245315776 "GET /api/v1/courses/lessons/5/video/ HTTP/1.1" 200 619
INFO 2026-05-12 07:20:22,081 log 14203 140403245315776 "OPTIONS /api/v1/courses/videos/4/status/ HTTP/1.1" 200 0
INFO 2026-05-12 07:20:22,132 log 14203 140403245315776 "GET /api/v1/courses/videos/4/status/ HTTP/1.1" 200 259
INFO 2026-05-12 07:20:25,017 log 14203 140403245315776 "GET /api/v1/courses/videos/4/status/ HTTP/1.1" 200 259
INFO 2026-05-12 07:20:28,041 log 14203 140403245315776 "GET /api/v1/courses/videos/4/status/ HTTP/1.1" 200 259
INFO 2026-05-12 07:20:31,042 log 14203 140403245315776 "GET /api/v1/courses/videos/4/status/ HTTP/1.1" 200 259
INFO 2026-05-12 07:20:34,100 log 14203 140403245315776 "GET /api/v1/courses/videos/4/status/ HTTP/1.1" 200 259
INFO 2026-05-12 07:20:37,082 log 14203 140403245315776 "GET /api/v1/courses/videos/4/status/ HTTP/1.1" 200 259
INFO 2026-05-12 07:20:40,092 log 14203 140403245315776 "GET /api/v1/courses/videos/4/status/ HTTP/1.1" 200 259
INFO 2026-05-12 07:20:43,084 log 14203 140403245315776 "GET /api/v1/courses/videos/4/status/ HTTP/1.1" 200 259
INFO 2026-05-12 07:20:46,088 log 14203 140403245315776 "GET /api/v1/courses/videos/4/status/ HTTP/1.1" 200 268
INFO 2026-05-12 07:20:49,081 log 14203 140403245315776 "GET /api/v1/courses/videos/4/status/ HTTP/1.1" 200 268
INFO 2026-05-12 07:20:52,076 log 14203 140403245315776 "GET /api/v1/courses/videos/4/status/ HTTP/1.1" 200 268
INFO 2026-05-12 07:20:55,087 log 14203 140403245315776 "GET /api/v1/courses/videos/4/status/ HTTP/1.1" 200 268
INFO 2026-05-12 07:20:58,086 log 14203 140403245315776 "GET /api/v1/courses/videos/4/status/ HTTP/1.1" 200 268
INFO 2026-05-12 07:21:00,835 log 14203 140403245315776 "GET /api/v1/courses/catalog/python-desde-cero/ HTTP/1.1" 200 641
INFO 2026-05-12 07:21:00,911 log 14203 140403245315776 "GET /api/v1/courses/lessons/5/video/ HTTP/1.1" 200 4593
INFO 2026-05-12 07:21:04,033 log 14203 140403245315776 "GET /api/v1/courses/videos/4/status/ HTTP/1.1" 200 277
INFO 2026-05-12 07:21:04,101 log 14203 140403245315776 "GET /api/v1/courses/lessons/5/video/ HTTP/1.1" 200 11967
INFO 2026-05-12 07:22:46,748 log 14203 140403245315776 "OPTIONS /api/v1/ai/chatbot/ HTTP/1.1" 200 0
INFO 2026-05-12 07:22:46,992 log 14203 140403245315776 "POST /api/v1/ai/chatbot/ HTTP/1.1" 200 74
INFO 2026-05-12 07:23:55,428 log 14203 140403245315776 "OPTIONS /api/v1/learning/lessons/5/complete/ HTTP/1.1" 200 0
INFO 2026-05-12 07:23:55,610 log 14203 140403245315776 "POST /api/v1/learning/lessons/5/complete/ HTTP/1.1" 200 46
INFO 2026-05-12 07:23:55,728 log 14203 140403245315776 "GET /api/v1/courses/catalog/python-desde-cero/ HTTP/1.1" 200 642
INFO 2026-05-12 07:23:55,836 log 14203 140403245315776 "GET /api/v1/courses/lessons/5/video/ HTTP/1.1" 200 11967
INFO 2026-05-12 07:24:06,579 log 14203 140403245315776 "GET /api/v1/courses/lessons/5/video/ HTTP/1.1" 200 11967
INFO 2026-05-12 07:24:46,149 log 14203 140403245315776 "POST /api/v1/ai/chatbot/ HTTP/1.1" 200 74
